year,month,month_num,position,canonical_points,show,source_raw_points,source_file,source_sheet,source_row,source_col,extraction_method
1998,1998-01,1,1,25,WWF Raw,25.0,yearendMASTER-chartcalcs.ods,1998yearend,59,5,inverse_points_preserve_position
1998,1998-01,1,2,24,WCW Thunder,24.0,yearendMASTER-chartcalcs.ods,1998yearend,55,5,inverse_points_preserve_position
1998,1998-01,1,3,23,In Living Color,23.0,yearendMASTER-chartcalcs.ods,1998yearend,29,5,inverse_points_preserve_position
1998,1998-01,1,4,22,Jungle Cubs,22.0,yearendMASTER-chartcalcs.ods,1998yearend,30,5,inverse_points_preserve_position
1998,1998-01,1,5,21,WCW Monday Nitro,21.0,yearendMASTER-chartcalcs.ods,1998yearend,53,5,inverse_points_preserve_position
1998,1998-01,1,6,20,Space Ghost: Coast to Coast,20.0,yearendMASTER-chartcalcs.ods,1998yearend,45,5,inverse_points_preserve_position
1998,1998-01,1,7,19,Bear in the Big Blue House,19.0,yearendMASTER-chartcalcs.ods,1998yearend,14,5,inverse_points_preserve_position
1998,1998-01,1,8,18,The Angry Beavers,18.0,yearendMASTER-chartcalcs.ods,1998yearend,47,5,inverse_points_preserve_position
1998,1998-01,1,9,17,All Dogs Go to Heaven: The Series,17.0,yearendMASTER-chartcalcs.ods,1998yearend,8,5,inverse_points_preserve_position
1998,1998-01,1,10,16,Beavis & Butthead,16.0,yearendMASTER-chartcalcs.ods,1998yearend,15,5,inverse_points_preserve_position
1998,1998-01,1,11,15,Babar,15.0,yearendMASTER-chartcalcs.ods,1998yearend,11,5,inverse_points_preserve_position
1998,1998-01,1,12,14,101 Dalmations: The Series,14.0,yearendMASTER-chartcalcs.ods,1998yearend,7,5,inverse_points_preserve_position
1998,1998-01,1,13,13,Cartoon Planet,13.0,yearendMASTER-chartcalcs.ods,1998yearend,21,5,inverse_points_preserve_position
1998,1998-01,1,14,12,Beakman's World,12.0,yearendMASTER-chartcalcs.ods,1998yearend,13,5,inverse_points_preserve_position
1998,1998-01,1,15,11,Blue's Clues,11.0,yearendMASTER-chartcalcs.ods,1998yearend,17,5,inverse_points_preserve_position
1998,1998-01,1,16,10,Sailor Moon,10.0,yearendMASTER-chartcalcs.ods,1998yearend,43,5,inverse_points_preserve_position
1998,1998-01,1,17,9,C-Bear and Jamal,9.0,yearendMASTER-chartcalcs.ods,1998yearend,19,5,inverse_points_preserve_position
1998,1998-01,1,18,8,WCW Saturday Night,8.0,yearendMASTER-chartcalcs.ods,1998yearend,54,5,inverse_points_preserve_position
1998,1998-01,1,19,7,Hey! Arnold,7.0,yearendMASTER-chartcalcs.ods,1998yearend,28,5,inverse_points_preserve_position
1998,1998-01,1,20,6,Muppet Babies,6.0,yearendMASTER-chartcalcs.ods,1998yearend,35,5,inverse_points_preserve_position
1998,1998-01,1,21,5,Bill Nye the Science Guy,5.0,yearendMASTER-chartcalcs.ods,1998yearend,16,5,inverse_points_preserve_position
1998,1998-01,1,22,4,Sam & Max: Freelance Police,4.0,yearendMASTER-chartcalcs.ods,1998yearend,44,5,inverse_points_preserve_position
1998,1998-01,1,23,3,All That,3.0,yearendMASTER-chartcalcs.ods,1998yearend,9,5,inverse_points_preserve_position
1998,1998-01,1,24,2,Rocko's Modern Life,2.0,yearendMASTER-chartcalcs.ods,1998yearend,40,5,inverse_points_preserve_position
1998,1998-02,2,1,25,Babar,25.0,yearendMASTER-chartcalcs.ods,1998yearend,11,6,inverse_points_preserve_position
1998,1998-02,2,2,24,Jungle Cubs,24.0,yearendMASTER-chartcalcs.ods,1998yearend,30,6,inverse_points_preserve_position
1998,1998-02,2,3,23,WCW Thunder,23.0,yearendMASTER-chartcalcs.ods,1998yearend,55,6,inverse_points_preserve_position
1998,1998-02,2,4,22,WWF Raw,22.0,yearendMASTER-chartcalcs.ods,1998yearend,59,6,inverse_points_preserve_position
1998,1998-02,2,5,21,WCW Monday Nitro,21.0,yearendMASTER-chartcalcs.ods,1998yearend,53,6,inverse_points_preserve_position
1998,1998-02,2,6,20,Bear in the Big Blue House,20.0,yearendMASTER-chartcalcs.ods,1998yearend,14,6,inverse_points_preserve_position
1998,1998-02,2,7,19,Space Ghost: Coast to Coast,19.0,yearendMASTER-chartcalcs.ods,1998yearend,45,6,inverse_points_preserve_position
1998,1998-02,2,8,18,The Simpsons,18.0,yearendMASTER-chartcalcs.ods,1998yearend,51,6,inverse_points_preserve_position
1998,1998-02,2,9,17,Bill Nye the Science Guy,17.0,yearendMASTER-chartcalcs.ods,1998yearend,16,6,inverse_points_preserve_position
1998,1998-02,2,10,16,Cartoon Planet,16.0,yearendMASTER-chartcalcs.ods,1998yearend,21,6,inverse_points_preserve_position
1998,1998-02,2,11,15,The Angry Beavers,15.0,yearendMASTER-chartcalcs.ods,1998yearend,47,6,inverse_points_preserve_position
1998,1998-02,2,12,14,101 Dalmations: The Series,14.0,yearendMASTER-chartcalcs.ods,1998yearend,7,6,inverse_points_preserve_position
1998,1998-02,2,13,13,Muppet Babies,13.0,yearendMASTER-chartcalcs.ods,1998yearend,35,6,inverse_points_preserve_position
1998,1998-02,2,14,12,All Dogs Go to Heaven: The Series,12.0,yearendMASTER-chartcalcs.ods,1998yearend,8,6,inverse_points_preserve_position
1998,1998-02,2,15,11,WCW Saturday Night,11.0,yearendMASTER-chartcalcs.ods,1998yearend,54,6,inverse_points_preserve_position
1998,1998-02,2,16,10,Beakman's World,10.0,yearendMASTER-chartcalcs.ods,1998yearend,13,6,inverse_points_preserve_position
1998,1998-02,2,17,9,Beavis & Butthead,9.0,yearendMASTER-chartcalcs.ods,1998yearend,15,6,inverse_points_preserve_position
1998,1998-02,2,18,8,In Living Color,8.0,yearendMASTER-chartcalcs.ods,1998yearend,29,6,inverse_points_preserve_position
1998,1998-02,2,19,7,Blue's Clues,7.0,yearendMASTER-chartcalcs.ods,1998yearend,17,6,inverse_points_preserve_position
1998,1998-02,2,20,6,Rocko's Modern Life,6.0,yearendMASTER-chartcalcs.ods,1998yearend,40,6,inverse_points_preserve_position
1998,1998-02,2,21,5,Sailor Moon,5.0,yearendMASTER-chartcalcs.ods,1998yearend,43,6,inverse_points_preserve_position
1998,1998-02,2,22,4,C-Bear and Jamal,4.0,yearendMASTER-chartcalcs.ods,1998yearend,19,6,inverse_points_preserve_position
1998,1998-02,2,23,3,Hey! Arnold,3.0,yearendMASTER-chartcalcs.ods,1998yearend,28,6,inverse_points_preserve_position
1998,1998-02,2,24,2,Sam & Max: Freelance Police,2.0,yearendMASTER-chartcalcs.ods,1998yearend,44,6,inverse_points_preserve_position
1998,1998-02,2,25,1,All That,1.0,yearendMASTER-chartcalcs.ods,1998yearend,9,6,inverse_points_preserve_position
1998,1998-05,5,1,25,The Country Mouse & City Mouse Adventures,25.0,yearendMASTER-chartcalcs.ods,1998yearend,49,7,inverse_points_preserve_position
1998,1998-05,5,2,24,Babar,24.0,yearendMASTER-chartcalcs.ods,1998yearend,11,7,inverse_points_preserve_position
1998,1998-05,5,3,23,All Dogs Go to Heaven: The Series,23.0,yearendMASTER-chartcalcs.ods,1998yearend,8,7,inverse_points_preserve_position
1998,1998-05,5,4,22,Jungle Cubs,22.0,yearendMASTER-chartcalcs.ods,1998yearend,30,7,inverse_points_preserve_position
1998,1998-05,5,5,21,Cartoon Planet,21.0,yearendMASTER-chartcalcs.ods,1998yearend,21,7,inverse_points_preserve_position
1998,1998-05,5,6,20,PB&J Otter,20.0,yearendMASTER-chartcalcs.ods,1998yearend,38,7,inverse_points_preserve_position
1998,1998-05,5,7,19,Bear in the Big Blue House,19.0,yearendMASTER-chartcalcs.ods,1998yearend,14,7,inverse_points_preserve_position
1998,1998-05,5,8,18,Space Ghost: Coast to Coast,18.0,yearendMASTER-chartcalcs.ods,1998yearend,45,7,inverse_points_preserve_position
1998,1998-05,5,9,17,WCW Monday Nitro,17.0,yearendMASTER-chartcalcs.ods,1998yearend,53,7,inverse_points_preserve_position
1998,1998-05,5,10,16,Sam & Max: Freelance Police,16.0,yearendMASTER-chartcalcs.ods,1998yearend,44,7,inverse_points_preserve_position
1998,1998-05,5,11,15,WWF Raw,15.0,yearendMASTER-chartcalcs.ods,1998yearend,59,7,inverse_points_preserve_position
1998,1998-05,5,12,14,The Wayans Bros.,14.0,yearendMASTER-chartcalcs.ods,1998yearend,52,7,inverse_points_preserve_position
1998,1998-05,5,13,13,Beakman's World,13.0,yearendMASTER-chartcalcs.ods,1998yearend,13,7,inverse_points_preserve_position
1998,1998-05,5,14,12,Bill Nye the Science Guy,12.0,yearendMASTER-chartcalcs.ods,1998yearend,16,7,inverse_points_preserve_position
1998,1998-05,5,15,11,Captain Kangaroo,11.0,yearendMASTER-chartcalcs.ods,1998yearend,20,7,inverse_points_preserve_position
1998,1998-05,5,16,10,C-Bear and Jamal,10.0,yearendMASTER-chartcalcs.ods,1998yearend,19,7,inverse_points_preserve_position
1998,1998-05,5,17,9,WCW Thunder,9.0,yearendMASTER-chartcalcs.ods,1998yearend,55,7,inverse_points_preserve_position
1998,1998-05,5,18,8,Road Rovers,8.0,yearendMASTER-chartcalcs.ods,1998yearend,39,7,inverse_points_preserve_position
1998,1998-05,5,19,7,The Charlie Brown & Snoopy Show,7.0,yearendMASTER-chartcalcs.ods,1998yearend,48,7,inverse_points_preserve_position
1998,1998-05,5,20,6,Dino Babies,6.0,yearendMASTER-chartcalcs.ods,1998yearend,23,7,inverse_points_preserve_position
1998,1998-05,5,21,5,Blue's Clues,5.0,yearendMASTER-chartcalcs.ods,1998yearend,17,7,inverse_points_preserve_position
1998,1998-05,5,22,4,Wimzie's House,4.0,yearendMASTER-chartcalcs.ods,1998yearend,57,7,inverse_points_preserve_position
1998,1998-05,5,23,3,All That,3.0,yearendMASTER-chartcalcs.ods,1998yearend,9,7,inverse_points_preserve_position
1998,1998-05,5,24,2,Wheel of Fortune 2000,2.0,yearendMASTER-chartcalcs.ods,1998yearend,56,7,inverse_points_preserve_position
1998,1998-05,5,25,1,Sailor Moon,1.0,yearendMASTER-chartcalcs.ods,1998yearend,43,7,inverse_points_preserve_position
1998,1998-06,6,1,25,All Dogs Go to Heaven: The Series,25.0,yearendMASTER-chartcalcs.ods,1998yearend,8,8,inverse_points_preserve_position
1998,1998-06,6,2,24,WCW Monday Nitro,24.0,yearendMASTER-chartcalcs.ods,1998yearend,53,8,inverse_points_preserve_position
1998,1998-06,6,3,23,The Country Mouse & City Mouse Adventures,23.0,yearendMASTER-chartcalcs.ods,1998yearend,49,8,inverse_points_preserve_position
1998,1998-06,6,4,22,Babar,22.0,yearendMASTER-chartcalcs.ods,1998yearend,11,8,inverse_points_preserve_position
1998,1998-06,6,5,21,X-Men,21.0,yearendMASTER-chartcalcs.ods,1998yearend,64,8,inverse_points_preserve_position
1998,1998-06,6,6,20,Bear in the Big Blue House,20.0,yearendMASTER-chartcalcs.ods,1998yearend,14,8,inverse_points_preserve_position
1998,1998-06,6,7,19,Street Fighter,19.0,yearendMASTER-chartcalcs.ods,1998yearend,46,8,inverse_points_preserve_position
1998,1998-06,6,8,18,Dino Babies,18.0,yearendMASTER-chartcalcs.ods,1998yearend,23,8,inverse_points_preserve_position
1998,1998-06,6,9,17,Ninja Turtles: The Next Mutation,17.0,yearendMASTER-chartcalcs.ods,1998yearend,37,8,inverse_points_preserve_position
1998,1998-06,6,10,16,PB&J Otter,16.0,yearendMASTER-chartcalcs.ods,1998yearend,38,8,inverse_points_preserve_position
1998,1998-06,6,11,15,Cartoon Planet,15.0,yearendMASTER-chartcalcs.ods,1998yearend,21,8,inverse_points_preserve_position
1998,1998-06,6,12,14,Celebrity Death Match,14.0,yearendMASTER-chartcalcs.ods,1998yearend,22,8,inverse_points_preserve_position
1998,1998-06,6,13,13,Space Ghost: Coast to Coast,13.0,yearendMASTER-chartcalcs.ods,1998yearend,45,8,inverse_points_preserve_position
1998,1998-06,6,14,12,Sam & Max: Freelance Police,12.0,yearendMASTER-chartcalcs.ods,1998yearend,44,8,inverse_points_preserve_position
1998,1998-06,6,15,11,WWF Raw,11.0,yearendMASTER-chartcalcs.ods,1998yearend,59,8,inverse_points_preserve_position
1998,1998-06,6,16,10,Sailor Moon,10.0,yearendMASTER-chartcalcs.ods,1998yearend,43,8,inverse_points_preserve_position
1998,1998-06,6,17,9,My Brother and Me,9.0,yearendMASTER-chartcalcs.ods,1998yearend,36,8,inverse_points_preserve_position
1998,1998-06,6,18,8,Beavis & Butthead,8.0,yearendMASTER-chartcalcs.ods,1998yearend,15,8,inverse_points_preserve_position
1998,1998-06,6,19,7,Jungle Cubs,7.0,yearendMASTER-chartcalcs.ods,1998yearend,30,8,inverse_points_preserve_position
1998,1998-06,6,20,6,Beakman's World,6.0,yearendMASTER-chartcalcs.ods,1998yearend,13,8,inverse_points_preserve_position
1998,1998-06,6,21,5,Road Rovers,5.0,yearendMASTER-chartcalcs.ods,1998yearend,39,8,inverse_points_preserve_position
1998,1998-06,6,22,4,Captain Kangaroo,4.0,yearendMASTER-chartcalcs.ods,1998yearend,20,8,inverse_points_preserve_position
1998,1998-06,6,23,3,Rugrats,3.0,yearendMASTER-chartcalcs.ods,1998yearend,42,8,inverse_points_preserve_position
1998,1998-06,6,24,2,Bill Nye the Science Guy,2.0,yearendMASTER-chartcalcs.ods,1998yearend,16,8,inverse_points_preserve_position
1998,1998-06,6,25,1,Mortal Kombat: Defenders of the Realm,1.0,yearendMASTER-chartcalcs.ods,1998yearend,34,8,inverse_points_preserve_position
1998,1998-07,7,1,25,All Dogs Go to Heaven: The Series,25.0,yearendMASTER-chartcalcs.ods,1998yearend,8,9,inverse_points_preserve_position
1998,1998-07,7,2,24,Babar,24.0,yearendMASTER-chartcalcs.ods,1998yearend,11,9,inverse_points_preserve_position
1998,1998-07,7,3,23,The Country Mouse & City Mouse Adventures,23.0,yearendMASTER-chartcalcs.ods,1998yearend,49,9,inverse_points_preserve_position
1998,1998-07,7,4,22,Rocko's Modern Life,22.0,yearendMASTER-chartcalcs.ods,1998yearend,40,9,inverse_points_preserve_position
1998,1998-07,7,5,21,The Angry Beavers,21.0,yearendMASTER-chartcalcs.ods,1998yearend,47,9,inverse_points_preserve_position
1998,1998-07,7,6,20,PB&J Otter,20.0,yearendMASTER-chartcalcs.ods,1998yearend,38,9,inverse_points_preserve_position
1998,1998-07,7,7,19,WWF Raw,19.0,yearendMASTER-chartcalcs.ods,1998yearend,59,9,inverse_points_preserve_position
1998,1998-07,7,8,18,101 Dalmations: The Series,18.0,yearendMASTER-chartcalcs.ods,1998yearend,7,9,inverse_points_preserve_position
1998,1998-07,7,9,17,Muppet Babies,17.0,yearendMASTER-chartcalcs.ods,1998yearend,35,9,inverse_points_preserve_position
1998,1998-07,7,10,16,Bear in the Big Blue House,16.0,yearendMASTER-chartcalcs.ods,1998yearend,14,9,inverse_points_preserve_position
1998,1998-07,7,11,15,Blue's Clues,15.0,yearendMASTER-chartcalcs.ods,1998yearend,17,9,inverse_points_preserve_position
1998,1998-07,7,12,14,Space Ghost: Coast to Coast,14.0,yearendMASTER-chartcalcs.ods,1998yearend,45,9,inverse_points_preserve_position
1998,1998-07,7,13,13,Jungle Cubs,13.0,yearendMASTER-chartcalcs.ods,1998yearend,30,9,inverse_points_preserve_position
1998,1998-07,7,14,12,Celebrity Death Match,12.0,yearendMASTER-chartcalcs.ods,1998yearend,22,9,inverse_points_preserve_position
1998,1998-07,7,15,11,Bill Nye the Science Guy,11.0,yearendMASTER-chartcalcs.ods,1998yearend,16,9,inverse_points_preserve_position
1998,1998-07,7,16,10,Rugrats,10.0,yearendMASTER-chartcalcs.ods,1998yearend,42,9,inverse_points_preserve_position
1998,1998-07,7,17,9,Beakman's World,9.0,yearendMASTER-chartcalcs.ods,1998yearend,13,9,inverse_points_preserve_position
1998,1998-07,7,18,8,Dino Babies,8.0,yearendMASTER-chartcalcs.ods,1998yearend,23,9,inverse_points_preserve_position
1998,1998-07,7,19,7,WCW Thunder,7.0,yearendMASTER-chartcalcs.ods,1998yearend,55,9,inverse_points_preserve_position
1998,1998-07,7,20,6,WCW Monday Nitro,6.0,yearendMASTER-chartcalcs.ods,1998yearend,53,9,inverse_points_preserve_position
1998,1998-07,7,21,5,Street Fighter,5.0,yearendMASTER-chartcalcs.ods,1998yearend,46,9,inverse_points_preserve_position
1998,1998-07,7,22,4,Sailor Moon,4.0,yearendMASTER-chartcalcs.ods,1998yearend,43,9,inverse_points_preserve_position
1998,1998-07,7,23,3,Mortal Kombat: Defenders of the Realm,3.0,yearendMASTER-chartcalcs.ods,1998yearend,34,9,inverse_points_preserve_position
1998,1998-07,7,24,2,Cartoon Planet,2.0,yearendMASTER-chartcalcs.ods,1998yearend,21,9,inverse_points_preserve_position
1998,1998-07,7,25,1,Wheel of Fortune 2000,1.0,yearendMASTER-chartcalcs.ods,1998yearend,56,9,inverse_points_preserve_position
1998,1998-08,8,1,25,Jungle Cubs,25.0,yearendMASTER-chartcalcs.ods,1998yearend,30,10,inverse_points_preserve_position
1998,1998-08,8,2,24,Babar,24.0,yearendMASTER-chartcalcs.ods,1998yearend,11,10,inverse_points_preserve_position
1998,1998-08,8,3,23,The Country Mouse & City Mouse Adventures,23.0,yearendMASTER-chartcalcs.ods,1998yearend,49,10,inverse_points_preserve_position
1998,1998-08,8,4,22,PB&J Otter,22.0,yearendMASTER-chartcalcs.ods,1998yearend,38,10,inverse_points_preserve_position
1998,1998-08,8,5,21,WWF Raw,21.0,yearendMASTER-chartcalcs.ods,1998yearend,59,10,inverse_points_preserve_position
1998,1998-08,8,6,20,All Dogs Go to Heaven: The Series,20.0,yearendMASTER-chartcalcs.ods,1998yearend,8,10,inverse_points_preserve_position
1998,1998-08,8,7,19,WCW Monday Nitro,19.0,yearendMASTER-chartcalcs.ods,1998yearend,53,10,inverse_points_preserve_position
1998,1998-08,8,8,18,Celebrity Death Match,18.0,yearendMASTER-chartcalcs.ods,1998yearend,22,10,inverse_points_preserve_position
1998,1998-08,8,9,17,Bear in the Big Blue House,17.0,yearendMASTER-chartcalcs.ods,1998yearend,14,10,inverse_points_preserve_position
1998,1998-08,8,10,16,Space Ghost: Coast to Coast,16.0,yearendMASTER-chartcalcs.ods,1998yearend,45,10,inverse_points_preserve_position
1998,1998-08,8,11,15,Bill Nye the Science Guy,15.0,yearendMASTER-chartcalcs.ods,1998yearend,16,10,inverse_points_preserve_position
1998,1998-08,8,12,14,Dino Babies,14.0,yearendMASTER-chartcalcs.ods,1998yearend,23,10,inverse_points_preserve_position
1998,1998-08,8,13,13,Cartoon Planet,13.0,yearendMASTER-chartcalcs.ods,1998yearend,21,10,inverse_points_preserve_position
1998,1998-08,8,14,12,Beakman's World,12.0,yearendMASTER-chartcalcs.ods,1998yearend,13,10,inverse_points_preserve_position
1998,1998-08,8,15,11,Sailor Moon,11.0,yearendMASTER-chartcalcs.ods,1998yearend,43,10,inverse_points_preserve_position
1998,1998-08,8,16,10,King of the Hill,10.0,yearendMASTER-chartcalcs.ods,1998yearend,31,10,inverse_points_preserve_position
1998,1998-08,8,17,9,WCW Thunder,9.0,yearendMASTER-chartcalcs.ods,1998yearend,55,10,inverse_points_preserve_position
1998,1998-08,8,18,8,Bobcat's Big Ass Show,8.0,yearendMASTER-chartcalcs.ods,1998yearend,18,10,inverse_points_preserve_position
1998,1998-08,8,19,7,Rugrats,7.0,yearendMASTER-chartcalcs.ods,1998yearend,42,10,inverse_points_preserve_position
1998,1998-08,8,20,6,Rocko's Modern Life,6.0,yearendMASTER-chartcalcs.ods,1998yearend,40,10,inverse_points_preserve_position
1998,1998-08,8,21,5,Sam & Max: Freelance Police,5.0,yearendMASTER-chartcalcs.ods,1998yearend,44,10,inverse_points_preserve_position
1998,1998-08,8,22,4,Mortal Kombat: Defenders of the Realm,4.0,yearendMASTER-chartcalcs.ods,1998yearend,34,10,inverse_points_preserve_position
1998,1998-08,8,23,3,Wheel of Fortune 2000,3.0,yearendMASTER-chartcalcs.ods,1998yearend,56,10,inverse_points_preserve_position
1998,1998-08,8,24,2,WWF Live Wire,2.0,yearendMASTER-chartcalcs.ods,1998yearend,58,10,inverse_points_preserve_position
1998,1998-08,8,25,1,Blue's Clues,1.0,yearendMASTER-chartcalcs.ods,1998yearend,17,10,inverse_points_preserve_position
1998,1998-09,9,1,25,Jungle Cubs,25.0,yearendMASTER-chartcalcs.ods,1998yearend,30,11,inverse_points_preserve_position
1998,1998-09,9,2,24,All Dogs Go to Heaven: The Series,24.0,yearendMASTER-chartcalcs.ods,1998yearend,8,11,inverse_points_preserve_position
1998,1998-09,9,3,23,The Country Mouse & City Mouse Adventures,23.0,yearendMASTER-chartcalcs.ods,1998yearend,49,11,inverse_points_preserve_position
1998,1998-09,9,4,22,Celebrity Death Match,22.0,yearendMASTER-chartcalcs.ods,1998yearend,22,11,inverse_points_preserve_position
1998,1998-09,9,5,21,PB&J Otter,21.0,yearendMASTER-chartcalcs.ods,1998yearend,38,11,inverse_points_preserve_position
1998,1998-09,9,6,20,WWF Raw,20.0,yearendMASTER-chartcalcs.ods,1998yearend,59,11,inverse_points_preserve_position
1998,1998-09,9,7,19,Dino Babies,19.0,yearendMASTER-chartcalcs.ods,1998yearend,23,11,inverse_points_preserve_position
1998,1998-09,9,8,18,Bear in the Big Blue House,18.0,yearendMASTER-chartcalcs.ods,1998yearend,14,11,inverse_points_preserve_position
1998,1998-09,9,9,17,Bad Dog,17.0,yearendMASTER-chartcalcs.ods,1998yearend,12,11,inverse_points_preserve_position
1998,1998-09,9,10,16,Space Ghost: Coast to Coast,16.0,yearendMASTER-chartcalcs.ods,1998yearend,45,11,inverse_points_preserve_position
1998,1998-09,9,11,15,Sam & Max: Freelance Police,15.0,yearendMASTER-chartcalcs.ods,1998yearend,44,11,inverse_points_preserve_position
1998,1998-09,9,12,14,Captain Kangaroo,14.0,yearendMASTER-chartcalcs.ods,1998yearend,20,11,inverse_points_preserve_position
1998,1998-09,9,13,13,WCW Monday Nitro,13.0,yearendMASTER-chartcalcs.ods,1998yearend,53,11,inverse_points_preserve_position
1998,1998-09,9,14,12,Blue's Clues,12.0,yearendMASTER-chartcalcs.ods,1998yearend,17,11,inverse_points_preserve_position
1998,1998-09,9,15,11,Cartoon Planet,11.0,yearendMASTER-chartcalcs.ods,1998yearend,21,11,inverse_points_preserve_position
1998,1998-09,9,16,10,Babar,10.0,yearendMASTER-chartcalcs.ods,1998yearend,11,11,inverse_points_preserve_position
1998,1998-09,9,17,9,101 Dalmations: The Series,9.0,yearendMASTER-chartcalcs.ods,1998yearend,7,11,inverse_points_preserve_position
1998,1998-09,9,18,8,Rugrats,8.0,yearendMASTER-chartcalcs.ods,1998yearend,42,11,inverse_points_preserve_position
1998,1998-09,9,19,7,WWF Sunday Night Heat,7.0,yearendMASTER-chartcalcs.ods,1998yearend,61,11,inverse_points_preserve_position
1998,1998-09,9,20,6,WWF Live Wire,6.0,yearendMASTER-chartcalcs.ods,1998yearend,58,11,inverse_points_preserve_position
1998,1998-09,9,21,5,WCW Thunder,5.0,yearendMASTER-chartcalcs.ods,1998yearend,55,11,inverse_points_preserve_position
1998,1998-09,9,22,4,Eek!Stravaganza,4.0,yearendMASTER-chartcalcs.ods,1998yearend,25,11,inverse_points_preserve_position
1998,1998-09,9,23,3,Beakman's World,3.0,yearendMASTER-chartcalcs.ods,1998yearend,13,11,inverse_points_preserve_position
1998,1998-09,9,24,2,Bobcat's Big Ass Show,2.0,yearendMASTER-chartcalcs.ods,1998yearend,18,11,inverse_points_preserve_position
1998,1998-09,9,25,1,Bill Nye the Science Guy,1.0,yearendMASTER-chartcalcs.ods,1998yearend,16,11,inverse_points_preserve_position
1998,1998-10,10,1,25,Celebrity Death Match,25.0,yearendMASTER-chartcalcs.ods,1998yearend,22,12,inverse_points_preserve_position
1998,1998-10,10,2,24,All Dogs Go to Heaven: The Series,24.0,yearendMASTER-chartcalcs.ods,1998yearend,8,12,inverse_points_preserve_position
1998,1998-10,10,3,23,PB&J Otter,23.0,yearendMASTER-chartcalcs.ods,1998yearend,38,12,inverse_points_preserve_position
1998,1998-10,10,4,22,The Angry Beavers,22.0,yearendMASTER-chartcalcs.ods,1998yearend,47,12,inverse_points_preserve_position
1998,1998-10,10,5,21,WWF Raw,21.0,yearendMASTER-chartcalcs.ods,1998yearend,59,12,inverse_points_preserve_position
1998,1998-10,10,6,20,Rocko's Modern Life,20.0,yearendMASTER-chartcalcs.ods,1998yearend,40,12,inverse_points_preserve_position
1998,1998-10,10,7,19,Jungle Cubs,19.0,yearendMASTER-chartcalcs.ods,1998yearend,30,12,inverse_points_preserve_position
1998,1998-10,10,8,18,Sam & Max: Freelance Police,18.0,yearendMASTER-chartcalcs.ods,1998yearend,44,12,inverse_points_preserve_position
1998,1998-10,10,9,17,WCW Monday Nitro,17.0,yearendMASTER-chartcalcs.ods,1998yearend,53,12,inverse_points_preserve_position
1998,1998-10,10,10,16,Cartoon Planet,16.0,yearendMASTER-chartcalcs.ods,1998yearend,21,12,inverse_points_preserve_position
1998,1998-10,10,11,15,Donkey Kong Country,15.0,yearendMASTER-chartcalcs.ods,1998yearend,24,12,inverse_points_preserve_position
1998,1998-10,10,12,14,Space Ghost: Coast to Coast,14.0,yearendMASTER-chartcalcs.ods,1998yearend,45,12,inverse_points_preserve_position
1998,1998-10,10,13,13,101 Dalmations: The Series,13.0,yearendMASTER-chartcalcs.ods,1998yearend,7,12,inverse_points_preserve_position
1998,1998-10,10,14,12,Bear in the Big Blue House,12.0,yearendMASTER-chartcalcs.ods,1998yearend,14,12,inverse_points_preserve_position
1998,1998-10,10,15,11,WWF Sunday Night Heat,11.0,yearendMASTER-chartcalcs.ods,1998yearend,61,12,inverse_points_preserve_position
1998,1998-10,10,16,10,WCW Saturday Night,10.0,yearendMASTER-chartcalcs.ods,1998yearend,54,12,inverse_points_preserve_position
1998,1998-10,10,17,9,Rugrats,9.0,yearendMASTER-chartcalcs.ods,1998yearend,42,12,inverse_points_preserve_position
1998,1998-10,10,18,8,The Wayans Bros.,8.0,yearendMASTER-chartcalcs.ods,1998yearend,52,12,inverse_points_preserve_position
1998,1998-10,10,19,7,Sailor Moon,7.0,yearendMASTER-chartcalcs.ods,1998yearend,43,12,inverse_points_preserve_position
1998,1998-10,10,20,6,WCW Thunder,6.0,yearendMASTER-chartcalcs.ods,1998yearend,55,12,inverse_points_preserve_position
1998,1998-10,10,21,5,Babar,5.0,yearendMASTER-chartcalcs.ods,1998yearend,11,12,inverse_points_preserve_position
1998,1998-10,10,22,4,The Country Mouse & City Mouse Adventures,4.0,yearendMASTER-chartcalcs.ods,1998yearend,49,12,inverse_points_preserve_position
1998,1998-10,10,23,3,Beavis & Butthead,3.0,yearendMASTER-chartcalcs.ods,1998yearend,15,12,inverse_points_preserve_position
1998,1998-10,10,24,2,Bill Nye the Science Guy,2.0,yearendMASTER-chartcalcs.ods,1998yearend,16,12,inverse_points_preserve_position
1998,1998-10,10,25,1,Family Double Dare,1.0,yearendMASTER-chartcalcs.ods,1998yearend,26,12,inverse_points_preserve_position
1998,1998-11,11,1,25,Celebrity Death Match,25.0,yearendMASTER-chartcalcs.ods,1998yearend,22,13,inverse_points_preserve_position
1998,1998-11,11,2,24,PB&J Otter,24.0,yearendMASTER-chartcalcs.ods,1998yearend,38,13,inverse_points_preserve_position
1998,1998-11,11,3,23,All Dogs Go to Heaven: The Series,23.0,yearendMASTER-chartcalcs.ods,1998yearend,8,13,inverse_points_preserve_position
1998,1998-11,11,4,22,Jungle Cubs,22.0,yearendMASTER-chartcalcs.ods,1998yearend,30,13,inverse_points_preserve_position
1998,1998-11,11,5,21,Franklin,21.0,yearendMASTER-chartcalcs.ods,1998yearend,27,13,inverse_points_preserve_position
1998,1998-11,11,6,20,WWF Sunday Night Heat,20.0,yearendMASTER-chartcalcs.ods,1998yearend,61,13,inverse_points_preserve_position
1998,1998-11,11,7,19,WCW Monday Nitro,19.0,yearendMASTER-chartcalcs.ods,1998yearend,53,13,inverse_points_preserve_position
1998,1998-11,11,8,18,Sam & Max: Freelance Police,18.0,yearendMASTER-chartcalcs.ods,1998yearend,44,13,inverse_points_preserve_position
1998,1998-11,11,9,17,Donkey Kong Country,17.0,yearendMASTER-chartcalcs.ods,1998yearend,24,13,inverse_points_preserve_position
1998,1998-11,11,10,16,WWF War Zone,16.0,yearendMASTER-chartcalcs.ods,1998yearend,63,13,inverse_points_preserve_position
1998,1998-11,11,11,15,Cartoon Planet,15.0,yearendMASTER-chartcalcs.ods,1998yearend,21,13,inverse_points_preserve_position
1998,1998-11,11,12,14,WCW Thunder,14.0,yearendMASTER-chartcalcs.ods,1998yearend,55,13,inverse_points_preserve_position
1998,1998-11,11,13,13,101 Dalmations: The Series,13.0,yearendMASTER-chartcalcs.ods,1998yearend,7,13,inverse_points_preserve_position
1998,1998-11,11,14,12,WWF Raw is War,12.0,yearendMASTER-chartcalcs.ods,1998yearend,60,13,inverse_points_preserve_position
1998,1998-11,11,15,11,Rugrats,11.0,yearendMASTER-chartcalcs.ods,1998yearend,42,13,inverse_points_preserve_position
1998,1998-11,11,16,10,WWF Superstars,10.0,yearendMASTER-chartcalcs.ods,1998yearend,62,13,inverse_points_preserve_position
1998,1998-11,11,17,9,Family Double Dare,9.0,yearendMASTER-chartcalcs.ods,1998yearend,26,13,inverse_points_preserve_position
1998,1998-11,11,18,8,Bill Nye the Science Guy,8.0,yearendMASTER-chartcalcs.ods,1998yearend,16,13,inverse_points_preserve_position
1998,1998-11,11,19,7,The Charlie Brown & Snoopy Show,7.0,yearendMASTER-chartcalcs.ods,1998yearend,48,13,inverse_points_preserve_position
1998,1998-11,11,20,6,WCW Saturday Night,6.0,yearendMASTER-chartcalcs.ods,1998yearend,54,13,inverse_points_preserve_position
1998,1998-11,11,21,5,WWF Live Wire,5.0,yearendMASTER-chartcalcs.ods,1998yearend,58,13,inverse_points_preserve_position
1998,1998-11,11,22,4,Space Ghost: Coast to Coast,4.0,yearendMASTER-chartcalcs.ods,1998yearend,45,13,inverse_points_preserve_position
1998,1998-11,11,23,3,Babar,3.0,yearendMASTER-chartcalcs.ods,1998yearend,11,13,inverse_points_preserve_position
1998,1998-11,11,24,2,Beavis & Butthead,2.0,yearendMASTER-chartcalcs.ods,1998yearend,15,13,inverse_points_preserve_position
1998,1998-11,11,25,1,Bear in the Big Blue House,1.0,yearendMASTER-chartcalcs.ods,1998yearend,14,13,inverse_points_preserve_position
1998,1998-12,12,1,25,PB&J Otter,25.0,yearendMASTER-chartcalcs.ods,1998yearend,38,14,inverse_points_preserve_position
1998,1998-12,12,2,24,Celebrity Death Match,24.0,yearendMASTER-chartcalcs.ods,1998yearend,22,14,inverse_points_preserve_position
1998,1998-12,12,3,23,Jungle Cubs,23.0,yearendMASTER-chartcalcs.ods,1998yearend,30,14,inverse_points_preserve_position
1998,1998-12,12,4,22,Franklin,22.0,yearendMASTER-chartcalcs.ods,1998yearend,27,14,inverse_points_preserve_position
1998,1998-12,12,5,21,All Dogs Go to Heaven: The Series,21.0,yearendMASTER-chartcalcs.ods,1998yearend,8,14,inverse_points_preserve_position
1998,1998-12,12,6,20,WWF Raw,20.0,yearendMASTER-chartcalcs.ods,1998yearend,59,14,inverse_points_preserve_position
1998,1998-12,12,7,19,Donkey Kong Country,19.0,yearendMASTER-chartcalcs.ods,1998yearend,24,14,inverse_points_preserve_position
1998,1998-12,12,8,18,WCW Monday Nitro,18.0,yearendMASTER-chartcalcs.ods,1998yearend,53,14,inverse_points_preserve_position
1998,1998-12,12,9,17,WWF Sunday Night Heat,17.0,yearendMASTER-chartcalcs.ods,1998yearend,61,14,inverse_points_preserve_position
1998,1998-12,12,10,16,The Secret Files of the Spy Dogs,16.0,yearendMASTER-chartcalcs.ods,1998yearend,50,14,inverse_points_preserve_position
1998,1998-12,12,11,15,WCW Thunder,15.0,yearendMASTER-chartcalcs.ods,1998yearend,55,14,inverse_points_preserve_position
1998,1998-12,12,12,14,Muppet Babies,14.0,yearendMASTER-chartcalcs.ods,1998yearend,35,14,inverse_points_preserve_position
1998,1998-12,12,13,13,Bill Nye the Science Guy,13.0,yearendMASTER-chartcalcs.ods,1998yearend,16,14,inverse_points_preserve_position
1998,1998-12,12,14,12,The Charlie Brown & Snoopy Show,12.0,yearendMASTER-chartcalcs.ods,1998yearend,48,14,inverse_points_preserve_position
1998,1998-12,12,15,11,Arthur,11.0,yearendMASTER-chartcalcs.ods,1998yearend,10,14,inverse_points_preserve_position
1998,1998-12,12,16,10,Rolie Polie Olie,10.0,yearendMASTER-chartcalcs.ods,1998yearend,41,14,inverse_points_preserve_position
1998,1998-12,12,17,9,Bear in the Big Blue House,9.0,yearendMASTER-chartcalcs.ods,1998yearend,14,14,inverse_points_preserve_position
1998,1998-12,12,18,8,Sailor Moon,8.0,yearendMASTER-chartcalcs.ods,1998yearend,43,14,inverse_points_preserve_position
1998,1998-12,12,19,7,Monkey Magic,7.0,yearendMASTER-chartcalcs.ods,1998yearend,33,14,inverse_points_preserve_position
1998,1998-12,12,20,6,Little Bear,6.0,yearendMASTER-chartcalcs.ods,1998yearend,32,14,inverse_points_preserve_position
1998,1998-12,12,21,5,Rugrats,5.0,yearendMASTER-chartcalcs.ods,1998yearend,42,14,inverse_points_preserve_position
1998,1998-12,12,22,4,Rocko's Modern Life,4.0,yearendMASTER-chartcalcs.ods,1998yearend,40,14,inverse_points_preserve_position
1998,1998-12,12,23,3,Babar,3.0,yearendMASTER-chartcalcs.ods,1998yearend,11,14,inverse_points_preserve_position
1998,1998-12,12,24,2,Cartoon Planet,2.0,yearendMASTER-chartcalcs.ods,1998yearend,21,14,inverse_points_preserve_position
1998,1998-12,12,25,1,Space Ghost: Coast to Coast,1.0,yearendMASTER-chartcalcs.ods,1998yearend,45,14,inverse_points_preserve_position
1999,1999-01,1,1,25,Franklin,25.0,yearendMASTER-chartcalcs.ods,1999yearend,30,5,inverse_points_preserve_position
1999,1999-01,1,2,24,Celebrity Death Match,24.0,yearendMASTER-chartcalcs.ods,1999yearend,22,5,inverse_points_preserve_position
1999,1999-01,1,3,23,PB&J Otter,23.0,yearendMASTER-chartcalcs.ods,1999yearend,40,5,inverse_points_preserve_position
1999,1999-01,1,4,22,WWF Raw,22.0,yearendMASTER-chartcalcs.ods,1999yearend,69,5,inverse_points_preserve_position
1999,1999-01,1,5,21,WWF Sunday Night Heat,21.0,yearendMASTER-chartcalcs.ods,1999yearend,71,5,inverse_points_preserve_position
1999,1999-01,1,6,20,Donkey Kong Country,20.0,yearendMASTER-chartcalcs.ods,1999yearend,26,5,inverse_points_preserve_position
1999,1999-01,1,7,19,My Brother and Me,19.0,yearendMASTER-chartcalcs.ods,1999yearend,38,5,inverse_points_preserve_position
1999,1999-01,1,8,18,Tiny Toon Adventures,18.0,yearendMASTER-chartcalcs.ods,1999yearend,62,5,inverse_points_preserve_position
1999,1999-01,1,9,17,WCW Saturday Night,17.0,yearendMASTER-chartcalcs.ods,1999yearend,65,5,inverse_points_preserve_position
1999,1999-01,1,10,16,Bill Nye the Science Guy,16.0,yearendMASTER-chartcalcs.ods,1999yearend,16,5,inverse_points_preserve_position
1999,1999-01,1,11,15,WCW Monday Nitro,15.0,yearendMASTER-chartcalcs.ods,1999yearend,64,5,inverse_points_preserve_position
1999,1999-01,1,12,14,Bear in the Big Blue House,14.0,yearendMASTER-chartcalcs.ods,1999yearend,13,5,inverse_points_preserve_position
1999,1999-01,1,13,13,Monster Farm,13.0,yearendMASTER-chartcalcs.ods,1999yearend,37,5,inverse_points_preserve_position
1999,1999-01,1,14,12,Jungle Cubs,12.0,yearendMASTER-chartcalcs.ods,1999yearend,35,5,inverse_points_preserve_position
1999,1999-01,1,15,11,Rolie Polie Olie,11.0,yearendMASTER-chartcalcs.ods,1999yearend,44,5,inverse_points_preserve_position
1999,1999-01,1,16,10,Arthur,10.0,yearendMASTER-chartcalcs.ods,1999yearend,10,5,inverse_points_preserve_position
1999,1999-01,1,17,9,Space Ghost: Coast to Coast,9.0,yearendMASTER-chartcalcs.ods,1999yearend,47,5,inverse_points_preserve_position
1999,1999-01,1,18,8,Sailor Moon,8.0,yearendMASTER-chartcalcs.ods,1999yearend,45,5,inverse_points_preserve_position
1999,1999-01,1,19,7,WCW Thunder,7.0,yearendMASTER-chartcalcs.ods,1999yearend,66,5,inverse_points_preserve_position
1999,1999-01,1,20,6,Beavis & Butthead,6.0,yearendMASTER-chartcalcs.ods,1999yearend,14,5,inverse_points_preserve_position
1999,1999-01,1,21,5,The Secret Files of the Spy Dogs,5.0,yearendMASTER-chartcalcs.ods,1999yearend,58,5,inverse_points_preserve_position
1999,1999-01,1,22,4,Babar,4.0,yearendMASTER-chartcalcs.ods,1999yearend,11,5,inverse_points_preserve_position
1999,1999-01,1,23,3,Birdz,3.0,yearendMASTER-chartcalcs.ods,1999yearend,17,5,inverse_points_preserve_position
1999,1999-01,1,24,2,Monkey Magic,2.0,yearendMASTER-chartcalcs.ods,1999yearend,36,5,inverse_points_preserve_position
1999,1999-01,1,25,1,Cartoon Planet,1.0,yearendMASTER-chartcalcs.ods,1999yearend,20,5,inverse_points_preserve_position
1999,1999-02,2,1,25,Franklin,25.0,yearendMASTER-chartcalcs.ods,1999yearend,30,6,inverse_points_preserve_position
1999,1999-02,2,2,24,Bill Nye the Science Guy,24.0,yearendMASTER-chartcalcs.ods,1999yearend,16,6,inverse_points_preserve_position
1999,1999-02,2,3,23,WWF Raw,23.0,yearendMASTER-chartcalcs.ods,1999yearend,69,6,inverse_points_preserve_position
1999,1999-02,2,4,22,Jungle Cubs,22.0,yearendMASTER-chartcalcs.ods,1999yearend,35,6,inverse_points_preserve_position
1999,1999-02,2,5,21,PB&J Otter,21.0,yearendMASTER-chartcalcs.ods,1999yearend,40,6,inverse_points_preserve_position
1999,1999-02,2,6,20,Donkey Kong Country,20.0,yearendMASTER-chartcalcs.ods,1999yearend,26,6,inverse_points_preserve_position
1999,1999-02,2,7,19,Celebrity Death Match,19.0,yearendMASTER-chartcalcs.ods,1999yearend,22,6,inverse_points_preserve_position
1999,1999-02,2,8,18,The Secret Files of the Spy Dogs,18.0,yearendMASTER-chartcalcs.ods,1999yearend,58,6,inverse_points_preserve_position
1999,1999-02,2,9,17,WCW Monday Nitro,17.0,yearendMASTER-chartcalcs.ods,1999yearend,64,6,inverse_points_preserve_position
1999,1999-02,2,10,16,Tiny Toon Adventures,16.0,yearendMASTER-chartcalcs.ods,1999yearend,62,6,inverse_points_preserve_position
1999,1999-02,2,11,15,WWF Sunday Night Heat,15.0,yearendMASTER-chartcalcs.ods,1999yearend,71,6,inverse_points_preserve_position
1999,1999-02,2,12,14,Birdz,14.0,yearendMASTER-chartcalcs.ods,1999yearend,17,6,inverse_points_preserve_position
1999,1999-02,2,13,13,WCW Saturday Night,13.0,yearendMASTER-chartcalcs.ods,1999yearend,65,6,inverse_points_preserve_position
1999,1999-02,2,14,12,Guinness World Records: Primetime,12.0,yearendMASTER-chartcalcs.ods,1999yearend,32,6,inverse_points_preserve_position
1999,1999-02,2,15,11,Arthur,11.0,yearendMASTER-chartcalcs.ods,1999yearend,10,6,inverse_points_preserve_position
1999,1999-02,2,16,10,Blue's Clues,10.0,yearendMASTER-chartcalcs.ods,1999yearend,19,6,inverse_points_preserve_position
1999,1999-02,2,17,9,WCW Thunder,9.0,yearendMASTER-chartcalcs.ods,1999yearend,66,6,inverse_points_preserve_position
1999,1999-02,2,18,8,Monster Farm,8.0,yearendMASTER-chartcalcs.ods,1999yearend,37,6,inverse_points_preserve_position
1999,1999-02,2,19,7,CatDog,7.0,yearendMASTER-chartcalcs.ods,1999yearend,21,6,inverse_points_preserve_position
1999,1999-02,2,20,6,My Brother and Me,6.0,yearendMASTER-chartcalcs.ods,1999yearend,38,6,inverse_points_preserve_position
1999,1999-02,2,21,5,Rolie Polie Olie,5.0,yearendMASTER-chartcalcs.ods,1999yearend,44,6,inverse_points_preserve_position
1999,1999-02,2,22,4,Bear in the Big Blue House,4.0,yearendMASTER-chartcalcs.ods,1999yearend,13,6,inverse_points_preserve_position
1999,1999-02,2,23,3,Babar,3.0,yearendMASTER-chartcalcs.ods,1999yearend,11,6,inverse_points_preserve_position
1999,1999-02,2,24,2,Space Ghost: Coast to Coast,2.0,yearendMASTER-chartcalcs.ods,1999yearend,47,6,inverse_points_preserve_position
1999,1999-02,2,25,1,Beavis & Butthead,1.0,yearendMASTER-chartcalcs.ods,1999yearend,14,6,inverse_points_preserve_position
1999,1999-03,3,1,25,Franklin,25.0,yearendMASTER-chartcalcs.ods,1999yearend,30,7,inverse_points_preserve_position
1999,1999-03,3,2,24,WWF Raw,24.0,yearendMASTER-chartcalcs.ods,1999yearend,69,7,inverse_points_preserve_position
1999,1999-03,3,3,23,WCW Monday Nitro,23.0,yearendMASTER-chartcalcs.ods,1999yearend,64,7,inverse_points_preserve_position
1999,1999-03,3,4,22,WWF Sunday Night Heat,22.0,yearendMASTER-chartcalcs.ods,1999yearend,71,7,inverse_points_preserve_position
1999,1999-03,3,5,21,Jungle Cubs,21.0,yearendMASTER-chartcalcs.ods,1999yearend,35,7,inverse_points_preserve_position
1999,1999-03,3,6,20,Bill Nye the Science Guy,20.0,yearendMASTER-chartcalcs.ods,1999yearend,16,7,inverse_points_preserve_position
1999,1999-03,3,7,19,Pokemon,19.0,yearendMASTER-chartcalcs.ods,1999yearend,42,7,inverse_points_preserve_position
1999,1999-03,3,8,18,Birdz,18.0,yearendMASTER-chartcalcs.ods,1999yearend,17,7,inverse_points_preserve_position
1999,1999-03,3,9,17,The Secret Files of the Spy Dogs,17.0,yearendMASTER-chartcalcs.ods,1999yearend,58,7,inverse_points_preserve_position
1999,1999-03,3,10,16,Tiny Toon Adventures,16.0,yearendMASTER-chartcalcs.ods,1999yearend,62,7,inverse_points_preserve_position
1999,1999-03,3,11,15,WCW Thunder,15.0,yearendMASTER-chartcalcs.ods,1999yearend,66,7,inverse_points_preserve_position
1999,1999-03,3,12,14,Guinness World Records: Primetime,14.0,yearendMASTER-chartcalcs.ods,1999yearend,32,7,inverse_points_preserve_position
1999,1999-03,3,13,13,PB&J Otter,13.0,yearendMASTER-chartcalcs.ods,1999yearend,40,7,inverse_points_preserve_position
1999,1999-03,3,14,12,Monster Farm,12.0,yearendMASTER-chartcalcs.ods,1999yearend,37,7,inverse_points_preserve_position
1999,1999-03,3,15,11,Arthur,11.0,yearendMASTER-chartcalcs.ods,1999yearend,10,7,inverse_points_preserve_position
1999,1999-03,3,16,10,The PJ's,10.0,yearendMASTER-chartcalcs.ods,1999yearend,56,7,inverse_points_preserve_position
1999,1999-03,3,17,9,CatDog,9.0,yearendMASTER-chartcalcs.ods,1999yearend,21,7,inverse_points_preserve_position
1999,1999-03,3,18,8,Donkey Kong Country,8.0,yearendMASTER-chartcalcs.ods,1999yearend,26,7,inverse_points_preserve_position
1999,1999-03,3,19,7,Cow & Chicken,7.0,yearendMASTER-chartcalcs.ods,1999yearend,24,7,inverse_points_preserve_position
1999,1999-03,3,20,6,WCW Saturday Night,6.0,yearendMASTER-chartcalcs.ods,1999yearend,65,7,inverse_points_preserve_position
1999,1999-03,3,21,5,My Brother and Me,5.0,yearendMASTER-chartcalcs.ods,1999yearend,38,7,inverse_points_preserve_position
1999,1999-03,3,22,4,Celebrity Death Match,4.0,yearendMASTER-chartcalcs.ods,1999yearend,22,7,inverse_points_preserve_position
1999,1999-03,3,23,3,Bear in the Big Blue House,3.0,yearendMASTER-chartcalcs.ods,1999yearend,13,7,inverse_points_preserve_position
1999,1999-03,3,24,2,Rolie Polie Olie,2.0,yearendMASTER-chartcalcs.ods,1999yearend,44,7,inverse_points_preserve_position
1999,1999-03,3,25,1,Pee Wee's Playhouse,1.0,yearendMASTER-chartcalcs.ods,1999yearend,41,7,inverse_points_preserve_position
1999,1999-04,4,1,25,Franklin,25.0,yearendMASTER-chartcalcs.ods,1999yearend,30,8,inverse_points_preserve_position
1999,1999-04,4,2,24,WWF Raw,24.0,yearendMASTER-chartcalcs.ods,1999yearend,69,8,inverse_points_preserve_position
1999,1999-04,4,3,23,Bill Nye the Science Guy,23.0,yearendMASTER-chartcalcs.ods,1999yearend,16,8,inverse_points_preserve_position
1999,1999-04,4,4,22,Birdz,22.0,yearendMASTER-chartcalcs.ods,1999yearend,17,8,inverse_points_preserve_position
1999,1999-04,4,5,21,Pokemon,21.0,yearendMASTER-chartcalcs.ods,1999yearend,42,8,inverse_points_preserve_position
1999,1999-04,4,6,20,WWF Sunday Night Heat,20.0,yearendMASTER-chartcalcs.ods,1999yearend,71,8,inverse_points_preserve_position
1999,1999-04,4,7,19,Jungle Cubs,19.0,yearendMASTER-chartcalcs.ods,1999yearend,35,8,inverse_points_preserve_position
1999,1999-04,4,8,18,Station Zero,18.0,yearendMASTER-chartcalcs.ods,1999yearend,49,8,inverse_points_preserve_position
1999,1999-04,4,9,17,WCW Monday Nitro,17.0,yearendMASTER-chartcalcs.ods,1999yearend,64,8,inverse_points_preserve_position
1999,1999-04,4,10,16,PB&J Otter,16.0,yearendMASTER-chartcalcs.ods,1999yearend,40,8,inverse_points_preserve_position
1999,1999-04,4,11,15,Guinness World Records: Primetime,15.0,yearendMASTER-chartcalcs.ods,1999yearend,32,8,inverse_points_preserve_position
1999,1999-04,4,12,14,The Wild Thornberrys,14.0,yearendMASTER-chartcalcs.ods,1999yearend,61,8,inverse_points_preserve_position
1999,1999-04,4,13,13,Arthur,13.0,yearendMASTER-chartcalcs.ods,1999yearend,10,8,inverse_points_preserve_position
1999,1999-04,4,14,12,The PJ's,12.0,yearendMASTER-chartcalcs.ods,1999yearend,56,8,inverse_points_preserve_position
1999,1999-04,4,15,11,WCW Thunder,11.0,yearendMASTER-chartcalcs.ods,1999yearend,66,8,inverse_points_preserve_position
1999,1999-04,4,16,10,The Secret Files of the Spy Dogs,10.0,yearendMASTER-chartcalcs.ods,1999yearend,58,8,inverse_points_preserve_position
1999,1999-04,4,17,9,Tiny Toon Adventures,9.0,yearendMASTER-chartcalcs.ods,1999yearend,62,8,inverse_points_preserve_position
1999,1999-04,4,18,8,CatDog,8.0,yearendMASTER-chartcalcs.ods,1999yearend,21,8,inverse_points_preserve_position
1999,1999-04,4,19,7,My Brother and Me,7.0,yearendMASTER-chartcalcs.ods,1999yearend,38,8,inverse_points_preserve_position
1999,1999-04,4,20,6,Celebrity Death Match,6.0,yearendMASTER-chartcalcs.ods,1999yearend,22,8,inverse_points_preserve_position
1999,1999-04,4,21,5,Monster Farm,5.0,yearendMASTER-chartcalcs.ods,1999yearend,37,8,inverse_points_preserve_position
1999,1999-04,4,22,4,Pee Wee's Playhouse,4.0,yearendMASTER-chartcalcs.ods,1999yearend,41,8,inverse_points_preserve_position
1999,1999-04,4,23,3,Donkey Kong Country,3.0,yearendMASTER-chartcalcs.ods,1999yearend,26,8,inverse_points_preserve_position
1999,1999-04,4,24,2,WCW Saturday Night,2.0,yearendMASTER-chartcalcs.ods,1999yearend,65,8,inverse_points_preserve_position
1999,1999-04,4,25,1,Rolie Polie Olie,1.0,yearendMASTER-chartcalcs.ods,1999yearend,44,8,inverse_points_preserve_position
1999,1999-05,5,1,25,Birdz,25.0,yearendMASTER-chartcalcs.ods,1999yearend,17,9,inverse_points_preserve_position
1999,1999-05,5,2,24,Bill Nye the Science Guy,24.0,yearendMASTER-chartcalcs.ods,1999yearend,16,9,inverse_points_preserve_position
1999,1999-05,5,3,23,WWF Raw,23.0,yearendMASTER-chartcalcs.ods,1999yearend,69,9,inverse_points_preserve_position
1999,1999-05,5,4,22,Pokemon,22.0,yearendMASTER-chartcalcs.ods,1999yearend,42,9,inverse_points_preserve_position
1999,1999-05,5,5,21,Station Zero,21.0,yearendMASTER-chartcalcs.ods,1999yearend,49,9,inverse_points_preserve_position
1999,1999-05,5,6,20,Jungle Cubs,20.0,yearendMASTER-chartcalcs.ods,1999yearend,35,9,inverse_points_preserve_position
1999,1999-05,5,7,19,PB&J Otter,19.0,yearendMASTER-chartcalcs.ods,1999yearend,40,9,inverse_points_preserve_position
1999,1999-05,5,8,18,Woody Woodpecker,18.0,yearendMASTER-chartcalcs.ods,1999yearend,67,9,inverse_points_preserve_position
1999,1999-05,5,9,17,WCW Saturday Night,17.0,yearendMASTER-chartcalcs.ods,1999yearend,65,9,inverse_points_preserve_position
1999,1999-05,5,10,16,Guinness World Records: Primetime,16.0,yearendMASTER-chartcalcs.ods,1999yearend,32,9,inverse_points_preserve_position
1999,1999-05,5,11,15,The PJ's,15.0,yearendMASTER-chartcalcs.ods,1999yearend,56,9,inverse_points_preserve_position
1999,1999-05,5,12,14,The Secret Files of the Spy Dogs,14.0,yearendMASTER-chartcalcs.ods,1999yearend,58,9,inverse_points_preserve_position
1999,1999-05,5,13,13,Celebrity Death Match,13.0,yearendMASTER-chartcalcs.ods,1999yearend,22,9,inverse_points_preserve_position
1999,1999-05,5,14,12,Futurama,12.0,yearendMASTER-chartcalcs.ods,1999yearend,31,9,inverse_points_preserve_position
1999,1999-05,5,15,11,WCW Monday Nitro,11.0,yearendMASTER-chartcalcs.ods,1999yearend,64,9,inverse_points_preserve_position
1999,1999-05,5,16,10,Franklin,10.0,yearendMASTER-chartcalcs.ods,1999yearend,30,9,inverse_points_preserve_position
1999,1999-05,5,17,9,Arthur,9.0,yearendMASTER-chartcalcs.ods,1999yearend,10,9,inverse_points_preserve_position
1999,1999-05,5,18,8,CatDog,8.0,yearendMASTER-chartcalcs.ods,1999yearend,21,9,inverse_points_preserve_position
1999,1999-05,5,19,7,Tiny Toon Adventures,7.0,yearendMASTER-chartcalcs.ods,1999yearend,62,9,inverse_points_preserve_position
1999,1999-05,5,20,6,WCW Thunder,6.0,yearendMASTER-chartcalcs.ods,1999yearend,66,9,inverse_points_preserve_position
1999,1999-05,5,21,5,My Brother and Me,5.0,yearendMASTER-chartcalcs.ods,1999yearend,38,9,inverse_points_preserve_position
1999,1999-05,5,22,4,The Wild Thornberrys,4.0,yearendMASTER-chartcalcs.ods,1999yearend,61,9,inverse_points_preserve_position
1999,1999-05,5,23,3,Monster Farm,3.0,yearendMASTER-chartcalcs.ods,1999yearend,37,9,inverse_points_preserve_position
1999,1999-05,5,24,2,Monkey Magic,2.0,yearendMASTER-chartcalcs.ods,1999yearend,36,9,inverse_points_preserve_position
1999,1999-05,5,25,1,Pee Wee's Playhouse,1.0,yearendMASTER-chartcalcs.ods,1999yearend,41,9,inverse_points_preserve_position
1999,1999-06,6,1,25,WWF Raw,25.0,yearendMASTER-chartcalcs.ods,1999yearend,69,10,inverse_points_preserve_position
1999,1999-06,6,2,24,PB&J Otter,24.0,yearendMASTER-chartcalcs.ods,1999yearend,40,10,inverse_points_preserve_position
1999,1999-06,6,3,23,Birdz,23.0,yearendMASTER-chartcalcs.ods,1999yearend,17,10,inverse_points_preserve_position
1999,1999-06,6,4,22,Jungle Cubs,22.0,yearendMASTER-chartcalcs.ods,1999yearend,35,10,inverse_points_preserve_position
1999,1999-06,6,5,21,The Secret Files of the Spy Dogs,21.0,yearendMASTER-chartcalcs.ods,1999yearend,58,10,inverse_points_preserve_position
1999,1999-06,6,6,20,Monkey Magic,20.0,yearendMASTER-chartcalcs.ods,1999yearend,36,10,inverse_points_preserve_position
1999,1999-06,6,7,19,Pokemon,19.0,yearendMASTER-chartcalcs.ods,1999yearend,42,10,inverse_points_preserve_position
1999,1999-06,6,8,18,Bill Nye the Science Guy,18.0,yearendMASTER-chartcalcs.ods,1999yearend,16,10,inverse_points_preserve_position
1999,1999-06,6,9,17,Celebrity Death Match,17.0,yearendMASTER-chartcalcs.ods,1999yearend,22,10,inverse_points_preserve_position
1999,1999-06,6,10,16,WWF Sunday Night Heat,16.0,yearendMASTER-chartcalcs.ods,1999yearend,71,10,inverse_points_preserve_position
1999,1999-06,6,11,15,Futurama,15.0,yearendMASTER-chartcalcs.ods,1999yearend,31,10,inverse_points_preserve_position
1999,1999-06,6,12,14,CatDog,14.0,yearendMASTER-chartcalcs.ods,1999yearend,21,10,inverse_points_preserve_position
1999,1999-06,6,13,13,The PJ's,13.0,yearendMASTER-chartcalcs.ods,1999yearend,56,10,inverse_points_preserve_position
1999,1999-06,6,14,12,The Wild Thornberrys,12.0,yearendMASTER-chartcalcs.ods,1999yearend,61,10,inverse_points_preserve_position
1999,1999-06,6,15,11,Woody Woodpecker,11.0,yearendMASTER-chartcalcs.ods,1999yearend,67,10,inverse_points_preserve_position
1999,1999-06,6,16,10,Station Zero,10.0,yearendMASTER-chartcalcs.ods,1999yearend,49,10,inverse_points_preserve_position
1999,1999-06,6,17,9,Sailor Moon,9.0,yearendMASTER-chartcalcs.ods,1999yearend,45,10,inverse_points_preserve_position
1999,1999-06,6,18,8,The Cut,8.0,yearendMASTER-chartcalcs.ods,1999yearend,51,10,inverse_points_preserve_position
1999,1999-06,6,19,7,Guinness World Records: Primetime,7.0,yearendMASTER-chartcalcs.ods,1999yearend,32,10,inverse_points_preserve_position
1999,1999-06,6,20,6,WCW Monday Nitro,6.0,yearendMASTER-chartcalcs.ods,1999yearend,64,10,inverse_points_preserve_position
1999,1999-06,6,21,5,WCW Thunder,5.0,yearendMASTER-chartcalcs.ods,1999yearend,66,10,inverse_points_preserve_position
1999,1999-06,6,22,4,Tiny Toon Adventures,4.0,yearendMASTER-chartcalcs.ods,1999yearend,62,10,inverse_points_preserve_position
1999,1999-06,6,23,3,Babar,3.0,yearendMASTER-chartcalcs.ods,1999yearend,11,10,inverse_points_preserve_position
1999,1999-06,6,24,2,My Brother and Me,2.0,yearendMASTER-chartcalcs.ods,1999yearend,38,10,inverse_points_preserve_position
1999,1999-06,6,25,1,Monster Farm,1.0,yearendMASTER-chartcalcs.ods,1999yearend,37,10,inverse_points_preserve_position
1999,1999-07,7,1,25,The Secret Files of the Spy Dogs,25.0,yearendMASTER-chartcalcs.ods,1999yearend,58,11,inverse_points_preserve_position
1999,1999-07,7,2,24,WWF Raw,24.0,yearendMASTER-chartcalcs.ods,1999yearend,69,11,inverse_points_preserve_position
1999,1999-07,7,3,23,Monkey Magic,23.0,yearendMASTER-chartcalcs.ods,1999yearend,36,11,inverse_points_preserve_position
1999,1999-07,7,4,22,PB&J Otter,22.0,yearendMASTER-chartcalcs.ods,1999yearend,40,11,inverse_points_preserve_position
1999,1999-07,7,5,21,Pokemon,21.0,yearendMASTER-chartcalcs.ods,1999yearend,42,11,inverse_points_preserve_position
1999,1999-07,7,6,20,Franklin,20.0,yearendMASTER-chartcalcs.ods,1999yearend,30,11,inverse_points_preserve_position
1999,1999-07,7,7,19,Woody Woodpecker,19.0,yearendMASTER-chartcalcs.ods,1999yearend,67,11,inverse_points_preserve_position
1999,1999-07,7,8,18,The Wild Thornberrys,18.0,yearendMASTER-chartcalcs.ods,1999yearend,61,11,inverse_points_preserve_position
1999,1999-07,7,9,17,Bill Nye the Science Guy,17.0,yearendMASTER-chartcalcs.ods,1999yearend,16,11,inverse_points_preserve_position
1999,1999-07,7,10,16,My Brother and Me,16.0,yearendMASTER-chartcalcs.ods,1999yearend,38,11,inverse_points_preserve_position
1999,1999-07,7,11,15,WWF Sunday Night Heat,15.0,yearendMASTER-chartcalcs.ods,1999yearend,71,11,inverse_points_preserve_position
1999,1999-07,7,12,14,Jungle Cubs,14.0,yearendMASTER-chartcalcs.ods,1999yearend,35,11,inverse_points_preserve_position
1999,1999-07,7,13,13,Birdz,13.0,yearendMASTER-chartcalcs.ods,1999yearend,17,11,inverse_points_preserve_position
1999,1999-07,7,14,12,Futurama,12.0,yearendMASTER-chartcalcs.ods,1999yearend,31,11,inverse_points_preserve_position
1999,1999-07,7,15,11,WCW Monday Nitro,11.0,yearendMASTER-chartcalcs.ods,1999yearend,64,11,inverse_points_preserve_position
1999,1999-07,7,16,10,Babar,10.0,yearendMASTER-chartcalcs.ods,1999yearend,11,11,inverse_points_preserve_position
1999,1999-07,7,17,9,Celebrity Death Match,9.0,yearendMASTER-chartcalcs.ods,1999yearend,22,11,inverse_points_preserve_position
1999,1999-07,7,18,8,The PJ's,8.0,yearendMASTER-chartcalcs.ods,1999yearend,56,11,inverse_points_preserve_position
1999,1999-07,7,19,7,Arthur,7.0,yearendMASTER-chartcalcs.ods,1999yearend,10,11,inverse_points_preserve_position
1999,1999-07,7,20,6,Noddy,6.0,yearendMASTER-chartcalcs.ods,1999yearend,39,11,inverse_points_preserve_position
1999,1999-07,7,21,5,Hagin' with Mr. Cooper,5.0,yearendMASTER-chartcalcs.ods,1999yearend,33,11,inverse_points_preserve_position
1999,1999-07,7,22,4,The Batman/Superman Adventures,4.0,yearendMASTER-chartcalcs.ods,1999yearend,50,11,inverse_points_preserve_position
1999,1999-07,7,23,3,The Wayans Bros.,3.0,yearendMASTER-chartcalcs.ods,1999yearend,60,11,inverse_points_preserve_position
1999,1999-07,7,24,2,WCW Thunder,2.0,yearendMASTER-chartcalcs.ods,1999yearend,66,11,inverse_points_preserve_position
1999,1999-07,7,25,1,101 Dalmatians: The Series,1.0,yearendMASTER-chartcalcs.ods,1999yearend,7,11,inverse_points_preserve_position
1999,1999-08,8,1,25,Woody Woodpecker,25.0,yearendMASTER-chartcalcs.ods,1999yearend,67,12,inverse_points_preserve_position
1999,1999-08,8,2,24,Franklin,24.0,yearendMASTER-chartcalcs.ods,1999yearend,30,12,inverse_points_preserve_position
1999,1999-08,8,3,23,WWF War Zone,23.0,yearendMASTER-chartcalcs.ods,1999yearend,72,12,inverse_points_preserve_position
1999,1999-08,8,4,22,Bill Nye the Science Guy,22.0,yearendMASTER-chartcalcs.ods,1999yearend,16,12,inverse_points_preserve_position
1999,1999-08,8,5,21,The Wild Thornberrys,21.0,yearendMASTER-chartcalcs.ods,1999yearend,61,12,inverse_points_preserve_position
1999,1999-08,8,6,20,PB&J Otter,20.0,yearendMASTER-chartcalcs.ods,1999yearend,40,12,inverse_points_preserve_position
1999,1999-08,8,7,19,Pokemon,19.0,yearendMASTER-chartcalcs.ods,1999yearend,42,12,inverse_points_preserve_position
1999,1999-08,8,8,18,The Secret Files of the Spy Dogs,18.0,yearendMASTER-chartcalcs.ods,1999yearend,58,12,inverse_points_preserve_position
1999,1999-08,8,9,17,Monkey Magic,17.0,yearendMASTER-chartcalcs.ods,1999yearend,36,12,inverse_points_preserve_position
1999,1999-08,8,10,16,Futurama,16.0,yearendMASTER-chartcalcs.ods,1999yearend,31,12,inverse_points_preserve_position
1999,1999-08,8,11,15,Birdz,15.0,yearendMASTER-chartcalcs.ods,1999yearend,17,12,inverse_points_preserve_position
1999,1999-08,8,12,14,WWF Raw is War,14.0,yearendMASTER-chartcalcs.ods,1999yearend,70,12,inverse_points_preserve_position
1999,1999-08,8,13,13,WWF Sunday Night Heat,13.0,yearendMASTER-chartcalcs.ods,1999yearend,71,12,inverse_points_preserve_position
1999,1999-08,8,14,12,My Brother and Me,12.0,yearendMASTER-chartcalcs.ods,1999yearend,38,12,inverse_points_preserve_position
1999,1999-08,8,15,11,WCW Monday Nitro,11.0,yearendMASTER-chartcalcs.ods,1999yearend,64,12,inverse_points_preserve_position
1999,1999-08,8,16,10,The Batman/Superman Adventures,10.0,yearendMASTER-chartcalcs.ods,1999yearend,50,12,inverse_points_preserve_position
1999,1999-08,8,17,9,ALF,9.0,yearendMASTER-chartcalcs.ods,1999yearend,8,12,inverse_points_preserve_position
1999,1999-08,8,18,8,Jungle Cubs,8.0,yearendMASTER-chartcalcs.ods,1999yearend,35,12,inverse_points_preserve_position
1999,1999-08,8,19,7,Comicview,7.0,yearendMASTER-chartcalcs.ods,1999yearend,23,12,inverse_points_preserve_position
1999,1999-08,8,20,6,Celebrity Death Match,6.0,yearendMASTER-chartcalcs.ods,1999yearend,22,12,inverse_points_preserve_position
1999,1999-08,8,21,5,Hagin' with Mr. Cooper,5.0,yearendMASTER-chartcalcs.ods,1999yearend,33,12,inverse_points_preserve_position
1999,1999-08,8,22,4,Family Guy,4.0,yearendMASTER-chartcalcs.ods,1999yearend,29,12,inverse_points_preserve_position
1999,1999-08,8,23,3,Noddy,3.0,yearendMASTER-chartcalcs.ods,1999yearend,39,12,inverse_points_preserve_position
1999,1999-08,8,24,2,Spider-Man,2.0,yearendMASTER-chartcalcs.ods,1999yearend,48,12,inverse_points_preserve_position
1999,1999-08,8,25,1,WCW Thunder,1.0,yearendMASTER-chartcalcs.ods,1999yearend,66,12,inverse_points_preserve_position
1999,1999-09,9,1,25,Dragon Tales,25.0,yearendMASTER-chartcalcs.ods,1999yearend,28,13,inverse_points_preserve_position
1999,1999-09,9,2,24,Beakman's World,24.0,yearendMASTER-chartcalcs.ods,1999yearend,12,13,inverse_points_preserve_position
1999,1999-09,9,3,23,PB&J Otter,23.0,yearendMASTER-chartcalcs.ods,1999yearend,40,13,inverse_points_preserve_position
1999,1999-09,9,4,22,Franklin,22.0,yearendMASTER-chartcalcs.ods,1999yearend,30,13,inverse_points_preserve_position
1999,1999-09,9,5,21,WWF War Zone,21.0,yearendMASTER-chartcalcs.ods,1999yearend,72,13,inverse_points_preserve_position
1999,1999-09,9,6,20,Digimon,20.0,yearendMASTER-chartcalcs.ods,1999yearend,25,13,inverse_points_preserve_position
1999,1999-09,9,7,19,Birdz,19.0,yearendMASTER-chartcalcs.ods,1999yearend,17,13,inverse_points_preserve_position
1999,1999-09,9,8,18,WCW Monday Nitro,18.0,yearendMASTER-chartcalcs.ods,1999yearend,64,13,inverse_points_preserve_position
1999,1999-09,9,9,17,ALF,17.0,yearendMASTER-chartcalcs.ods,1999yearend,8,13,inverse_points_preserve_position
1999,1999-09,9,10,16,Woody Woodpecker,16.0,yearendMASTER-chartcalcs.ods,1999yearend,67,13,inverse_points_preserve_position
1999,1999-09,9,11,15,The Wild Thornberrys,15.0,yearendMASTER-chartcalcs.ods,1999yearend,61,13,inverse_points_preserve_position
1999,1999-09,9,12,14,WWF Raw is War,14.0,yearendMASTER-chartcalcs.ods,1999yearend,70,13,inverse_points_preserve_position
1999,1999-09,9,13,13,WWF Sunday Night Heat,13.0,yearendMASTER-chartcalcs.ods,1999yearend,71,13,inverse_points_preserve_position
1999,1999-09,9,14,12,The Secret Files of the Spy Dogs,12.0,yearendMASTER-chartcalcs.ods,1999yearend,58,13,inverse_points_preserve_position
1999,1999-09,9,15,11,Futurama,11.0,yearendMASTER-chartcalcs.ods,1999yearend,31,13,inverse_points_preserve_position
1999,1999-09,9,16,10,Downtown,10.0,yearendMASTER-chartcalcs.ods,1999yearend,27,13,inverse_points_preserve_position
1999,1999-09,9,17,9,My Brother and Me,9.0,yearendMASTER-chartcalcs.ods,1999yearend,38,13,inverse_points_preserve_position
1999,1999-09,9,18,8,Spider-Man,8.0,yearendMASTER-chartcalcs.ods,1999yearend,48,13,inverse_points_preserve_position
1999,1999-09,9,19,7,Monkey Magic,7.0,yearendMASTER-chartcalcs.ods,1999yearend,36,13,inverse_points_preserve_position
1999,1999-09,9,20,6,Comicview,6.0,yearendMASTER-chartcalcs.ods,1999yearend,23,13,inverse_points_preserve_position
1999,1999-09,9,21,5,The Simpsons,5.0,yearendMASTER-chartcalcs.ods,1999yearend,59,13,inverse_points_preserve_position
1999,1999-09,9,22,4,ReBoot,4.0,yearendMASTER-chartcalcs.ods,1999yearend,43,13,inverse_points_preserve_position
1999,1999-09,9,23,3,Family Guy,3.0,yearendMASTER-chartcalcs.ods,1999yearend,29,13,inverse_points_preserve_position
1999,1999-09,9,24,2,Arthur,2.0,yearendMASTER-chartcalcs.ods,1999yearend,10,13,inverse_points_preserve_position
1999,1999-09,9,25,1,The Batman/Superman Adventures,1.0,yearendMASTER-chartcalcs.ods,1999yearend,50,13,inverse_points_preserve_position
1999,1999-10,10,1,25,Dragon Tales,25.0,yearendMASTER-chartcalcs.ods,1999yearend,28,14,inverse_points_preserve_position
1999,1999-10,10,2,24,Beakman's World,24.0,yearendMASTER-chartcalcs.ods,1999yearend,12,14,inverse_points_preserve_position
1999,1999-10,10,3,23,WCW Monday Nitro,23.0,yearendMASTER-chartcalcs.ods,1999yearend,64,14,inverse_points_preserve_position
1999,1999-10,10,4,22,Digimon,22.0,yearendMASTER-chartcalcs.ods,1999yearend,25,14,inverse_points_preserve_position
1999,1999-10,10,5,21,WWF War Zone,21.0,yearendMASTER-chartcalcs.ods,1999yearend,72,14,inverse_points_preserve_position
1999,1999-10,10,6,20,Downtown,20.0,yearendMASTER-chartcalcs.ods,1999yearend,27,14,inverse_points_preserve_position
1999,1999-10,10,7,19,WWF Raw is War,19.0,yearendMASTER-chartcalcs.ods,1999yearend,70,14,inverse_points_preserve_position
1999,1999-10,10,8,18,Woody Woodpecker,18.0,yearendMASTER-chartcalcs.ods,1999yearend,67,14,inverse_points_preserve_position
1999,1999-10,10,9,17,Jungle Cubs,17.0,yearendMASTER-chartcalcs.ods,1999yearend,35,14,inverse_points_preserve_position
1999,1999-10,10,10,16,The Fresh Prince of Bel-Air,16.0,yearendMASTER-chartcalcs.ods,1999yearend,52,14,inverse_points_preserve_position
1999,1999-10,10,11,15,The Wayans Bros.,15.0,yearendMASTER-chartcalcs.ods,1999yearend,60,14,inverse_points_preserve_position
1999,1999-10,10,12,14,PB&J Otter,14.0,yearendMASTER-chartcalcs.ods,1999yearend,40,14,inverse_points_preserve_position
1999,1999-10,10,13,13,The Wild Thornberrys,13.0,yearendMASTER-chartcalcs.ods,1999yearend,61,14,inverse_points_preserve_position
1999,1999-10,10,14,12,WWF Sunday Night Heat,12.0,yearendMASTER-chartcalcs.ods,1999yearend,71,14,inverse_points_preserve_position
1999,1999-10,10,15,11,Birdz,11.0,yearendMASTER-chartcalcs.ods,1999yearend,17,14,inverse_points_preserve_position
1999,1999-10,10,16,10,Franklin,10.0,yearendMASTER-chartcalcs.ods,1999yearend,30,14,inverse_points_preserve_position
1999,1999-10,10,17,9,ALF,9.0,yearendMASTER-chartcalcs.ods,1999yearend,8,14,inverse_points_preserve_position
1999,1999-10,10,18,8,Futurama,8.0,yearendMASTER-chartcalcs.ods,1999yearend,31,14,inverse_points_preserve_position
1999,1999-10,10,19,7,The Simpsons,7.0,yearendMASTER-chartcalcs.ods,1999yearend,59,14,inverse_points_preserve_position
1999,1999-10,10,20,6,My Brother and Me,6.0,yearendMASTER-chartcalcs.ods,1999yearend,38,14,inverse_points_preserve_position
1999,1999-10,10,21,5,CatDog,5.0,yearendMASTER-chartcalcs.ods,1999yearend,21,14,inverse_points_preserve_position
1999,1999-10,10,22,4,Big Guy and Rusty: The Boy Robot,4.0,yearendMASTER-chartcalcs.ods,1999yearend,15,14,inverse_points_preserve_position
1999,1999-10,10,23,3,Arthur,3.0,yearendMASTER-chartcalcs.ods,1999yearend,10,14,inverse_points_preserve_position
1999,1999-10,10,24,2,In Living Color,2.0,yearendMASTER-chartcalcs.ods,1999yearend,34,14,inverse_points_preserve_position
1999,1999-10,10,25,1,ReBoot,1.0,yearendMASTER-chartcalcs.ods,1999yearend,43,14,inverse_points_preserve_position
1999,1999-11,11,1,25,Digimon,25.0,yearendMASTER-chartcalcs.ods,1999yearend,25,15,inverse_points_preserve_position
1999,1999-11,11,2,24,Dragon Tales,24.0,yearendMASTER-chartcalcs.ods,1999yearend,28,15,inverse_points_preserve_position
1999,1999-11,11,3,23,WCW Monday Nitro,23.0,yearendMASTER-chartcalcs.ods,1999yearend,64,15,inverse_points_preserve_position
1999,1999-11,11,4,22,Beakman's World,22.0,yearendMASTER-chartcalcs.ods,1999yearend,12,15,inverse_points_preserve_position
1999,1999-11,11,5,21,Downtown,21.0,yearendMASTER-chartcalcs.ods,1999yearend,27,15,inverse_points_preserve_position
1999,1999-11,11,6,20,The New Red Green Show,20.0,yearendMASTER-chartcalcs.ods,1999yearend,55,15,inverse_points_preserve_position
1999,1999-11,11,7,19,WWF War Zone,19.0,yearendMASTER-chartcalcs.ods,1999yearend,72,15,inverse_points_preserve_position
1999,1999-11,11,8,18,The Reppies,18.0,yearendMASTER-chartcalcs.ods,1999yearend,57,15,inverse_points_preserve_position
1999,1999-11,11,9,17,WWF Raw is War,17.0,yearendMASTER-chartcalcs.ods,1999yearend,70,15,inverse_points_preserve_position
1999,1999-11,11,10,16,Blaster's Universe,16.0,yearendMASTER-chartcalcs.ods,1999yearend,18,15,inverse_points_preserve_position
1999,1999-11,11,11,15,The Fresh Prince of Bel-Air,15.0,yearendMASTER-chartcalcs.ods,1999yearend,52,15,inverse_points_preserve_position
1999,1999-11,11,12,14,The Little Mermaid,14.0,yearendMASTER-chartcalcs.ods,1999yearend,54,15,inverse_points_preserve_position
1999,1999-11,11,13,13,WWF Live Wire,13.0,yearendMASTER-chartcalcs.ods,1999yearend,68,15,inverse_points_preserve_position
1999,1999-11,11,14,12,WWF Sunday Night Heat,12.0,yearendMASTER-chartcalcs.ods,1999yearend,71,15,inverse_points_preserve_position
1999,1999-11,11,15,11,Jungle Cubs,11.0,yearendMASTER-chartcalcs.ods,1999yearend,35,15,inverse_points_preserve_position
1999,1999-11,11,16,10,The Wayans Bros.,10.0,yearendMASTER-chartcalcs.ods,1999yearend,60,15,inverse_points_preserve_position
1999,1999-11,11,17,9,Celebrity Death Match,9.0,yearendMASTER-chartcalcs.ods,1999yearend,22,15,inverse_points_preserve_position
1999,1999-11,11,18,8,Total Request Live,8.0,yearendMASTER-chartcalcs.ods,1999yearend,63,15,inverse_points_preserve_position
1999,1999-11,11,19,7,PB&J Otter,7.0,yearendMASTER-chartcalcs.ods,1999yearend,40,15,inverse_points_preserve_position
1999,1999-11,11,20,6,Futurama,6.0,yearendMASTER-chartcalcs.ods,1999yearend,31,15,inverse_points_preserve_position
1999,1999-11,11,21,5,The Simpsons,5.0,yearendMASTER-chartcalcs.ods,1999yearend,59,15,inverse_points_preserve_position
1999,1999-11,11,22,4,Anatole,4.0,yearendMASTER-chartcalcs.ods,1999yearend,9,15,inverse_points_preserve_position
1999,1999-11,11,23,3,Sonic Underground,3.0,yearendMASTER-chartcalcs.ods,1999yearend,46,15,inverse_points_preserve_position
1999,1999-11,11,24,2,Franklin,2.0,yearendMASTER-chartcalcs.ods,1999yearend,30,15,inverse_points_preserve_position
1999,1999-11,11,25,1,ReBoot,1.0,yearendMASTER-chartcalcs.ods,1999yearend,43,15,inverse_points_preserve_position
1999,1999-12,12,1,25,Sonic Underground,25.0,yearendMASTER-chartcalcs.ods,1999yearend,46,16,inverse_points_preserve_position
1999,1999-12,12,2,24,WCW Monday Nitro,24.0,yearendMASTER-chartcalcs.ods,1999yearend,64,16,inverse_points_preserve_position
1999,1999-12,12,3,23,Dragon Tales,23.0,yearendMASTER-chartcalcs.ods,1999yearend,28,16,inverse_points_preserve_position
1999,1999-12,12,4,22,Digimon,22.0,yearendMASTER-chartcalcs.ods,1999yearend,25,16,inverse_points_preserve_position
1999,1999-12,12,5,21,Blaster's Universe,21.0,yearendMASTER-chartcalcs.ods,1999yearend,18,16,inverse_points_preserve_position
1999,1999-12,12,6,20,WWF War Zone,20.0,yearendMASTER-chartcalcs.ods,1999yearend,72,16,inverse_points_preserve_position
1999,1999-12,12,7,19,WWF Raw is War,19.0,yearendMASTER-chartcalcs.ods,1999yearend,70,16,inverse_points_preserve_position
1999,1999-12,12,8,18,PB&J Otter,18.0,yearendMASTER-chartcalcs.ods,1999yearend,40,16,inverse_points_preserve_position
1999,1999-12,12,9,17,Beakman's World,17.0,yearendMASTER-chartcalcs.ods,1999yearend,12,16,inverse_points_preserve_position
1999,1999-12,12,10,16,WWF Live Wire,16.0,yearendMASTER-chartcalcs.ods,1999yearend,68,16,inverse_points_preserve_position
1999,1999-12,12,11,15,The Reppies,15.0,yearendMASTER-chartcalcs.ods,1999yearend,57,16,inverse_points_preserve_position
1999,1999-12,12,12,14,The List,14.0,yearendMASTER-chartcalcs.ods,1999yearend,53,16,inverse_points_preserve_position
1999,1999-12,12,13,13,Total Request Live,13.0,yearendMASTER-chartcalcs.ods,1999yearend,63,16,inverse_points_preserve_position
1999,1999-12,12,14,12,The Fresh Prince of Bel-Air,12.0,yearendMASTER-chartcalcs.ods,1999yearend,52,16,inverse_points_preserve_position
1999,1999-12,12,15,11,Anatole,11.0,yearendMASTER-chartcalcs.ods,1999yearend,9,16,inverse_points_preserve_position
1999,1999-12,12,16,10,The Wayans Bros.,10.0,yearendMASTER-chartcalcs.ods,1999yearend,60,16,inverse_points_preserve_position
1999,1999-12,12,17,9,Franklin,9.0,yearendMASTER-chartcalcs.ods,1999yearend,30,16,inverse_points_preserve_position
1999,1999-12,12,18,8,Downtown,8.0,yearendMASTER-chartcalcs.ods,1999yearend,27,16,inverse_points_preserve_position
1999,1999-12,12,19,7,Jungle Cubs,7.0,yearendMASTER-chartcalcs.ods,1999yearend,35,16,inverse_points_preserve_position
1999,1999-12,12,20,6,WWF Sunday Night Heat,6.0,yearendMASTER-chartcalcs.ods,1999yearend,71,16,inverse_points_preserve_position
1999,1999-12,12,21,5,The Simpsons,5.0,yearendMASTER-chartcalcs.ods,1999yearend,59,16,inverse_points_preserve_position
1999,1999-12,12,22,4,Celebrity Death Match,4.0,yearendMASTER-chartcalcs.ods,1999yearend,22,16,inverse_points_preserve_position
1999,1999-12,12,23,3,The New Red Green Show,3.0,yearendMASTER-chartcalcs.ods,1999yearend,55,16,inverse_points_preserve_position
1999,1999-12,12,24,2,Futurama,2.0,yearendMASTER-chartcalcs.ods,1999yearend,31,16,inverse_points_preserve_position
1999,1999-12,12,25,1,The Little Mermaid,1.0,yearendMASTER-chartcalcs.ods,1999yearend,54,16,inverse_points_preserve_position
2000,2000-01,1,1,25,Dragon Tales,25.0,yearendMASTER-chartcalcs.ods,2000yearend,25,5,inverse_points_preserve_position
2000,2000-01,1,2,24,WCW Monday Nitro,24.0,yearendMASTER-chartcalcs.ods,2000yearend,59,5,inverse_points_preserve_position
2000,2000-01,1,3,23,WWF War Zone,23.0,yearendMASTER-chartcalcs.ods,2000yearend,65,5,inverse_points_preserve_position
2000,2000-01,1,4,22,Sonic Underground,22.0,yearendMASTER-chartcalcs.ods,2000yearend,47,5,inverse_points_preserve_position
2000,2000-01,1,5,21,Total Request Live,21.0,yearendMASTER-chartcalcs.ods,2000yearend,58,5,inverse_points_preserve_position
2000,2000-01,1,6,20,Beakman's World,20.0,yearendMASTER-chartcalcs.ods,2000yearend,12,5,inverse_points_preserve_position
2000,2000-01,1,7,19,Franklin,19.0,yearendMASTER-chartcalcs.ods,2000yearend,29,5,inverse_points_preserve_position
2000,2000-01,1,8,18,Digimon: Digital Monsters,18.0,yearendMASTER-chartcalcs.ods,2000yearend,21,5,inverse_points_preserve_position
2000,2000-01,1,9,17,The Reppies,17.0,yearendMASTER-chartcalcs.ods,2000yearend,53,5,inverse_points_preserve_position
2000,2000-01,1,10,16,PB&J Otter,16.0,yearendMASTER-chartcalcs.ods,2000yearend,40,5,inverse_points_preserve_position
2000,2000-01,1,11,15,Monster Rancher,15.0,yearendMASTER-chartcalcs.ods,2000yearend,37,5,inverse_points_preserve_position
2000,2000-01,1,12,14,WWF Live Wire,14.0,yearendMASTER-chartcalcs.ods,2000yearend,62,5,inverse_points_preserve_position
2000,2000-01,1,13,13,The Fresh Prince of Bel-Air,13.0,yearendMASTER-chartcalcs.ods,2000yearend,50,5,inverse_points_preserve_position
2000,2000-01,1,14,12,Jungle Cubs,12.0,yearendMASTER-chartcalcs.ods,2000yearend,33,5,inverse_points_preserve_position
2000,2000-01,1,15,11,Sailor Moon,11.0,yearendMASTER-chartcalcs.ods,2000yearend,46,5,inverse_points_preserve_position
2000,2000-01,1,16,10,WWF Raw Is War,10.0,yearendMASTER-chartcalcs.ods,2000yearend,63,5,inverse_points_preserve_position
2000,2000-01,1,17,9,Blaster's Universe,9.0,yearendMASTER-chartcalcs.ods,2000yearend,15,5,inverse_points_preserve_position
2000,2000-01,1,18,8,The Wayans Bros.,8.0,yearendMASTER-chartcalcs.ods,2000yearend,55,5,inverse_points_preserve_position
2000,2000-01,1,19,7,Futurama,7.0,yearendMASTER-chartcalcs.ods,2000yearend,30,5,inverse_points_preserve_position
2000,2000-01,1,20,6,WCW Thunder,6.0,yearendMASTER-chartcalcs.ods,2000yearend,60,5,inverse_points_preserve_position
2000,2000-01,1,21,5,The Simpsons,5.0,yearendMASTER-chartcalcs.ods,2000yearend,54,5,inverse_points_preserve_position
2000,2000-01,1,22,4,The List,4.0,yearendMASTER-chartcalcs.ods,2000yearend,51,5,inverse_points_preserve_position
2000,2000-01,1,23,3,The New Red Green Show,3.0,yearendMASTER-chartcalcs.ods,2000yearend,52,5,inverse_points_preserve_position
2000,2000-01,1,24,2,WWF Sunday Night Heat,2.0,yearendMASTER-chartcalcs.ods,2000yearend,64,5,inverse_points_preserve_position
2000,2000-01,1,25,1,ALF,1.0,yearendMASTER-chartcalcs.ods,2000yearend,7,5,inverse_points_preserve_position
2000,2000-02,2,1,25,Digimon: Digital Monsters,25.0,yearendMASTER-chartcalcs.ods,2000yearend,21,6,inverse_points_preserve_position
2000,2000-02,2,2,24,Dragon Tales,24.0,yearendMASTER-chartcalcs.ods,2000yearend,25,6,inverse_points_preserve_position
2000,2000-02,2,3,23,Total Request Live,23.0,yearendMASTER-chartcalcs.ods,2000yearend,58,6,inverse_points_preserve_position
2000,2000-02,2,4,22,WWF War Zone,22.0,yearendMASTER-chartcalcs.ods,2000yearend,65,6,inverse_points_preserve_position
2000,2000-02,2,5,21,WCW Monday Nitro,21.0,yearendMASTER-chartcalcs.ods,2000yearend,59,6,inverse_points_preserve_position
2000,2000-02,2,6,20,WWF Raw Is War,20.0,yearendMASTER-chartcalcs.ods,2000yearend,63,6,inverse_points_preserve_position
2000,2000-02,2,7,19,WWF Live Wire,19.0,yearendMASTER-chartcalcs.ods,2000yearend,62,6,inverse_points_preserve_position
2000,2000-02,2,8,18,Sonic Underground,18.0,yearendMASTER-chartcalcs.ods,2000yearend,47,6,inverse_points_preserve_position
2000,2000-02,2,9,17,Beakman's World,17.0,yearendMASTER-chartcalcs.ods,2000yearend,12,6,inverse_points_preserve_position
2000,2000-02,2,10,16,Franklin,16.0,yearendMASTER-chartcalcs.ods,2000yearend,29,6,inverse_points_preserve_position
2000,2000-02,2,11,15,The Reppies,15.0,yearendMASTER-chartcalcs.ods,2000yearend,53,6,inverse_points_preserve_position
2000,2000-02,2,12,14,PB&J Otter,14.0,yearendMASTER-chartcalcs.ods,2000yearend,40,6,inverse_points_preserve_position
2000,2000-02,2,13,13,Double Dare 2000,13.0,yearendMASTER-chartcalcs.ods,2000yearend,24,6,inverse_points_preserve_position
2000,2000-02,2,14,12,Quigley's Village,12.0,yearendMASTER-chartcalcs.ods,2000yearend,42,6,inverse_points_preserve_position
2000,2000-02,2,15,11,Darkwing Duck,11.0,yearendMASTER-chartcalcs.ods,2000yearend,19,6,inverse_points_preserve_position
2000,2000-02,2,16,10,WCW Thunder,10.0,yearendMASTER-chartcalcs.ods,2000yearend,60,6,inverse_points_preserve_position
2000,2000-02,2,17,9,The Fresh Prince of Bel-Air,9.0,yearendMASTER-chartcalcs.ods,2000yearend,50,6,inverse_points_preserve_position
2000,2000-02,2,18,8,The New Red Green Show,8.0,yearendMASTER-chartcalcs.ods,2000yearend,52,6,inverse_points_preserve_position
2000,2000-02,2,19,7,The List,7.0,yearendMASTER-chartcalcs.ods,2000yearend,51,6,inverse_points_preserve_position
2000,2000-02,2,20,6,The Wayans Bros.,6.0,yearendMASTER-chartcalcs.ods,2000yearend,55,6,inverse_points_preserve_position
2000,2000-02,2,21,5,Comicview,5.0,yearendMASTER-chartcalcs.ods,2000yearend,18,6,inverse_points_preserve_position
2000,2000-02,2,22,4,Futurama,4.0,yearendMASTER-chartcalcs.ods,2000yearend,30,6,inverse_points_preserve_position
2000,2000-02,2,23,3,Monster Rancher,3.0,yearendMASTER-chartcalcs.ods,2000yearend,37,6,inverse_points_preserve_position
2000,2000-02,2,24,2,ALF,2.0,yearendMASTER-chartcalcs.ods,2000yearend,7,6,inverse_points_preserve_position
2000,2000-02,2,25,1,Rocko's Modern Life,1.0,yearendMASTER-chartcalcs.ods,2000yearend,43,6,inverse_points_preserve_position
2000,2000-03,3,1,25,Digimon: Digital Monsters,25.0,yearendMASTER-chartcalcs.ods,2000yearend,21,7,inverse_points_preserve_position
2000,2000-03,3,2,24,Total Request Live,24.0,yearendMASTER-chartcalcs.ods,2000yearend,58,7,inverse_points_preserve_position
2000,2000-03,3,3,23,WCW Monday Nitro,23.0,yearendMASTER-chartcalcs.ods,2000yearend,59,7,inverse_points_preserve_position
2000,2000-03,3,4,22,The Fresh Prince of Bel-Air,22.0,yearendMASTER-chartcalcs.ods,2000yearend,50,7,inverse_points_preserve_position
2000,2000-03,3,5,21,WWF Live Wire,21.0,yearendMASTER-chartcalcs.ods,2000yearend,62,7,inverse_points_preserve_position
2000,2000-03,3,6,20,Dragon Tales,20.0,yearendMASTER-chartcalcs.ods,2000yearend,25,7,inverse_points_preserve_position
2000,2000-03,3,7,19,WWF War Zone,19.0,yearendMASTER-chartcalcs.ods,2000yearend,65,7,inverse_points_preserve_position
2000,2000-03,3,8,18,Quigley's Village,18.0,yearendMASTER-chartcalcs.ods,2000yearend,42,7,inverse_points_preserve_position
2000,2000-03,3,9,17,Franklin,17.0,yearendMASTER-chartcalcs.ods,2000yearend,29,7,inverse_points_preserve_position
2000,2000-03,3,10,16,ALF,16.0,yearendMASTER-chartcalcs.ods,2000yearend,7,7,inverse_points_preserve_position
2000,2000-03,3,11,15,Futurama,15.0,yearendMASTER-chartcalcs.ods,2000yearend,30,7,inverse_points_preserve_position
2000,2000-03,3,12,14,WWF Raw Is War,14.0,yearendMASTER-chartcalcs.ods,2000yearend,63,7,inverse_points_preserve_position
2000,2000-03,3,13,13,The Simpsons,13.0,yearendMASTER-chartcalcs.ods,2000yearend,54,7,inverse_points_preserve_position
2000,2000-03,3,14,12,Darkwing Duck,12.0,yearendMASTER-chartcalcs.ods,2000yearend,19,7,inverse_points_preserve_position
2000,2000-03,3,15,11,Beakman's World,11.0,yearendMASTER-chartcalcs.ods,2000yearend,12,7,inverse_points_preserve_position
2000,2000-03,3,16,10,The Reppies,10.0,yearendMASTER-chartcalcs.ods,2000yearend,53,7,inverse_points_preserve_position
2000,2000-03,3,17,9,The New Red Green Show,9.0,yearendMASTER-chartcalcs.ods,2000yearend,52,7,inverse_points_preserve_position
2000,2000-03,3,18,8,The Wayans Bros.,8.0,yearendMASTER-chartcalcs.ods,2000yearend,55,7,inverse_points_preserve_position
2000,2000-03,3,19,7,Tiny Toon Adventures,7.0,yearendMASTER-chartcalcs.ods,2000yearend,57,7,inverse_points_preserve_position
2000,2000-03,3,20,6,Dragonball Z,6.0,yearendMASTER-chartcalcs.ods,2000yearend,26,7,inverse_points_preserve_position
2000,2000-03,3,21,5,Monster Rancher,5.0,yearendMASTER-chartcalcs.ods,2000yearend,37,7,inverse_points_preserve_position
2000,2000-03,3,22,4,Comicview,4.0,yearendMASTER-chartcalcs.ods,2000yearend,18,7,inverse_points_preserve_position
2000,2000-03,3,23,3,PB&J Otter,3.0,yearendMASTER-chartcalcs.ods,2000yearend,40,7,inverse_points_preserve_position
2000,2000-03,3,24,2,Sonic Underground,2.0,yearendMASTER-chartcalcs.ods,2000yearend,47,7,inverse_points_preserve_position
2000,2000-03,3,25,1,The List,1.0,yearendMASTER-chartcalcs.ods,2000yearend,51,7,inverse_points_preserve_position
2000,2000-04,4,1,25,Digimon: Digital Monsters,25.0,yearendMASTER-chartcalcs.ods,2000yearend,21,8,inverse_points_preserve_position
2000,2000-04,4,2,24,WWF War Zone,24.0,yearendMASTER-chartcalcs.ods,2000yearend,65,8,inverse_points_preserve_position
2000,2000-04,4,3,23,Futurama,23.0,yearendMASTER-chartcalcs.ods,2000yearend,30,8,inverse_points_preserve_position
2000,2000-04,4,4,22,WWF Raw Is War,22.0,yearendMASTER-chartcalcs.ods,2000yearend,63,8,inverse_points_preserve_position
2000,2000-04,4,5,21,Dragon Tales,21.0,yearendMASTER-chartcalcs.ods,2000yearend,25,8,inverse_points_preserve_position
2000,2000-04,4,6,20,The Fresh Prince of Bel-Air,20.0,yearendMASTER-chartcalcs.ods,2000yearend,50,8,inverse_points_preserve_position
2000,2000-04,4,7,19,WWF Live Wire,19.0,yearendMASTER-chartcalcs.ods,2000yearend,62,8,inverse_points_preserve_position
2000,2000-04,4,8,18,"Sabrina, the Animated Series",18.0,yearendMASTER-chartcalcs.ods,2000yearend,45,8,inverse_points_preserve_position
2000,2000-04,4,9,17,Duckman,17.0,yearendMASTER-chartcalcs.ods,2000yearend,27,8,inverse_points_preserve_position
2000,2000-04,4,10,16,The Country Mouse & City Mouse Adventures,16.0,yearendMASTER-chartcalcs.ods,2000yearend,49,8,inverse_points_preserve_position
2000,2000-04,4,11,15,ALF,15.0,yearendMASTER-chartcalcs.ods,2000yearend,7,8,inverse_points_preserve_position
2000,2000-04,4,12,14,WCW Monday Nitro,14.0,yearendMASTER-chartcalcs.ods,2000yearend,59,8,inverse_points_preserve_position
2000,2000-04,4,13,13,Who Wants to Be A Millionaire?,13.0,yearendMASTER-chartcalcs.ods,2000yearend,61,8,inverse_points_preserve_position
2000,2000-04,4,14,12,Beakman's World,12.0,yearendMASTER-chartcalcs.ods,2000yearend,12,8,inverse_points_preserve_position
2000,2000-04,4,15,11,The Simpsons,11.0,yearendMASTER-chartcalcs.ods,2000yearend,54,8,inverse_points_preserve_position
2000,2000-04,4,16,10,Total Request Live,10.0,yearendMASTER-chartcalcs.ods,2000yearend,58,8,inverse_points_preserve_position
2000,2000-04,4,17,9,The Wayans Bros.,9.0,yearendMASTER-chartcalcs.ods,2000yearend,55,8,inverse_points_preserve_position
2000,2000-04,4,18,8,Babar,8.0,yearendMASTER-chartcalcs.ods,2000yearend,10,8,inverse_points_preserve_position
2000,2000-04,4,19,7,Franklin,7.0,yearendMASTER-chartcalcs.ods,2000yearend,29,8,inverse_points_preserve_position
2000,2000-04,4,20,6,Comicview,6.0,yearendMASTER-chartcalcs.ods,2000yearend,18,8,inverse_points_preserve_position
2000,2000-04,4,21,5,Disney’s Mickey Mouse Works,5.0,yearendMASTER-chartcalcs.ods,2000yearend,23,8,inverse_points_preserve_position
2000,2000-04,4,22,4,PB&J Otter,4.0,yearendMASTER-chartcalcs.ods,2000yearend,40,8,inverse_points_preserve_position
2000,2000-04,4,23,3,Jungle Book,3.0,yearendMASTER-chartcalcs.ods,2000yearend,32,8,inverse_points_preserve_position
2000,2000-04,4,24,2,"God, The Devil & Bob",2.0,yearendMASTER-chartcalcs.ods,2000yearend,31,8,inverse_points_preserve_position
2000,2000-04,4,25,1,All: Top 10,1.0,yearendMASTER-chartcalcs.ods,2000yearend,8,8,inverse_points_preserve_position
2000,2000-05,5,1,25,Futurama,25.0,yearendMASTER-chartcalcs.ods,2000yearend,30,9,inverse_points_preserve_position
2000,2000-05,5,2,24,Digimon: Digital Monsters,24.0,yearendMASTER-chartcalcs.ods,2000yearend,21,9,inverse_points_preserve_position
2000,2000-05,5,3,23,WWF War Zone,23.0,yearendMASTER-chartcalcs.ods,2000yearend,65,9,inverse_points_preserve_position
2000,2000-05,5,4,22,WWF Raw Is War,22.0,yearendMASTER-chartcalcs.ods,2000yearend,63,9,inverse_points_preserve_position
2000,2000-05,5,5,21,Who Wants to Be A Millionaire?,21.0,yearendMASTER-chartcalcs.ods,2000yearend,61,9,inverse_points_preserve_position
2000,2000-05,5,6,20,The Fresh Prince of Bel-Air,20.0,yearendMASTER-chartcalcs.ods,2000yearend,50,9,inverse_points_preserve_position
2000,2000-05,5,7,19,The Simpsons,19.0,yearendMASTER-chartcalcs.ods,2000yearend,54,9,inverse_points_preserve_position
2000,2000-05,5,8,18,WWF Live Wire,18.0,yearendMASTER-chartcalcs.ods,2000yearend,62,9,inverse_points_preserve_position
2000,2000-05,5,9,17,King of the Hill,17.0,yearendMASTER-chartcalcs.ods,2000yearend,34,9,inverse_points_preserve_position
2000,2000-05,5,10,16,Dragon Tales,16.0,yearendMASTER-chartcalcs.ods,2000yearend,25,9,inverse_points_preserve_position
2000,2000-05,5,11,15,The Wayans Bros.,15.0,yearendMASTER-chartcalcs.ods,2000yearend,55,9,inverse_points_preserve_position
2000,2000-05,5,12,14,Total Request Live,14.0,yearendMASTER-chartcalcs.ods,2000yearend,58,9,inverse_points_preserve_position
2000,2000-05,5,13,13,WCW Monday Nitro,13.0,yearendMASTER-chartcalcs.ods,2000yearend,59,9,inverse_points_preserve_position
2000,2000-05,5,14,12,The Country Mouse & City Mouse Adventures,12.0,yearendMASTER-chartcalcs.ods,2000yearend,49,9,inverse_points_preserve_position
2000,2000-05,5,15,11,The Reppies,11.0,yearendMASTER-chartcalcs.ods,2000yearend,53,9,inverse_points_preserve_position
2000,2000-05,5,16,10,"Sabrina, the Animated Series",10.0,yearendMASTER-chartcalcs.ods,2000yearend,45,9,inverse_points_preserve_position
2000,2000-05,5,17,9,Jungle Book,9.0,yearendMASTER-chartcalcs.ods,2000yearend,32,9,inverse_points_preserve_position
2000,2000-05,5,18,8,All: Top 10,8.0,yearendMASTER-chartcalcs.ods,2000yearend,8,9,inverse_points_preserve_position
2000,2000-05,5,19,7,Duckman,7.0,yearendMASTER-chartcalcs.ods,2000yearend,27,9,inverse_points_preserve_position
2000,2000-05,5,20,6,ALF,6.0,yearendMASTER-chartcalcs.ods,2000yearend,7,9,inverse_points_preserve_position
2000,2000-05,5,21,5,Little Women,5.0,yearendMASTER-chartcalcs.ods,2000yearend,35,9,inverse_points_preserve_position
2000,2000-05,5,22,4,Beakman's World,4.0,yearendMASTER-chartcalcs.ods,2000yearend,12,9,inverse_points_preserve_position
2000,2000-05,5,23,3,PB&J Otter,3.0,yearendMASTER-chartcalcs.ods,2000yearend,40,9,inverse_points_preserve_position
2000,2000-05,5,24,2,Comicview,2.0,yearendMASTER-chartcalcs.ods,2000yearend,18,9,inverse_points_preserve_position
2000,2000-05,5,25,1,Babar,1.0,yearendMASTER-chartcalcs.ods,2000yearend,10,9,inverse_points_preserve_position
2000,2000-06,6,1,25,Futurama,25.0,yearendMASTER-chartcalcs.ods,2000yearend,30,10,inverse_points_preserve_position
2000,2000-06,6,2,24,Digimon: Digital Monsters,24.0,yearendMASTER-chartcalcs.ods,2000yearend,21,10,inverse_points_preserve_position
2000,2000-06,6,3,23,Pokemon,23.0,yearendMASTER-chartcalcs.ods,2000yearend,41,10,inverse_points_preserve_position
2000,2000-06,6,4,22,WWF War Zone,22.0,yearendMASTER-chartcalcs.ods,2000yearend,65,10,inverse_points_preserve_position
2000,2000-06,6,5,21,WWF Raw Is War,21.0,yearendMASTER-chartcalcs.ods,2000yearend,63,10,inverse_points_preserve_position
2000,2000-06,6,6,20,WWF Live Wire,20.0,yearendMASTER-chartcalcs.ods,2000yearend,62,10,inverse_points_preserve_position
2000,2000-06,6,7,19,The Simpsons,19.0,yearendMASTER-chartcalcs.ods,2000yearend,54,10,inverse_points_preserve_position
2000,2000-06,6,8,18,King of the Hill,18.0,yearendMASTER-chartcalcs.ods,2000yearend,34,10,inverse_points_preserve_position
2000,2000-06,6,9,17,The Fresh Prince of Bel-Air,17.0,yearendMASTER-chartcalcs.ods,2000yearend,50,10,inverse_points_preserve_position
2000,2000-06,6,10,16,Little Women,16.0,yearendMASTER-chartcalcs.ods,2000yearend,35,10,inverse_points_preserve_position
2000,2000-06,6,11,15,Who Wants to Be A Millionaire?,15.0,yearendMASTER-chartcalcs.ods,2000yearend,61,10,inverse_points_preserve_position
2000,2000-06,6,12,14,Anatole,14.0,yearendMASTER-chartcalcs.ods,2000yearend,9,10,inverse_points_preserve_position
2000,2000-06,6,13,13,WCW Monday Nitro,13.0,yearendMASTER-chartcalcs.ods,2000yearend,59,10,inverse_points_preserve_position
2000,2000-06,6,14,12,Total Request Live,12.0,yearendMASTER-chartcalcs.ods,2000yearend,58,10,inverse_points_preserve_position
2000,2000-06,6,15,11,The Wayans Bros.,11.0,yearendMASTER-chartcalcs.ods,2000yearend,55,10,inverse_points_preserve_position
2000,2000-06,6,16,10,The Country Mouse & City Mouse Adventures,10.0,yearendMASTER-chartcalcs.ods,2000yearend,49,10,inverse_points_preserve_position
2000,2000-06,6,17,9,Blaster's Universe,9.0,yearendMASTER-chartcalcs.ods,2000yearend,15,10,inverse_points_preserve_position
2000,2000-06,6,18,8,Dragon Tales,8.0,yearendMASTER-chartcalcs.ods,2000yearend,25,10,inverse_points_preserve_position
2000,2000-06,6,19,7,"Sabrina, the Animated Series",7.0,yearendMASTER-chartcalcs.ods,2000yearend,45,10,inverse_points_preserve_position
2000,2000-06,6,20,6,The Reppies,6.0,yearendMASTER-chartcalcs.ods,2000yearend,53,10,inverse_points_preserve_position
2000,2000-06,6,21,5,PB&J Otter,5.0,yearendMASTER-chartcalcs.ods,2000yearend,40,10,inverse_points_preserve_position
2000,2000-06,6,22,4,Comicview,4.0,yearendMASTER-chartcalcs.ods,2000yearend,18,10,inverse_points_preserve_position
2000,2000-06,6,23,3,ALF,3.0,yearendMASTER-chartcalcs.ods,2000yearend,7,10,inverse_points_preserve_position
2000,2000-06,6,24,2,Duckman,2.0,yearendMASTER-chartcalcs.ods,2000yearend,27,10,inverse_points_preserve_position
2000,2000-06,6,25,1,All: Top 10,1.0,yearendMASTER-chartcalcs.ods,2000yearend,8,10,inverse_points_preserve_position
2000,2000-07,7,1,25,Futurama,25.0,yearendMASTER-chartcalcs.ods,2000yearend,30,11,inverse_points_preserve_position
2000,2000-07,7,2,24,Digimon: Digital Monsters,24.0,yearendMASTER-chartcalcs.ods,2000yearend,21,11,inverse_points_preserve_position
2000,2000-07,7,3,23,Pokemon,23.0,yearendMASTER-chartcalcs.ods,2000yearend,41,11,inverse_points_preserve_position
2000,2000-07,7,4,22,WWF War Zone,22.0,yearendMASTER-chartcalcs.ods,2000yearend,65,11,inverse_points_preserve_position
2000,2000-07,7,5,21,WWF Raw Is War,21.0,yearendMASTER-chartcalcs.ods,2000yearend,63,11,inverse_points_preserve_position
2000,2000-07,7,6,20,WCW Monday Nitro,20.0,yearendMASTER-chartcalcs.ods,2000yearend,59,11,inverse_points_preserve_position
2000,2000-07,7,7,19,ALF,19.0,yearendMASTER-chartcalcs.ods,2000yearend,7,11,inverse_points_preserve_position
2000,2000-07,7,8,18,The Simpsons,18.0,yearendMASTER-chartcalcs.ods,2000yearend,54,11,inverse_points_preserve_position
2000,2000-07,7,9,17,The Fresh Prince of Bel-Air,17.0,yearendMASTER-chartcalcs.ods,2000yearend,50,11,inverse_points_preserve_position
2000,2000-07,7,10,16,The Wayans Bros.,16.0,yearendMASTER-chartcalcs.ods,2000yearend,55,11,inverse_points_preserve_position
2000,2000-07,7,11,15,The Country Mouse & City Mouse Adventures,15.0,yearendMASTER-chartcalcs.ods,2000yearend,49,11,inverse_points_preserve_position
2000,2000-07,7,12,14,King of the Hill,14.0,yearendMASTER-chartcalcs.ods,2000yearend,34,11,inverse_points_preserve_position
2000,2000-07,7,13,13,Total Request Live,13.0,yearendMASTER-chartcalcs.ods,2000yearend,58,11,inverse_points_preserve_position
2000,2000-07,7,14,12,WWF Live Wire,12.0,yearendMASTER-chartcalcs.ods,2000yearend,62,11,inverse_points_preserve_position
2000,2000-07,7,15,11,Tenchi Muyo,11.0,yearendMASTER-chartcalcs.ods,2000yearend,48,11,inverse_points_preserve_position
2000,2000-07,7,16,10,Little Women,10.0,yearendMASTER-chartcalcs.ods,2000yearend,35,11,inverse_points_preserve_position
2000,2000-07,7,17,9,City Guys,9.0,yearendMASTER-chartcalcs.ods,2000yearend,16,11,inverse_points_preserve_position
2000,2000-07,7,18,8,Comicview,8.0,yearendMASTER-chartcalcs.ods,2000yearend,18,11,inverse_points_preserve_position
2000,2000-07,7,19,7,Who Wants to Be A Millionaire?,7.0,yearendMASTER-chartcalcs.ods,2000yearend,61,11,inverse_points_preserve_position
2000,2000-07,7,20,6,Bill Nye the Science Guy,6.0,yearendMASTER-chartcalcs.ods,2000yearend,14,11,inverse_points_preserve_position
2000,2000-07,7,21,5,Days of Our Lives,5.0,yearendMASTER-chartcalcs.ods,2000yearend,20,11,inverse_points_preserve_position
2000,2000-07,7,22,4,Duckman,4.0,yearendMASTER-chartcalcs.ods,2000yearend,27,11,inverse_points_preserve_position
2000,2000-07,7,23,3,PB&J Otter,3.0,yearendMASTER-chartcalcs.ods,2000yearend,40,11,inverse_points_preserve_position
2000,2000-07,7,24,2,Franklin,2.0,yearendMASTER-chartcalcs.ods,2000yearend,29,11,inverse_points_preserve_position
2000,2000-07,7,25,1,Muppet Babies,1.0,yearendMASTER-chartcalcs.ods,2000yearend,38,11,inverse_points_preserve_position
2000,2000-08,8,1,20,Dragon Tales,20.0,yearendMASTER-chartcalcs.ods,2000yearend,25,12,short_scale_rank_keep_source_points
2000,2000-08,8,2,19,WWF War Zone,19.0,yearendMASTER-chartcalcs.ods,2000yearend,65,12,short_scale_rank_keep_source_points
2000,2000-08,8,3,18,Futurama,18.0,yearendMASTER-chartcalcs.ods,2000yearend,30,12,short_scale_rank_keep_source_points
2000,2000-08,8,4,17,Digimon: Digital Monsters,17.0,yearendMASTER-chartcalcs.ods,2000yearend,21,12,short_scale_rank_keep_source_points
2000,2000-08,8,5,16,WWF Raw Is War,16.0,yearendMASTER-chartcalcs.ods,2000yearend,63,12,short_scale_rank_keep_source_points
2000,2000-08,8,6,15,WCW Monday Nitro,15.0,yearendMASTER-chartcalcs.ods,2000yearend,59,12,short_scale_rank_keep_source_points
2000,2000-08,8,7,14,The Simpsons,14.0,yearendMASTER-chartcalcs.ods,2000yearend,54,12,short_scale_rank_keep_source_points
2000,2000-08,8,8,13,The Wayans Bros.,13.0,yearendMASTER-chartcalcs.ods,2000yearend,55,12,short_scale_rank_keep_source_points
2000,2000-08,8,9,12,The Fresh Prince of Bel-Air,12.0,yearendMASTER-chartcalcs.ods,2000yearend,50,12,short_scale_rank_keep_source_points
2000,2000-08,8,10,11,City Guys,11.0,yearendMASTER-chartcalcs.ods,2000yearend,16,12,short_scale_rank_keep_source_points
2000,2000-08,8,11,10,King of the Hill,10.0,yearendMASTER-chartcalcs.ods,2000yearend,34,12,short_scale_rank_keep_source_points
2000,2000-08,8,12,9,Battle Dome,9.0,yearendMASTER-chartcalcs.ods,2000yearend,11,12,short_scale_rank_keep_source_points
2000,2000-08,8,13,8,Days of Our Lives,8.0,yearendMASTER-chartcalcs.ods,2000yearend,20,12,short_scale_rank_keep_source_points
2000,2000-08,8,14,7,WWF Live Wire,7.0,yearendMASTER-chartcalcs.ods,2000yearend,62,12,short_scale_rank_keep_source_points
2000,2000-08,8,15,6,Opposite Sex,6.0,yearendMASTER-chartcalcs.ods,2000yearend,39,12,short_scale_rank_keep_source_points
2000,2000-08,8,16,5,X-Men,5.0,yearendMASTER-chartcalcs.ods,2000yearend,66,12,short_scale_rank_keep_source_points
2000,2000-08,8,17,4,Pokemon,4.0,yearendMASTER-chartcalcs.ods,2000yearend,41,12,short_scale_rank_keep_source_points
2000,2000-08,8,18,3,Total Request Live,3.0,yearendMASTER-chartcalcs.ods,2000yearend,58,12,short_scale_rank_keep_source_points
2000,2000-08,8,19,2,Comicview,2.0,yearendMASTER-chartcalcs.ods,2000yearend,18,12,short_scale_rank_keep_source_points
2000,2000-08,8,20,1,Tenchi Muyo,1.0,yearendMASTER-chartcalcs.ods,2000yearend,48,12,short_scale_rank_keep_source_points
2000,2000-09,9,1,25,WCW Monday Nitro,25.0,yearendMASTER-chartcalcs.ods,2000yearend,59,13,inverse_points_preserve_position
2000,2000-09,9,2,24,Tenchi Muyo,24.0,yearendMASTER-chartcalcs.ods,2000yearend,48,13,inverse_points_preserve_position
2000,2000-09,9,3,23,Dragon Tales,23.0,yearendMASTER-chartcalcs.ods,2000yearend,25,13,inverse_points_preserve_position
2000,2000-09,9,4,22,Digimon: Digital Monsters,22.0,yearendMASTER-chartcalcs.ods,2000yearend,21,13,inverse_points_preserve_position
2000,2000-09,9,5,21,WWF War Zone,21.0,yearendMASTER-chartcalcs.ods,2000yearend,65,13,inverse_points_preserve_position
2000,2000-09,9,6,20,WWF Raw Is War,20.0,yearendMASTER-chartcalcs.ods,2000yearend,63,13,inverse_points_preserve_position
2000,2000-09,9,7,19,The Fresh Prince of Bel-Air,19.0,yearendMASTER-chartcalcs.ods,2000yearend,50,13,inverse_points_preserve_position
2000,2000-09,9,8,18,Futurama,18.0,yearendMASTER-chartcalcs.ods,2000yearend,30,13,inverse_points_preserve_position
2000,2000-09,9,9,17,WWF Live Wire,17.0,yearendMASTER-chartcalcs.ods,2000yearend,62,13,inverse_points_preserve_position
2000,2000-09,9,10,16,Battle Dome,16.0,yearendMASTER-chartcalcs.ods,2000yearend,11,13,inverse_points_preserve_position
2000,2000-09,9,11,15,City Guys,15.0,yearendMASTER-chartcalcs.ods,2000yearend,16,13,inverse_points_preserve_position
2000,2000-09,9,12,14,Monster Rancher,14.0,yearendMASTER-chartcalcs.ods,2000yearend,37,13,inverse_points_preserve_position
2000,2000-09,9,13,13,Family Guy,13.0,yearendMASTER-chartcalcs.ods,2000yearend,28,13,inverse_points_preserve_position
2000,2000-09,9,14,12,WCW Thunder,12.0,yearendMASTER-chartcalcs.ods,2000yearend,60,13,inverse_points_preserve_position
2000,2000-09,9,15,11,The Country Mouse & City Mouse Adventures,11.0,yearendMASTER-chartcalcs.ods,2000yearend,49,13,inverse_points_preserve_position
2000,2000-09,9,16,10,The List,10.0,yearendMASTER-chartcalcs.ods,2000yearend,51,13,inverse_points_preserve_position
2000,2000-09,9,17,9,The Wayans Bros.,9.0,yearendMASTER-chartcalcs.ods,2000yearend,55,13,inverse_points_preserve_position
2000,2000-09,9,18,8,Between the Lions,8.0,yearendMASTER-chartcalcs.ods,2000yearend,13,13,inverse_points_preserve_position
2000,2000-09,9,19,7,Comicview,7.0,yearendMASTER-chartcalcs.ods,2000yearend,18,13,inverse_points_preserve_position
2000,2000-09,9,20,6,King of the Hill,6.0,yearendMASTER-chartcalcs.ods,2000yearend,34,13,inverse_points_preserve_position
2000,2000-09,9,21,5,PB&J Otter,5.0,yearendMASTER-chartcalcs.ods,2000yearend,40,13,inverse_points_preserve_position
2000,2000-09,9,22,4,Days of Our Lives,4.0,yearendMASTER-chartcalcs.ods,2000yearend,20,13,inverse_points_preserve_position
2000,2000-09,9,23,3,Total Request Live,3.0,yearendMASTER-chartcalcs.ods,2000yearend,58,13,inverse_points_preserve_position
2000,2000-09,9,24,2,The Simpsons,2.0,yearendMASTER-chartcalcs.ods,2000yearend,54,13,inverse_points_preserve_position
2000,2000-09,9,25,1,ALF,1.0,yearendMASTER-chartcalcs.ods,2000yearend,7,13,inverse_points_preserve_position
2000,2000-10,10,1,25,Tenchi Muyo,25.0,yearendMASTER-chartcalcs.ods,2000yearend,48,14,inverse_points_preserve_position
2000,2000-10,10,2,24,Rupert,24.0,yearendMASTER-chartcalcs.ods,2000yearend,44,14,inverse_points_preserve_position
2000,2000-10,10,3,23,Digimon: Digital Monsters,23.0,yearendMASTER-chartcalcs.ods,2000yearend,21,14,inverse_points_preserve_position
2000,2000-10,10,4,22,WWF War Zone,22.0,yearendMASTER-chartcalcs.ods,2000yearend,65,14,inverse_points_preserve_position
2000,2000-10,10,5,21,WCW Monday Nitro,21.0,yearendMASTER-chartcalcs.ods,2000yearend,59,14,inverse_points_preserve_position
2000,2000-10,10,6,20,Franklin,20.0,yearendMASTER-chartcalcs.ods,2000yearend,29,14,inverse_points_preserve_position
2000,2000-10,10,7,19,"Sabrina, the Animated Series",19.0,yearendMASTER-chartcalcs.ods,2000yearend,45,14,inverse_points_preserve_position
2000,2000-10,10,8,18,Martin,18.0,yearendMASTER-chartcalcs.ods,2000yearend,36,14,inverse_points_preserve_position
2000,2000-10,10,9,17,WWF Raw Is War,17.0,yearendMASTER-chartcalcs.ods,2000yearend,63,14,inverse_points_preserve_position
2000,2000-10,10,10,16,Comicview,16.0,yearendMASTER-chartcalcs.ods,2000yearend,18,14,inverse_points_preserve_position
2000,2000-10,10,11,15,Dragon Tales,15.0,yearendMASTER-chartcalcs.ods,2000yearend,25,14,inverse_points_preserve_position
2000,2000-10,10,12,14,Between the Lions,14.0,yearendMASTER-chartcalcs.ods,2000yearend,13,14,inverse_points_preserve_position
2000,2000-10,10,13,13,Direct Effect,13.0,yearendMASTER-chartcalcs.ods,2000yearend,22,14,inverse_points_preserve_position
2000,2000-10,10,14,12,Futurama,12.0,yearendMASTER-chartcalcs.ods,2000yearend,30,14,inverse_points_preserve_position
2000,2000-10,10,15,11,WCW Thunder,11.0,yearendMASTER-chartcalcs.ods,2000yearend,60,14,inverse_points_preserve_position
2000,2000-10,10,16,10,PB&J Otter,10.0,yearendMASTER-chartcalcs.ods,2000yearend,40,14,inverse_points_preserve_position
2000,2000-10,10,17,9,ALF,9.0,yearendMASTER-chartcalcs.ods,2000yearend,7,14,inverse_points_preserve_position
2000,2000-10,10,18,8,The Fresh Prince of Bel-Air,8.0,yearendMASTER-chartcalcs.ods,2000yearend,50,14,inverse_points_preserve_position
2000,2000-10,10,19,7,Total Request Live,7.0,yearendMASTER-chartcalcs.ods,2000yearend,58,14,inverse_points_preserve_position
2000,2000-10,10,20,6,Clifford the Big Red Dog,6.0,yearendMASTER-chartcalcs.ods,2000yearend,17,14,inverse_points_preserve_position
2000,2000-10,10,21,5,City Guys,5.0,yearendMASTER-chartcalcs.ods,2000yearend,16,14,inverse_points_preserve_position
2000,2000-10,10,22,4,The Simpsons,4.0,yearendMASTER-chartcalcs.ods,2000yearend,54,14,inverse_points_preserve_position
2000,2000-10,10,23,3,Days of Our Lives,3.0,yearendMASTER-chartcalcs.ods,2000yearend,20,14,inverse_points_preserve_position
2000,2000-10,10,24,2,Dragonball Z,2.0,yearendMASTER-chartcalcs.ods,2000yearend,26,14,inverse_points_preserve_position
2000,2000-10,10,25,1,WWF Live Wire,1.0,yearendMASTER-chartcalcs.ods,2000yearend,62,14,inverse_points_preserve_position
2000,2000-11,11,1,25,Tenchi Muyo,25.0,yearendMASTER-chartcalcs.ods,2000yearend,48,15,inverse_points_preserve_position
2000,2000-11,11,2,24,Digimon: Digital Monsters,24.0,yearendMASTER-chartcalcs.ods,2000yearend,21,15,inverse_points_preserve_position
2000,2000-11,11,3,23,WWF War Zone,23.0,yearendMASTER-chartcalcs.ods,2000yearend,65,15,inverse_points_preserve_position
2000,2000-11,11,4,22,Franklin,22.0,yearendMASTER-chartcalcs.ods,2000yearend,29,15,inverse_points_preserve_position
2000,2000-11,11,5,21,"Sabrina, the Animated Series",21.0,yearendMASTER-chartcalcs.ods,2000yearend,45,15,inverse_points_preserve_position
2000,2000-11,11,6,20,PB&J Otter,20.0,yearendMASTER-chartcalcs.ods,2000yearend,40,15,inverse_points_preserve_position
2000,2000-11,11,7,19,Timothy Goes to School,19.0,yearendMASTER-chartcalcs.ods,2000yearend,56,15,inverse_points_preserve_position
2000,2000-11,11,8,18,WCW Monday Nitro,18.0,yearendMASTER-chartcalcs.ods,2000yearend,59,15,inverse_points_preserve_position
2000,2000-11,11,9,17,Rupert,17.0,yearendMASTER-chartcalcs.ods,2000yearend,44,15,inverse_points_preserve_position
2000,2000-11,11,10,16,WWF Raw Is War,16.0,yearendMASTER-chartcalcs.ods,2000yearend,63,15,inverse_points_preserve_position
2000,2000-11,11,11,15,Martin,15.0,yearendMASTER-chartcalcs.ods,2000yearend,36,15,inverse_points_preserve_position
2000,2000-11,11,12,14,Futurama,14.0,yearendMASTER-chartcalcs.ods,2000yearend,30,15,inverse_points_preserve_position
2000,2000-11,11,13,13,Direct Effect,13.0,yearendMASTER-chartcalcs.ods,2000yearend,22,15,inverse_points_preserve_position
2000,2000-11,11,14,12,Between the Lions,12.0,yearendMASTER-chartcalcs.ods,2000yearend,13,15,inverse_points_preserve_position
2000,2000-11,11,15,11,WCW Thunder,11.0,yearendMASTER-chartcalcs.ods,2000yearend,60,15,inverse_points_preserve_position
2000,2000-11,11,16,10,Total Request Live,10.0,yearendMASTER-chartcalcs.ods,2000yearend,58,15,inverse_points_preserve_position
2000,2000-11,11,17,9,Comicview,9.0,yearendMASTER-chartcalcs.ods,2000yearend,18,15,inverse_points_preserve_position
2000,2000-11,11,18,8,Clifford the Big Red Dog,8.0,yearendMASTER-chartcalcs.ods,2000yearend,17,15,inverse_points_preserve_position
2000,2000-11,11,19,7,WWF Live Wire,7.0,yearendMASTER-chartcalcs.ods,2000yearend,62,15,inverse_points_preserve_position
2000,2000-11,11,20,6,Tiny Toon Adventures,6.0,yearendMASTER-chartcalcs.ods,2000yearend,57,15,inverse_points_preserve_position
2000,2000-11,11,21,5,The Simpsons,5.0,yearendMASTER-chartcalcs.ods,2000yearend,54,15,inverse_points_preserve_position
2000,2000-11,11,22,4,Dragonball Z,4.0,yearendMASTER-chartcalcs.ods,2000yearend,26,15,inverse_points_preserve_position
2000,2000-11,11,23,3,Dragon Tales,3.0,yearendMASTER-chartcalcs.ods,2000yearend,25,15,inverse_points_preserve_position
2000,2000-11,11,24,2,ALF,2.0,yearendMASTER-chartcalcs.ods,2000yearend,7,15,inverse_points_preserve_position
2000,2000-11,11,25,1,City Guys,1.0,yearendMASTER-chartcalcs.ods,2000yearend,16,15,inverse_points_preserve_position
2000,2000-12,12,1,25,Digimon: Digital Monsters,25.0,yearendMASTER-chartcalcs.ods,2000yearend,21,16,inverse_points_preserve_position
2000,2000-12,12,2,24,Timothy Goes to School,24.0,yearendMASTER-chartcalcs.ods,2000yearend,56,16,inverse_points_preserve_position
2000,2000-12,12,3,23,Tenchi Muyo,23.0,yearendMASTER-chartcalcs.ods,2000yearend,48,16,inverse_points_preserve_position
2000,2000-12,12,4,22,"Sabrina, the Animated Series",22.0,yearendMASTER-chartcalcs.ods,2000yearend,45,16,inverse_points_preserve_position
2000,2000-12,12,5,21,Franklin,21.0,yearendMASTER-chartcalcs.ods,2000yearend,29,16,inverse_points_preserve_position
2000,2000-12,12,6,20,The Country Mouse & City Mouse Adventures,20.0,yearendMASTER-chartcalcs.ods,2000yearend,49,16,inverse_points_preserve_position
2000,2000-12,12,7,19,WWF War Zone,19.0,yearendMASTER-chartcalcs.ods,2000yearend,65,16,inverse_points_preserve_position
2000,2000-12,12,8,18,Direct Effect,18.0,yearendMASTER-chartcalcs.ods,2000yearend,22,16,inverse_points_preserve_position
2000,2000-12,12,9,17,Rupert,17.0,yearendMASTER-chartcalcs.ods,2000yearend,44,16,inverse_points_preserve_position
2000,2000-12,12,10,16,PB&J Otter,16.0,yearendMASTER-chartcalcs.ods,2000yearend,40,16,inverse_points_preserve_position
2000,2000-12,12,11,15,WCW Monday Nitro,15.0,yearendMASTER-chartcalcs.ods,2000yearend,59,16,inverse_points_preserve_position
2000,2000-12,12,12,14,WWF Raw Is War,14.0,yearendMASTER-chartcalcs.ods,2000yearend,63,16,inverse_points_preserve_position
2000,2000-12,12,13,13,Total Request Live,13.0,yearendMASTER-chartcalcs.ods,2000yearend,58,16,inverse_points_preserve_position
2000,2000-12,12,14,12,Between the Lions,12.0,yearendMASTER-chartcalcs.ods,2000yearend,13,16,inverse_points_preserve_position
2000,2000-12,12,15,11,Tiny Toon Adventures,11.0,yearendMASTER-chartcalcs.ods,2000yearend,57,16,inverse_points_preserve_position
2000,2000-12,12,16,10,Martin,10.0,yearendMASTER-chartcalcs.ods,2000yearend,36,16,inverse_points_preserve_position
2000,2000-12,12,17,9,Clifford the Big Red Dog,9.0,yearendMASTER-chartcalcs.ods,2000yearend,17,16,inverse_points_preserve_position
2000,2000-12,12,18,8,Comicview,8.0,yearendMASTER-chartcalcs.ods,2000yearend,18,16,inverse_points_preserve_position
2000,2000-12,12,19,7,Dragon Tales,7.0,yearendMASTER-chartcalcs.ods,2000yearend,25,16,inverse_points_preserve_position
2000,2000-12,12,20,6,The Fresh Prince of Bel-Air,6.0,yearendMASTER-chartcalcs.ods,2000yearend,50,16,inverse_points_preserve_position
2000,2000-12,12,21,5,WCW Thunder,5.0,yearendMASTER-chartcalcs.ods,2000yearend,60,16,inverse_points_preserve_position
2000,2000-12,12,22,4,Days of Our Lives,4.0,yearendMASTER-chartcalcs.ods,2000yearend,20,16,inverse_points_preserve_position
2000,2000-12,12,23,3,Little Women,3.0,yearendMASTER-chartcalcs.ods,2000yearend,35,16,inverse_points_preserve_position
2000,2000-12,12,24,2,Futurama,2.0,yearendMASTER-chartcalcs.ods,2000yearend,30,16,inverse_points_preserve_position
2000,2000-12,12,25,1,ALF,1.0,yearendMASTER-chartcalcs.ods,2000yearend,7,16,inverse_points_preserve_position
2001,2001-01,1,1,25,Timothy Goes to School,25.0,yearendMASTER-chartcalcs.ods,2001yearend,58,5,inverse_points_preserve_position
2001,2001-01,1,2,24,WWF War Zone,24.0,yearendMASTER-chartcalcs.ods,2001yearend,66,5,inverse_points_preserve_position
2001,2001-01,1,3,23,WWF Raw Is War,23.0,yearendMASTER-chartcalcs.ods,2001yearend,65,5,inverse_points_preserve_position
2001,2001-01,1,4,22,Franklin,22.0,yearendMASTER-chartcalcs.ods,2001yearend,29,5,inverse_points_preserve_position
2001,2001-01,1,5,21,Touched by An Angel,21.0,yearendMASTER-chartcalcs.ods,2001yearend,61,5,inverse_points_preserve_position
2001,2001-01,1,6,20,Rupert,20.0,yearendMASTER-chartcalcs.ods,2001yearend,47,5,inverse_points_preserve_position
2001,2001-01,1,7,19,Digimon: Digital Monsters,19.0,yearendMASTER-chartcalcs.ods,2001yearend,22,5,inverse_points_preserve_position
2001,2001-01,1,8,18,Dragon Tales,18.0,yearendMASTER-chartcalcs.ods,2001yearend,25,5,inverse_points_preserve_position
2001,2001-01,1,9,17,"Sabrina, the Animated Series",17.0,yearendMASTER-chartcalcs.ods,2001yearend,48,5,inverse_points_preserve_position
2001,2001-01,1,10,16,Tenchi Muyo,16.0,yearendMASTER-chartcalcs.ods,2001yearend,51,5,inverse_points_preserve_position
2001,2001-01,1,11,15,WCW Monday Nitro,15.0,yearendMASTER-chartcalcs.ods,2001yearend,63,5,inverse_points_preserve_position
2001,2001-01,1,12,14,Days of Our Lives,14.0,yearendMASTER-chartcalcs.ods,2001yearend,21,5,inverse_points_preserve_position
2001,2001-01,1,13,13,The Country Mouse & City Mouse Adventures,13.0,yearendMASTER-chartcalcs.ods,2001yearend,53,5,inverse_points_preserve_position
2001,2001-01,1,14,12,The Simpsons,12.0,yearendMASTER-chartcalcs.ods,2001yearend,56,5,inverse_points_preserve_position
2001,2001-01,1,15,11,Little Women,11.0,yearendMASTER-chartcalcs.ods,2001yearend,37,5,inverse_points_preserve_position
2001,2001-01,1,16,10,Total Request Live,10.0,yearendMASTER-chartcalcs.ods,2001yearend,60,5,inverse_points_preserve_position
2001,2001-01,1,17,9,Direct Effect,9.0,yearendMASTER-chartcalcs.ods,2001yearend,23,5,inverse_points_preserve_position
2001,2001-01,1,18,8,Tiny Toon Adventures,8.0,yearendMASTER-chartcalcs.ods,2001yearend,59,5,inverse_points_preserve_position
2001,2001-01,1,19,7,Power Rangers Lightspeed Rescue,7.0,yearendMASTER-chartcalcs.ods,2001yearend,46,5,inverse_points_preserve_position
2001,2001-01,1,20,6,WCW Thunder,6.0,yearendMASTER-chartcalcs.ods,2001yearend,64,5,inverse_points_preserve_position
2001,2001-01,1,21,5,Comicview,5.0,yearendMASTER-chartcalcs.ods,2001yearend,19,5,inverse_points_preserve_position
2001,2001-01,1,22,4,Martin,4.0,yearendMASTER-chartcalcs.ods,2001yearend,39,5,inverse_points_preserve_position
2001,2001-01,1,23,3,Clifford the Big Red Dog,3.0,yearendMASTER-chartcalcs.ods,2001yearend,18,5,inverse_points_preserve_position
2001,2001-01,1,24,2,PB&J Otter,2.0,yearendMASTER-chartcalcs.ods,2001yearend,45,5,inverse_points_preserve_position
2001,2001-01,1,25,1,Between the Lions,1.0,yearendMASTER-chartcalcs.ods,2001yearend,10,5,inverse_points_preserve_position
2001,2001-02,2,1,25,Timothy Goes to School,25.0,yearendMASTER-chartcalcs.ods,2001yearend,58,6,inverse_points_preserve_position
2001,2001-02,2,2,24,Franklin,24.0,yearendMASTER-chartcalcs.ods,2001yearend,29,6,inverse_points_preserve_position
2001,2001-02,2,3,23,Dragon Tales,23.0,yearendMASTER-chartcalcs.ods,2001yearend,25,6,inverse_points_preserve_position
2001,2001-02,2,4,22,Digimon: Digital Monsters,22.0,yearendMASTER-chartcalcs.ods,2001yearend,22,6,inverse_points_preserve_position
2001,2001-02,2,5,21,WWF War Zone,21.0,yearendMASTER-chartcalcs.ods,2001yearend,66,6,inverse_points_preserve_position
2001,2001-02,2,6,20,Dora the Explorer,20.0,yearendMASTER-chartcalcs.ods,2001yearend,24,6,inverse_points_preserve_position
2001,2001-02,2,7,19,WWF Raw Is War,19.0,yearendMASTER-chartcalcs.ods,2001yearend,65,6,inverse_points_preserve_position
2001,2001-02,2,8,18,WCW Monday Nitro,18.0,yearendMASTER-chartcalcs.ods,2001yearend,63,6,inverse_points_preserve_position
2001,2001-02,2,9,17,Futurama,17.0,yearendMASTER-chartcalcs.ods,2001yearend,30,6,inverse_points_preserve_position
2001,2001-02,2,10,16,Los Luchadores,16.0,yearendMASTER-chartcalcs.ods,2001yearend,38,6,inverse_points_preserve_position
2001,2001-02,2,11,15,Tenchi Muyo,15.0,yearendMASTER-chartcalcs.ods,2001yearend,51,6,inverse_points_preserve_position
2001,2001-02,2,12,14,Tiny Toon Adventures,14.0,yearendMASTER-chartcalcs.ods,2001yearend,59,6,inverse_points_preserve_position
2001,2001-02,2,13,13,Rupert,13.0,yearendMASTER-chartcalcs.ods,2001yearend,47,6,inverse_points_preserve_position
2001,2001-02,2,14,12,The Simpsons,12.0,yearendMASTER-chartcalcs.ods,2001yearend,56,6,inverse_points_preserve_position
2001,2001-02,2,15,11,Days of Our Lives,11.0,yearendMASTER-chartcalcs.ods,2001yearend,21,6,inverse_points_preserve_position
2001,2001-02,2,16,10,Comicview,10.0,yearendMASTER-chartcalcs.ods,2001yearend,19,6,inverse_points_preserve_position
2001,2001-02,2,17,9,I Dream of Jeannie,9.0,yearendMASTER-chartcalcs.ods,2001yearend,32,6,inverse_points_preserve_position
2001,2001-02,2,18,8,Total Request Live,8.0,yearendMASTER-chartcalcs.ods,2001yearend,60,6,inverse_points_preserve_position
2001,2001-02,2,19,7,Martin,7.0,yearendMASTER-chartcalcs.ods,2001yearend,39,6,inverse_points_preserve_position
2001,2001-02,2,20,6,Clifford the Big Red Dog,6.0,yearendMASTER-chartcalcs.ods,2001yearend,18,6,inverse_points_preserve_position
2001,2001-02,2,21,5,The Magic School Bus,5.0,yearendMASTER-chartcalcs.ods,2001yearend,54,6,inverse_points_preserve_position
2001,2001-02,2,22,4,Touched by An Angel,4.0,yearendMASTER-chartcalcs.ods,2001yearend,61,6,inverse_points_preserve_position
2001,2001-02,2,23,3,PB&J Otter,3.0,yearendMASTER-chartcalcs.ods,2001yearend,45,6,inverse_points_preserve_position
2001,2001-02,2,24,2,WCW Thunder,2.0,yearendMASTER-chartcalcs.ods,2001yearend,64,6,inverse_points_preserve_position
2001,2001-02,2,25,1,Direct Effect,1.0,yearendMASTER-chartcalcs.ods,2001yearend,23,6,inverse_points_preserve_position
2001,2001-03,3,1,25,Timothy Goes to School,25.0,yearendMASTER-chartcalcs.ods,2001yearend,58,7,inverse_points_preserve_position
2001,2001-03,3,2,24,The Simpsons,24.0,yearendMASTER-chartcalcs.ods,2001yearend,56,7,inverse_points_preserve_position
2001,2001-03,3,3,23,Futurama,23.0,yearendMASTER-chartcalcs.ods,2001yearend,30,7,inverse_points_preserve_position
2001,2001-03,3,4,22,WCW Monday Nitro,22.0,yearendMASTER-chartcalcs.ods,2001yearend,63,7,inverse_points_preserve_position
2001,2001-03,3,5,21,"Sabrina, the Animated Series",21.0,yearendMASTER-chartcalcs.ods,2001yearend,48,7,inverse_points_preserve_position
2001,2001-03,3,6,20,Digimon: Digital Monsters,20.0,yearendMASTER-chartcalcs.ods,2001yearend,22,7,inverse_points_preserve_position
2001,2001-03,3,7,19,Dragon Tales,19.0,yearendMASTER-chartcalcs.ods,2001yearend,25,7,inverse_points_preserve_position
2001,2001-03,3,8,18,Franklin,18.0,yearendMASTER-chartcalcs.ods,2001yearend,29,7,inverse_points_preserve_position
2001,2001-03,3,9,17,WWF War Zone,17.0,yearendMASTER-chartcalcs.ods,2001yearend,66,7,inverse_points_preserve_position
2001,2001-03,3,10,16,Dora the Explorer,16.0,yearendMASTER-chartcalcs.ods,2001yearend,24,7,inverse_points_preserve_position
2001,2001-03,3,11,15,Little Bear,15.0,yearendMASTER-chartcalcs.ods,2001yearend,36,7,inverse_points_preserve_position
2001,2001-03,3,12,14,Tenchi Muyo,14.0,yearendMASTER-chartcalcs.ods,2001yearend,51,7,inverse_points_preserve_position
2001,2001-03,3,13,13,King of the Hill,13.0,yearendMASTER-chartcalcs.ods,2001yearend,34,7,inverse_points_preserve_position
2001,2001-03,3,14,12,Elliot Moose,12.0,yearendMASTER-chartcalcs.ods,2001yearend,26,7,inverse_points_preserve_position
2001,2001-03,3,15,11,The Magic School Bus,11.0,yearendMASTER-chartcalcs.ods,2001yearend,54,7,inverse_points_preserve_position
2001,2001-03,3,16,10,WWF Raw Is War,10.0,yearendMASTER-chartcalcs.ods,2001yearend,65,7,inverse_points_preserve_position
2001,2001-03,3,17,9,Comicview,9.0,yearendMASTER-chartcalcs.ods,2001yearend,19,7,inverse_points_preserve_position
2001,2001-03,3,18,8,Total Request Live,8.0,yearendMASTER-chartcalcs.ods,2001yearend,60,7,inverse_points_preserve_position
2001,2001-03,3,19,7,Rupert,7.0,yearendMASTER-chartcalcs.ods,2001yearend,47,7,inverse_points_preserve_position
2001,2001-03,3,20,6,Clifford the Big Red Dog,6.0,yearendMASTER-chartcalcs.ods,2001yearend,18,7,inverse_points_preserve_position
2001,2001-03,3,21,5,Los Luchadores,5.0,yearendMASTER-chartcalcs.ods,2001yearend,38,7,inverse_points_preserve_position
2001,2001-03,3,22,4,Days of Our Lives,4.0,yearendMASTER-chartcalcs.ods,2001yearend,21,7,inverse_points_preserve_position
2001,2001-03,3,23,3,PB&J Otter,3.0,yearendMASTER-chartcalcs.ods,2001yearend,45,7,inverse_points_preserve_position
2001,2001-03,3,24,2,Martin,2.0,yearendMASTER-chartcalcs.ods,2001yearend,39,7,inverse_points_preserve_position
2001,2001-03,3,25,1,Tiny Toon Adventures,1.0,yearendMASTER-chartcalcs.ods,2001yearend,59,7,inverse_points_preserve_position
2001,2001-04,4,1,25,Timothy Goes to School,25.0,yearendMASTER-chartcalcs.ods,2001yearend,58,8,inverse_points_preserve_position
2001,2001-04,4,2,24,The Simpsons,24.0,yearendMASTER-chartcalcs.ods,2001yearend,56,8,inverse_points_preserve_position
2001,2001-04,4,3,23,Franklin,23.0,yearendMASTER-chartcalcs.ods,2001yearend,29,8,inverse_points_preserve_position
2001,2001-04,4,4,22,Digimon: Digital Monsters,22.0,yearendMASTER-chartcalcs.ods,2001yearend,22,8,inverse_points_preserve_position
2001,2001-04,4,5,21,Kipper,21.0,yearendMASTER-chartcalcs.ods,2001yearend,35,8,inverse_points_preserve_position
2001,2001-04,4,6,20,"Sabrina, the Animated Series",20.0,yearendMASTER-chartcalcs.ods,2001yearend,48,8,inverse_points_preserve_position
2001,2001-04,4,7,19,King of the Hill,19.0,yearendMASTER-chartcalcs.ods,2001yearend,34,8,inverse_points_preserve_position
2001,2001-04,4,8,18,Tenchi Muyo,18.0,yearendMASTER-chartcalcs.ods,2001yearend,51,8,inverse_points_preserve_position
2001,2001-04,4,9,17,Elliot Moose,17.0,yearendMASTER-chartcalcs.ods,2001yearend,26,8,inverse_points_preserve_position
2001,2001-04,4,10,16,Futurama,16.0,yearendMASTER-chartcalcs.ods,2001yearend,30,8,inverse_points_preserve_position
2001,2001-04,4,11,15,Comicview,15.0,yearendMASTER-chartcalcs.ods,2001yearend,19,8,inverse_points_preserve_position
2001,2001-04,4,12,14,Dora the Explorer,14.0,yearendMASTER-chartcalcs.ods,2001yearend,24,8,inverse_points_preserve_position
2001,2001-04,4,13,13,Dragon Tales,13.0,yearendMASTER-chartcalcs.ods,2001yearend,25,8,inverse_points_preserve_position
2001,2001-04,4,14,12,Clifford the Big Red Dog,12.0,yearendMASTER-chartcalcs.ods,2001yearend,18,8,inverse_points_preserve_position
2001,2001-04,4,15,11,Rupert,11.0,yearendMASTER-chartcalcs.ods,2001yearend,47,8,inverse_points_preserve_position
2001,2001-04,4,16,10,PB&J Otter,10.0,yearendMASTER-chartcalcs.ods,2001yearend,45,8,inverse_points_preserve_position
2001,2001-04,4,17,9,WCW Monday Nitro,9.0,yearendMASTER-chartcalcs.ods,2001yearend,63,8,inverse_points_preserve_position
2001,2001-04,4,18,8,Martin,8.0,yearendMASTER-chartcalcs.ods,2001yearend,39,8,inverse_points_preserve_position
2001,2001-04,4,19,7,WWF War Zone,7.0,yearendMASTER-chartcalcs.ods,2001yearend,66,8,inverse_points_preserve_position
2001,2001-04,4,20,6,WWF Raw Is War,6.0,yearendMASTER-chartcalcs.ods,2001yearend,65,8,inverse_points_preserve_position
2001,2001-04,4,21,5,Between the Lions,5.0,yearendMASTER-chartcalcs.ods,2001yearend,10,8,inverse_points_preserve_position
2001,2001-04,4,22,4,Tiny Toon Adventures,4.0,yearendMASTER-chartcalcs.ods,2001yearend,59,8,inverse_points_preserve_position
2001,2001-04,4,23,3,The Magic School Bus,3.0,yearendMASTER-chartcalcs.ods,2001yearend,54,8,inverse_points_preserve_position
2001,2001-04,4,24,2,Total Request Live,2.0,yearendMASTER-chartcalcs.ods,2001yearend,60,8,inverse_points_preserve_position
2001,2001-04,4,25,1,Days of Our Lives,1.0,yearendMASTER-chartcalcs.ods,2001yearend,21,8,inverse_points_preserve_position
2001,2001-05,5,1,25,Timothy Goes to School,25.0,yearendMASTER-chartcalcs.ods,2001yearend,58,9,inverse_points_preserve_position
2001,2001-05,5,2,24,Elliot Moose,24.0,yearendMASTER-chartcalcs.ods,2001yearend,26,9,inverse_points_preserve_position
2001,2001-05,5,3,23,Franklin,23.0,yearendMASTER-chartcalcs.ods,2001yearend,29,9,inverse_points_preserve_position
2001,2001-05,5,4,22,Brian Jacques' Redwall,22.0,yearendMASTER-chartcalcs.ods,2001yearend,16,9,inverse_points_preserve_position
2001,2001-05,5,5,21,The Simpsons,21.0,yearendMASTER-chartcalcs.ods,2001yearend,56,9,inverse_points_preserve_position
2001,2001-05,5,6,20,Digimon: Digital Monsters,20.0,yearendMASTER-chartcalcs.ods,2001yearend,22,9,inverse_points_preserve_position
2001,2001-05,5,7,19,Kipper,19.0,yearendMASTER-chartcalcs.ods,2001yearend,35,9,inverse_points_preserve_position
2001,2001-05,5,8,18,Dora the Explorer,18.0,yearendMASTER-chartcalcs.ods,2001yearend,24,9,inverse_points_preserve_position
2001,2001-05,5,9,17,Garfield,17.0,yearendMASTER-chartcalcs.ods,2001yearend,31,9,inverse_points_preserve_position
2001,2001-05,5,10,16,King of the Hill,16.0,yearendMASTER-chartcalcs.ods,2001yearend,34,9,inverse_points_preserve_position
2001,2001-05,5,11,15,Blue's Clues,15.0,yearendMASTER-chartcalcs.ods,2001yearend,12,9,inverse_points_preserve_position
2001,2001-05,5,12,14,Rupert,14.0,yearendMASTER-chartcalcs.ods,2001yearend,47,9,inverse_points_preserve_position
2001,2001-05,5,13,13,"Sabrina, the Animated Series",13.0,yearendMASTER-chartcalcs.ods,2001yearend,48,9,inverse_points_preserve_position
2001,2001-05,5,14,12,Futurama,12.0,yearendMASTER-chartcalcs.ods,2001yearend,30,9,inverse_points_preserve_position
2001,2001-05,5,15,11,Clifford the Big Red Dog,11.0,yearendMASTER-chartcalcs.ods,2001yearend,18,9,inverse_points_preserve_position
2001,2001-05,5,16,10,Tenchi Muyo,10.0,yearendMASTER-chartcalcs.ods,2001yearend,51,9,inverse_points_preserve_position
2001,2001-05,5,17,9,Dragon Tales,9.0,yearendMASTER-chartcalcs.ods,2001yearend,25,9,inverse_points_preserve_position
2001,2001-05,5,18,8,PB&J Otter,8.0,yearendMASTER-chartcalcs.ods,2001yearend,45,9,inverse_points_preserve_position
2001,2001-05,5,19,7,Comicview,7.0,yearendMASTER-chartcalcs.ods,2001yearend,19,9,inverse_points_preserve_position
2001,2001-05,5,20,6,WCW Monday Nitro,6.0,yearendMASTER-chartcalcs.ods,2001yearend,63,9,inverse_points_preserve_position
2001,2001-05,5,21,5,Between the Lions,5.0,yearendMASTER-chartcalcs.ods,2001yearend,10,9,inverse_points_preserve_position
2001,2001-05,5,22,4,Days of Our Lives,4.0,yearendMASTER-chartcalcs.ods,2001yearend,21,9,inverse_points_preserve_position
2001,2001-05,5,23,3,Big Guy and Rusty: The Boy Robot,3.0,yearendMASTER-chartcalcs.ods,2001yearend,11,9,inverse_points_preserve_position
2001,2001-05,5,24,2,The Magic School Bus,2.0,yearendMASTER-chartcalcs.ods,2001yearend,54,9,inverse_points_preserve_position
2001,2001-05,5,25,1,Total Request Live,1.0,yearendMASTER-chartcalcs.ods,2001yearend,60,9,inverse_points_preserve_position
2001,2001-06,6,1,25,Timothy Goes to School,25.0,yearendMASTER-chartcalcs.ods,2001yearend,58,10,inverse_points_preserve_position
2001,2001-06,6,2,24,Brian Jacques' Redwall,24.0,yearendMASTER-chartcalcs.ods,2001yearend,16,10,inverse_points_preserve_position
2001,2001-06,6,3,23,Franklin,23.0,yearendMASTER-chartcalcs.ods,2001yearend,29,10,inverse_points_preserve_position
2001,2001-06,6,4,22,Elliot Moose,22.0,yearendMASTER-chartcalcs.ods,2001yearend,26,10,inverse_points_preserve_position
2001,2001-06,6,5,21,Dragon Tales,21.0,yearendMASTER-chartcalcs.ods,2001yearend,25,10,inverse_points_preserve_position
2001,2001-06,6,6,20,Dora the Explorer,20.0,yearendMASTER-chartcalcs.ods,2001yearend,24,10,inverse_points_preserve_position
2001,2001-06,6,7,19,Futurama,19.0,yearendMASTER-chartcalcs.ods,2001yearend,30,10,inverse_points_preserve_position
2001,2001-06,6,8,18,The Simpsons,18.0,yearendMASTER-chartcalcs.ods,2001yearend,56,10,inverse_points_preserve_position
2001,2001-06,6,9,17,One World,17.0,yearendMASTER-chartcalcs.ods,2001yearend,42,10,inverse_points_preserve_position
2001,2001-06,6,10,16,Digimon: Digital Monsters,16.0,yearendMASTER-chartcalcs.ods,2001yearend,22,10,inverse_points_preserve_position
2001,2001-06,6,11,15,Days of Our Lives,15.0,yearendMASTER-chartcalcs.ods,2001yearend,21,10,inverse_points_preserve_position
2001,2001-06,6,12,14,King of the Hill,14.0,yearendMASTER-chartcalcs.ods,2001yearend,34,10,inverse_points_preserve_position
2001,2001-06,6,13,13,City Guys,13.0,yearendMASTER-chartcalcs.ods,2001yearend,17,10,inverse_points_preserve_position
2001,2001-06,6,14,12,Clifford the Big Red Dog,12.0,yearendMASTER-chartcalcs.ods,2001yearend,18,10,inverse_points_preserve_position
2001,2001-06,6,15,11,Kipper,11.0,yearendMASTER-chartcalcs.ods,2001yearend,35,10,inverse_points_preserve_position
2001,2001-06,6,16,10,Garfield,10.0,yearendMASTER-chartcalcs.ods,2001yearend,31,10,inverse_points_preserve_position
2001,2001-06,6,17,9,Just Deal,9.0,yearendMASTER-chartcalcs.ods,2001yearend,33,10,inverse_points_preserve_position
2001,2001-06,6,18,8,Between the Lions,8.0,yearendMASTER-chartcalcs.ods,2001yearend,10,10,inverse_points_preserve_position
2001,2001-06,6,19,7,The Magic School Bus,7.0,yearendMASTER-chartcalcs.ods,2001yearend,54,10,inverse_points_preserve_position
2001,2001-06,6,20,6,PB&J Otter,6.0,yearendMASTER-chartcalcs.ods,2001yearend,45,10,inverse_points_preserve_position
2001,2001-06,6,21,5,Comicview,5.0,yearendMASTER-chartcalcs.ods,2001yearend,19,10,inverse_points_preserve_position
2001,2001-06,6,22,4,Blue's Clues,4.0,yearendMASTER-chartcalcs.ods,2001yearend,12,10,inverse_points_preserve_position
2001,2001-06,6,23,3,"Sabrina, the Animated Series",3.0,yearendMASTER-chartcalcs.ods,2001yearend,48,10,inverse_points_preserve_position
2001,2001-06,6,24,2,Total Request Live,2.0,yearendMASTER-chartcalcs.ods,2001yearend,60,10,inverse_points_preserve_position
2001,2001-06,6,25,1,Tenchi Muyo,1.0,yearendMASTER-chartcalcs.ods,2001yearend,51,10,inverse_points_preserve_position
2001,2001-07,7,1,25,Timothy Goes to School,25.0,yearendMASTER-chartcalcs.ods,2001yearend,58,11,inverse_points_preserve_position
2001,2001-07,7,2,24,Dragon Tales,24.0,yearendMASTER-chartcalcs.ods,2001yearend,25,11,inverse_points_preserve_position
2001,2001-07,7,3,23,Digimon: Digital Monsters,23.0,yearendMASTER-chartcalcs.ods,2001yearend,22,11,inverse_points_preserve_position
2001,2001-07,7,4,22,Franklin,22.0,yearendMASTER-chartcalcs.ods,2001yearend,29,11,inverse_points_preserve_position
2001,2001-07,7,5,21,Elliot Moose,21.0,yearendMASTER-chartcalcs.ods,2001yearend,26,11,inverse_points_preserve_position
2001,2001-07,7,6,20,Dora the Explorer,20.0,yearendMASTER-chartcalcs.ods,2001yearend,24,11,inverse_points_preserve_position
2001,2001-07,7,7,19,Days of Our Lives,19.0,yearendMASTER-chartcalcs.ods,2001yearend,21,11,inverse_points_preserve_position
2001,2001-07,7,8,18,Futurama,18.0,yearendMASTER-chartcalcs.ods,2001yearend,30,11,inverse_points_preserve_position
2001,2001-07,7,9,17,King of the Hill,17.0,yearendMASTER-chartcalcs.ods,2001yearend,34,11,inverse_points_preserve_position
2001,2001-07,7,10,16,Brian Jacques' Redwall,16.0,yearendMASTER-chartcalcs.ods,2001yearend,16,11,inverse_points_preserve_position
2001,2001-07,7,11,15,The Simpsons,15.0,yearendMASTER-chartcalcs.ods,2001yearend,56,11,inverse_points_preserve_position
2001,2001-07,7,12,14,One World,14.0,yearendMASTER-chartcalcs.ods,2001yearend,42,11,inverse_points_preserve_position
2001,2001-07,7,13,13,Clifford the Big Red Dog,13.0,yearendMASTER-chartcalcs.ods,2001yearend,18,11,inverse_points_preserve_position
2001,2001-07,7,14,12,Garfield,12.0,yearendMASTER-chartcalcs.ods,2001yearend,31,11,inverse_points_preserve_position
2001,2001-07,7,15,11,PB&J Otter,11.0,yearendMASTER-chartcalcs.ods,2001yearend,45,11,inverse_points_preserve_position
2001,2001-07,7,16,10,Boston Public,10.0,yearendMASTER-chartcalcs.ods,2001yearend,14,11,inverse_points_preserve_position
2001,2001-07,7,17,9,City Guys,9.0,yearendMASTER-chartcalcs.ods,2001yearend,17,11,inverse_points_preserve_position
2001,2001-07,7,18,8,Total Request Live,8.0,yearendMASTER-chartcalcs.ods,2001yearend,60,11,inverse_points_preserve_position
2001,2001-07,7,19,7,Kipper,7.0,yearendMASTER-chartcalcs.ods,2001yearend,35,11,inverse_points_preserve_position
2001,2001-07,7,20,6,WWF War Zone,6.0,yearendMASTER-chartcalcs.ods,2001yearend,66,11,inverse_points_preserve_position
2001,2001-07,7,21,5,WWF Raw Is War,5.0,yearendMASTER-chartcalcs.ods,2001yearend,65,11,inverse_points_preserve_position
2001,2001-07,7,22,4,Comicview,4.0,yearendMASTER-chartcalcs.ods,2001yearend,19,11,inverse_points_preserve_position
2001,2001-07,7,23,3,Just Deal,3.0,yearendMASTER-chartcalcs.ods,2001yearend,33,11,inverse_points_preserve_position
2001,2001-07,7,24,2,"Sabrina, the Animated Series",2.0,yearendMASTER-chartcalcs.ods,2001yearend,48,11,inverse_points_preserve_position
2001,2001-07,7,25,1,Blue's Clues,1.0,yearendMASTER-chartcalcs.ods,2001yearend,12,11,inverse_points_preserve_position
2001,2001-08,8,1,25,Timothy Goes to School,25.0,yearendMASTER-chartcalcs.ods,2001yearend,58,12,inverse_points_preserve_position
2001,2001-08,8,2,24,Dragon Tales,24.0,yearendMASTER-chartcalcs.ods,2001yearend,25,12,inverse_points_preserve_position
2001,2001-08,8,3,23,Days of Our Lives,23.0,yearendMASTER-chartcalcs.ods,2001yearend,21,12,inverse_points_preserve_position
2001,2001-08,8,4,22,Elliot Moose,22.0,yearendMASTER-chartcalcs.ods,2001yearend,26,12,inverse_points_preserve_position
2001,2001-08,8,5,21,Brian Jacques' Redwall,21.0,yearendMASTER-chartcalcs.ods,2001yearend,16,12,inverse_points_preserve_position
2001,2001-08,8,6,20,Franklin,20.0,yearendMASTER-chartcalcs.ods,2001yearend,29,12,inverse_points_preserve_position
2001,2001-08,8,7,19,Digimon: Digital Monsters,19.0,yearendMASTER-chartcalcs.ods,2001yearend,22,12,inverse_points_preserve_position
2001,2001-08,8,8,18,Kipper,18.0,yearendMASTER-chartcalcs.ods,2001yearend,35,12,inverse_points_preserve_position
2001,2001-08,8,9,17,Dora the Explorer,17.0,yearendMASTER-chartcalcs.ods,2001yearend,24,12,inverse_points_preserve_position
2001,2001-08,8,10,16,ER,16.0,yearendMASTER-chartcalcs.ods,2001yearend,27,12,inverse_points_preserve_position
2001,2001-08,8,11,15,Futurama,15.0,yearendMASTER-chartcalcs.ods,2001yearend,30,12,inverse_points_preserve_position
2001,2001-08,8,12,14,PB&J Otter,14.0,yearendMASTER-chartcalcs.ods,2001yearend,45,12,inverse_points_preserve_position
2001,2001-08,8,13,13,Little Bear,13.0,yearendMASTER-chartcalcs.ods,2001yearend,36,12,inverse_points_preserve_position
2001,2001-08,8,14,12,King of the Hill,12.0,yearendMASTER-chartcalcs.ods,2001yearend,34,12,inverse_points_preserve_position
2001,2001-08,8,15,11,The Simpsons,11.0,yearendMASTER-chartcalcs.ods,2001yearend,56,12,inverse_points_preserve_position
2001,2001-08,8,16,10,Clifford the Big Red Dog,10.0,yearendMASTER-chartcalcs.ods,2001yearend,18,12,inverse_points_preserve_position
2001,2001-08,8,17,9,One World,9.0,yearendMASTER-chartcalcs.ods,2001yearend,42,12,inverse_points_preserve_position
2001,2001-08,8,18,8,WWF War Zone,8.0,yearendMASTER-chartcalcs.ods,2001yearend,66,12,inverse_points_preserve_position
2001,2001-08,8,19,7,WWF Raw Is War,7.0,yearendMASTER-chartcalcs.ods,2001yearend,65,12,inverse_points_preserve_position
2001,2001-08,8,20,6,Boston Public,6.0,yearendMASTER-chartcalcs.ods,2001yearend,14,12,inverse_points_preserve_position
2001,2001-08,8,21,5,Total Request Live,5.0,yearendMASTER-chartcalcs.ods,2001yearend,60,12,inverse_points_preserve_position
2001,2001-08,8,22,4,Family Guy,4.0,yearendMASTER-chartcalcs.ods,2001yearend,28,12,inverse_points_preserve_position
2001,2001-08,8,23,3,Garfield,3.0,yearendMASTER-chartcalcs.ods,2001yearend,31,12,inverse_points_preserve_position
2001,2001-08,8,24,2,"Sabrina, the Animated Series",2.0,yearendMASTER-chartcalcs.ods,2001yearend,48,12,inverse_points_preserve_position
2001,2001-08,8,25,1,Comicview,1.0,yearendMASTER-chartcalcs.ods,2001yearend,19,12,inverse_points_preserve_position
2001,2001-09,9,1,25,Timothy Goes to School,25.0,yearendMASTER-chartcalcs.ods,2001yearend,58,13,inverse_points_preserve_position
2001,2001-09,9,2,24,Days of Our Lives,24.0,yearendMASTER-chartcalcs.ods,2001yearend,21,13,inverse_points_preserve_position
2001,2001-09,9,3,23,Little Bear,23.0,yearendMASTER-chartcalcs.ods,2001yearend,36,13,inverse_points_preserve_position
2001,2001-09,9,4,22,Dragon Tales,22.0,yearendMASTER-chartcalcs.ods,2001yearend,25,13,inverse_points_preserve_position
2001,2001-09,9,5,21,Franklin,21.0,yearendMASTER-chartcalcs.ods,2001yearend,29,13,inverse_points_preserve_position
2001,2001-09,9,6,20,Elliot Moose,20.0,yearendMASTER-chartcalcs.ods,2001yearend,26,13,inverse_points_preserve_position
2001,2001-09,9,7,19,Dora the Explorer,19.0,yearendMASTER-chartcalcs.ods,2001yearend,24,13,inverse_points_preserve_position
2001,2001-09,9,8,18,Nightvisions,18.0,yearendMASTER-chartcalcs.ods,2001yearend,41,13,inverse_points_preserve_position
2001,2001-09,9,9,17,Brian Jacques' Redwall,17.0,yearendMASTER-chartcalcs.ods,2001yearend,16,13,inverse_points_preserve_position
2001,2001-09,9,10,16,Digimon: Digital Monsters,16.0,yearendMASTER-chartcalcs.ods,2001yearend,22,13,inverse_points_preserve_position
2001,2001-09,9,11,15,Kipper,15.0,yearendMASTER-chartcalcs.ods,2001yearend,35,13,inverse_points_preserve_position
2001,2001-09,9,12,14,King of the Hill,14.0,yearendMASTER-chartcalcs.ods,2001yearend,34,13,inverse_points_preserve_position
2001,2001-09,9,13,13,Futurama,13.0,yearendMASTER-chartcalcs.ods,2001yearend,30,13,inverse_points_preserve_position
2001,2001-09,9,14,12,The Simpsons,12.0,yearendMASTER-chartcalcs.ods,2001yearend,56,13,inverse_points_preserve_position
2001,2001-09,9,15,11,WWF War Zone,11.0,yearendMASTER-chartcalcs.ods,2001yearend,66,13,inverse_points_preserve_position
2001,2001-09,9,16,10,WWF Raw Is War,10.0,yearendMASTER-chartcalcs.ods,2001yearend,65,13,inverse_points_preserve_position
2001,2001-09,9,17,9,PB&J Otter,9.0,yearendMASTER-chartcalcs.ods,2001yearend,45,13,inverse_points_preserve_position
2001,2001-09,9,18,8,7 Little Monsters,8.0,yearendMASTER-chartcalcs.ods,2001yearend,9,13,inverse_points_preserve_position
2001,2001-09,9,19,7,Family Guy,7.0,yearendMASTER-chartcalcs.ods,2001yearend,28,13,inverse_points_preserve_position
2001,2001-09,9,20,6,ER,6.0,yearendMASTER-chartcalcs.ods,2001yearend,27,13,inverse_points_preserve_position
2001,2001-09,9,21,5,Passions,5.0,yearendMASTER-chartcalcs.ods,2001yearend,44,13,inverse_points_preserve_position
2001,2001-09,9,22,4,Total Request Live,4.0,yearendMASTER-chartcalcs.ods,2001yearend,60,13,inverse_points_preserve_position
2001,2001-09,9,23,3,One World,3.0,yearendMASTER-chartcalcs.ods,2001yearend,42,13,inverse_points_preserve_position
2001,2001-09,9,24,2,Clifford the Big Red Dog,2.0,yearendMASTER-chartcalcs.ods,2001yearend,18,13,inverse_points_preserve_position
2001,2001-09,9,25,1,"Sabrina, the Animated Series",1.0,yearendMASTER-chartcalcs.ods,2001yearend,48,13,inverse_points_preserve_position
2001,2001-10,10,1,25,Digimon: Digital Monsters,25.0,yearendMASTER-chartcalcs.ods,2001yearend,22,14,inverse_points_preserve_position
2001,2001-10,10,2,24,"Sagwa, the Chinese Siamese Cat",24.0,yearendMASTER-chartcalcs.ods,2001yearend,49,14,inverse_points_preserve_position
2001,2001-10,10,3,23,Brian Jacques' Redwall,23.0,yearendMASTER-chartcalcs.ods,2001yearend,16,14,inverse_points_preserve_position
2001,2001-10,10,4,22,Franklin,22.0,yearendMASTER-chartcalcs.ods,2001yearend,29,14,inverse_points_preserve_position
2001,2001-10,10,5,21,Days of Our Lives,21.0,yearendMASTER-chartcalcs.ods,2001yearend,21,14,inverse_points_preserve_position
2001,2001-10,10,6,20,Dragon Tales,20.0,yearendMASTER-chartcalcs.ods,2001yearend,25,14,inverse_points_preserve_position
2001,2001-10,10,7,19,Medabots,19.0,yearendMASTER-chartcalcs.ods,2001yearend,40,14,inverse_points_preserve_position
2001,2001-10,10,8,18,Timothy Goes to School,18.0,yearendMASTER-chartcalcs.ods,2001yearend,58,14,inverse_points_preserve_position
2001,2001-10,10,9,17,Little Bear,17.0,yearendMASTER-chartcalcs.ods,2001yearend,36,14,inverse_points_preserve_position
2001,2001-10,10,10,16,WWF War Zone,16.0,yearendMASTER-chartcalcs.ods,2001yearend,66,14,inverse_points_preserve_position
2001,2001-10,10,11,15,WWF Raw Is War,15.0,yearendMASTER-chartcalcs.ods,2001yearend,65,14,inverse_points_preserve_position
2001,2001-10,10,12,14,Dora the Explorer,14.0,yearendMASTER-chartcalcs.ods,2001yearend,24,14,inverse_points_preserve_position
2001,2001-10,10,13,13,King of the Hill,13.0,yearendMASTER-chartcalcs.ods,2001yearend,34,14,inverse_points_preserve_position
2001,2001-10,10,14,12,Nightvisions,12.0,yearendMASTER-chartcalcs.ods,2001yearend,41,14,inverse_points_preserve_position
2001,2001-10,10,15,11,Futurama,11.0,yearendMASTER-chartcalcs.ods,2001yearend,30,14,inverse_points_preserve_position
2001,2001-10,10,16,10,ER,10.0,yearendMASTER-chartcalcs.ods,2001yearend,27,14,inverse_points_preserve_position
2001,2001-10,10,17,9,7 Little Monsters,9.0,yearendMASTER-chartcalcs.ods,2001yearend,9,14,inverse_points_preserve_position
2001,2001-10,10,18,8,The Simpsons,8.0,yearendMASTER-chartcalcs.ods,2001yearend,56,14,inverse_points_preserve_position
2001,2001-10,10,19,7,Kipper,7.0,yearendMASTER-chartcalcs.ods,2001yearend,35,14,inverse_points_preserve_position
2001,2001-10,10,20,6,Family Guy,6.0,yearendMASTER-chartcalcs.ods,2001yearend,28,14,inverse_points_preserve_position
2001,2001-10,10,21,5,Elliot Moose,5.0,yearendMASTER-chartcalcs.ods,2001yearend,26,14,inverse_points_preserve_position
2001,2001-10,10,22,4,Total Request Live,4.0,yearendMASTER-chartcalcs.ods,2001yearend,60,14,inverse_points_preserve_position
2001,2001-10,10,23,3,Clifford the Big Red Dog,3.0,yearendMASTER-chartcalcs.ods,2001yearend,18,14,inverse_points_preserve_position
2001,2001-10,10,24,2,One World,2.0,yearendMASTER-chartcalcs.ods,2001yearend,42,14,inverse_points_preserve_position
2001,2001-10,10,25,1,Passions,1.0,yearendMASTER-chartcalcs.ods,2001yearend,44,14,inverse_points_preserve_position
2001,2001-11,11,1,25,"Sagwa, the Chinese Siamese Cat",25.0,yearendMASTER-chartcalcs.ods,2001yearend,49,15,inverse_points_preserve_position
2001,2001-11,11,2,24,Digimon: Digital Monsters,24.0,yearendMASTER-chartcalcs.ods,2001yearend,22,15,inverse_points_preserve_position
2001,2001-11,11,3,23,Franklin,23.0,yearendMASTER-chartcalcs.ods,2001yearend,29,15,inverse_points_preserve_position
2001,2001-11,11,4,22,Medabots,22.0,yearendMASTER-chartcalcs.ods,2001yearend,40,15,inverse_points_preserve_position
2001,2001-11,11,5,21,Timothy Goes to School,21.0,yearendMASTER-chartcalcs.ods,2001yearend,58,15,inverse_points_preserve_position
2001,2001-11,11,6,20,Brian Jacques' Redwall,20.0,yearendMASTER-chartcalcs.ods,2001yearend,16,15,inverse_points_preserve_position
2001,2001-11,11,7,19,Dragon Tales,19.0,yearendMASTER-chartcalcs.ods,2001yearend,25,15,inverse_points_preserve_position
2001,2001-11,11,8,18,Days of Our Lives,18.0,yearendMASTER-chartcalcs.ods,2001yearend,21,15,inverse_points_preserve_position
2001,2001-11,11,9,17,Transformers,17.0,yearendMASTER-chartcalcs.ods,2001yearend,62,15,inverse_points_preserve_position
2001,2001-11,11,10,16,The Simpsons,16.0,yearendMASTER-chartcalcs.ods,2001yearend,56,15,inverse_points_preserve_position
2001,2001-11,11,11,15,The Ripping Friends,15.0,yearendMASTER-chartcalcs.ods,2001yearend,55,15,inverse_points_preserve_position
2001,2001-11,11,12,14,WWF War Zone,14.0,yearendMASTER-chartcalcs.ods,2001yearend,66,15,inverse_points_preserve_position
2001,2001-11,11,13,13,WWF Raw Is War,13.0,yearendMASTER-chartcalcs.ods,2001yearend,65,15,inverse_points_preserve_position
2001,2001-11,11,14,12,King of the Hill,12.0,yearendMASTER-chartcalcs.ods,2001yearend,34,15,inverse_points_preserve_position
2001,2001-11,11,15,11,ER,11.0,yearendMASTER-chartcalcs.ods,2001yearend,27,15,inverse_points_preserve_position
2001,2001-11,11,16,10,Scrubs,10.0,yearendMASTER-chartcalcs.ods,2001yearend,50,15,inverse_points_preserve_position
2001,2001-11,11,17,9,Dora the Explorer,9.0,yearendMASTER-chartcalcs.ods,2001yearend,24,15,inverse_points_preserve_position
2001,2001-11,11,18,8,Oswald,8.0,yearendMASTER-chartcalcs.ods,2001yearend,43,15,inverse_points_preserve_position
2001,2001-11,11,19,7,Passions,7.0,yearendMASTER-chartcalcs.ods,2001yearend,44,15,inverse_points_preserve_position
2001,2001-11,11,20,6,Crossing Jordan,6.0,yearendMASTER-chartcalcs.ods,2001yearend,20,15,inverse_points_preserve_position
2001,2001-11,11,21,5,Futurama,5.0,yearendMASTER-chartcalcs.ods,2001yearend,30,15,inverse_points_preserve_position
2001,2001-11,11,22,4,7 Little Monsters,4.0,yearendMASTER-chartcalcs.ods,2001yearend,9,15,inverse_points_preserve_position
2001,2001-11,11,23,3,Family Guy,3.0,yearendMASTER-chartcalcs.ods,2001yearend,28,15,inverse_points_preserve_position
2001,2001-11,11,24,2,Total Request Live,2.0,yearendMASTER-chartcalcs.ods,2001yearend,60,15,inverse_points_preserve_position
2001,2001-11,11,25,1,One World,1.0,yearendMASTER-chartcalcs.ods,2001yearend,42,15,inverse_points_preserve_position
2001,2001-12,12,1,25,"Sagwa, the Chinese Siamese Cat",25.0,yearendMASTER-chartcalcs.ods,2001yearend,49,16,inverse_points_preserve_position
2001,2001-12,12,2,24,Digimon: Digital Monsters,24.0,yearendMASTER-chartcalcs.ods,2001yearend,22,16,inverse_points_preserve_position
2001,2001-12,12,3,23,The Ripping Friends,23.0,yearendMASTER-chartcalcs.ods,2001yearend,55,16,inverse_points_preserve_position
2001,2001-12,12,4,22,The Bernie Mac Show,22.0,yearendMASTER-chartcalcs.ods,2001yearend,52,16,inverse_points_preserve_position
2001,2001-12,12,5,21,Franklin,21.0,yearendMASTER-chartcalcs.ods,2001yearend,29,16,inverse_points_preserve_position
2001,2001-12,12,6,20,Medabots,20.0,yearendMASTER-chartcalcs.ods,2001yearend,40,16,inverse_points_preserve_position
2001,2001-12,12,7,19,King of the Hill,19.0,yearendMASTER-chartcalcs.ods,2001yearend,34,16,inverse_points_preserve_position
2001,2001-12,12,8,18,Bob the Builder,18.0,yearendMASTER-chartcalcs.ods,2001yearend,13,16,inverse_points_preserve_position
2001,2001-12,12,9,17,Brian Jacques' Redwall,17.0,yearendMASTER-chartcalcs.ods,2001yearend,16,16,inverse_points_preserve_position
2001,2001-12,12,10,16,Timothy Goes to School,16.0,yearendMASTER-chartcalcs.ods,2001yearend,58,16,inverse_points_preserve_position
2001,2001-12,12,11,15,Days of Our Lives,15.0,yearendMASTER-chartcalcs.ods,2001yearend,21,16,inverse_points_preserve_position
2001,2001-12,12,12,14,Family Guy,14.0,yearendMASTER-chartcalcs.ods,2001yearend,28,16,inverse_points_preserve_position
2001,2001-12,12,13,13,Dora the Explorer,13.0,yearendMASTER-chartcalcs.ods,2001yearend,24,16,inverse_points_preserve_position
2001,2001-12,12,14,12,The Simpsons,12.0,yearendMASTER-chartcalcs.ods,2001yearend,56,16,inverse_points_preserve_position
2001,2001-12,12,15,11,Braceface,11.0,yearendMASTER-chartcalcs.ods,2001yearend,15,16,inverse_points_preserve_position
2001,2001-12,12,16,10,Transformers,10.0,yearendMASTER-chartcalcs.ods,2001yearend,62,16,inverse_points_preserve_position
2001,2001-12,12,17,9,Oswald,9.0,yearendMASTER-chartcalcs.ods,2001yearend,43,16,inverse_points_preserve_position
2001,2001-12,12,18,8,WWF War Zone,8.0,yearendMASTER-chartcalcs.ods,2001yearend,66,16,inverse_points_preserve_position
2001,2001-12,12,19,7,The Weakest Link,7.0,yearendMASTER-chartcalcs.ods,2001yearend,57,16,inverse_points_preserve_position
2001,2001-12,12,20,6,WWF Raw Is War,6.0,yearendMASTER-chartcalcs.ods,2001yearend,65,16,inverse_points_preserve_position
2001,2001-12,12,21,5,Passions,5.0,yearendMASTER-chartcalcs.ods,2001yearend,44,16,inverse_points_preserve_position
2001,2001-12,12,22,4,ER,4.0,yearendMASTER-chartcalcs.ods,2001yearend,27,16,inverse_points_preserve_position
2001,2001-12,12,23,3,Scrubs,3.0,yearendMASTER-chartcalcs.ods,2001yearend,50,16,inverse_points_preserve_position
2001,2001-12,12,24,2,7 Little Monsters,2.0,yearendMASTER-chartcalcs.ods,2001yearend,9,16,inverse_points_preserve_position
2001,2001-12,12,25,1,Crossing Jordan,1.0,yearendMASTER-chartcalcs.ods,2001yearend,20,16,inverse_points_preserve_position
2002,2002-01,1,1,25,Digimon: Digital Monsters,25.0,yearendMASTER-chartcalcs.ods,2002yearend,23,5,inverse_points_preserve_position
2002,2002-01,1,2,24,Medabots,24.0,yearendMASTER-chartcalcs.ods,2002yearend,39,5,inverse_points_preserve_position
2002,2002-01,1,3,23,"Sagwa, the Chinese Siamese Cat",23.0,yearendMASTER-chartcalcs.ods,2002yearend,43,5,inverse_points_preserve_position
2002,2002-01,1,4,22,King of the Hill,22.0,yearendMASTER-chartcalcs.ods,2002yearend,35,5,inverse_points_preserve_position
2002,2002-01,1,5,21,Bob the Builder,21.0,yearendMASTER-chartcalcs.ods,2002yearend,16,5,inverse_points_preserve_position
2002,2002-01,1,6,20,WWF War Zone,20.0,yearendMASTER-chartcalcs.ods,2002yearend,62,5,inverse_points_preserve_position
2002,2002-01,1,7,19,The Bernie Mac Show,19.0,yearendMASTER-chartcalcs.ods,2002yearend,47,5,inverse_points_preserve_position
2002,2002-01,1,8,18,WWF Raw Is War,18.0,yearendMASTER-chartcalcs.ods,2002yearend,60,5,inverse_points_preserve_position
2002,2002-01,1,9,17,Family Guy,17.0,yearendMASTER-chartcalcs.ods,2002yearend,28,5,inverse_points_preserve_position
2002,2002-01,1,10,16,Franklin,16.0,yearendMASTER-chartcalcs.ods,2002yearend,30,5,inverse_points_preserve_position
2002,2002-01,1,11,15,Dora the Explorer,15.0,yearendMASTER-chartcalcs.ods,2002yearend,24,5,inverse_points_preserve_position
2002,2002-01,1,12,14,Futurama,14.0,yearendMASTER-chartcalcs.ods,2002yearend,31,5,inverse_points_preserve_position
2002,2002-01,1,13,13,Timothy Goes to School,13.0,yearendMASTER-chartcalcs.ods,2002yearend,54,5,inverse_points_preserve_position
2002,2002-01,1,14,12,Brian Jacques' Redwall,12.0,yearendMASTER-chartcalcs.ods,2002yearend,18,5,inverse_points_preserve_position
2002,2002-01,1,15,11,Days of Our Lives,11.0,yearendMASTER-chartcalcs.ods,2002yearend,22,5,inverse_points_preserve_position
2002,2002-01,1,16,10,Bangin' the Charts/Chart Attack!,10.0,yearendMASTER-chartcalcs.ods,2002yearend,15,5,inverse_points_preserve_position
2002,2002-01,1,17,9,The Ripping Friends,9.0,yearendMASTER-chartcalcs.ods,2002yearend,50,5,inverse_points_preserve_position
2002,2002-01,1,18,8,The Simpsons,8.0,yearendMASTER-chartcalcs.ods,2002yearend,51,5,inverse_points_preserve_position
2002,2002-01,1,19,7,Oswald,7.0,yearendMASTER-chartcalcs.ods,2002yearend,40,5,inverse_points_preserve_position
2002,2002-01,1,20,6,Braceface,6.0,yearendMASTER-chartcalcs.ods,2002yearend,17,5,inverse_points_preserve_position
2002,2002-01,1,21,5,Passions,5.0,yearendMASTER-chartcalcs.ods,2002yearend,41,5,inverse_points_preserve_position
2002,2002-01,1,22,4,Third Watch,4.0,yearendMASTER-chartcalcs.ods,2002yearend,53,5,inverse_points_preserve_position
2002,2002-01,1,23,3,The Weakest Link,3.0,yearendMASTER-chartcalcs.ods,2002yearend,52,5,inverse_points_preserve_position
2002,2002-01,1,24,2,ER,2.0,yearendMASTER-chartcalcs.ods,2002yearend,27,5,inverse_points_preserve_position
2002,2002-01,1,25,1,Transformers,1.0,yearendMASTER-chartcalcs.ods,2002yearend,55,5,inverse_points_preserve_position
2002,2002-02,2,1,25,Digimon: Digital Monsters,25.0,yearendMASTER-chartcalcs.ods,2002yearend,23,6,inverse_points_preserve_position
2002,2002-02,2,2,24,The Bernie Mac Show,24.0,yearendMASTER-chartcalcs.ods,2002yearend,47,6,inverse_points_preserve_position
2002,2002-02,2,3,23,"Sagwa, the Chinese Siamese Cat",23.0,yearendMASTER-chartcalcs.ods,2002yearend,43,6,inverse_points_preserve_position
2002,2002-02,2,4,22,Bob the Builder,22.0,yearendMASTER-chartcalcs.ods,2002yearend,16,6,inverse_points_preserve_position
2002,2002-02,2,5,21,The Chamber,21.0,yearendMASTER-chartcalcs.ods,2002yearend,48,6,inverse_points_preserve_position
2002,2002-02,2,6,20,King of the Hill,20.0,yearendMASTER-chartcalcs.ods,2002yearend,35,6,inverse_points_preserve_position
2002,2002-02,2,7,19,Oswald,19.0,yearendMASTER-chartcalcs.ods,2002yearend,40,6,inverse_points_preserve_position
2002,2002-02,2,8,18,America's Most Wanted,18.0,yearendMASTER-chartcalcs.ods,2002yearend,10,6,inverse_points_preserve_position
2002,2002-02,2,9,17,Futurama,17.0,yearendMASTER-chartcalcs.ods,2002yearend,31,6,inverse_points_preserve_position
2002,2002-02,2,10,16,Dora the Explorer,16.0,yearendMASTER-chartcalcs.ods,2002yearend,24,6,inverse_points_preserve_position
2002,2002-02,2,11,15,Medabots,15.0,yearendMASTER-chartcalcs.ods,2002yearend,39,6,inverse_points_preserve_position
2002,2002-02,2,12,14,Franklin,14.0,yearendMASTER-chartcalcs.ods,2002yearend,30,6,inverse_points_preserve_position
2002,2002-02,2,13,13,Bangin' the Charts/Chart Attack!,13.0,yearendMASTER-chartcalcs.ods,2002yearend,15,6,inverse_points_preserve_position
2002,2002-02,2,14,12,The District,12.0,yearendMASTER-chartcalcs.ods,2002yearend,49,6,inverse_points_preserve_position
2002,2002-02,2,15,11,Timothy Goes to School,11.0,yearendMASTER-chartcalcs.ods,2002yearend,54,6,inverse_points_preserve_position
2002,2002-02,2,16,10,Family Guy,10.0,yearendMASTER-chartcalcs.ods,2002yearend,28,6,inverse_points_preserve_position
2002,2002-02,2,17,9,The Ripping Friends,9.0,yearendMASTER-chartcalcs.ods,2002yearend,50,6,inverse_points_preserve_position
2002,2002-02,2,18,8,Days of Our Lives,8.0,yearendMASTER-chartcalcs.ods,2002yearend,22,6,inverse_points_preserve_position
2002,2002-02,2,19,7,WWF War Zone,7.0,yearendMASTER-chartcalcs.ods,2002yearend,62,6,inverse_points_preserve_position
2002,2002-02,2,20,6,Brian Jacques' Redwall,6.0,yearendMASTER-chartcalcs.ods,2002yearend,18,6,inverse_points_preserve_position
2002,2002-02,2,21,5,WWF Raw Is War,5.0,yearendMASTER-chartcalcs.ods,2002yearend,60,6,inverse_points_preserve_position
2002,2002-02,2,22,4,Braceface,4.0,yearendMASTER-chartcalcs.ods,2002yearend,17,6,inverse_points_preserve_position
2002,2002-02,2,23,3,The Simpsons,3.0,yearendMASTER-chartcalcs.ods,2002yearend,51,6,inverse_points_preserve_position
2002,2002-02,2,24,2,ER,2.0,yearendMASTER-chartcalcs.ods,2002yearend,27,6,inverse_points_preserve_position
2002,2002-02,2,25,1,Third Watch,1.0,yearendMASTER-chartcalcs.ods,2002yearend,53,6,inverse_points_preserve_position
2002,2002-03,3,1,25,Digimon: Digital Monsters,25.0,yearendMASTER-chartcalcs.ods,2002yearend,23,7,inverse_points_preserve_position
2002,2002-03,3,2,24,"Sagwa, the Chinese Siamese Cat",24.0,yearendMASTER-chartcalcs.ods,2002yearend,43,7,inverse_points_preserve_position
2002,2002-03,3,3,23,Timothy Goes to School,23.0,yearendMASTER-chartcalcs.ods,2002yearend,54,7,inverse_points_preserve_position
2002,2002-03,3,4,22,Futurama,22.0,yearendMASTER-chartcalcs.ods,2002yearend,31,7,inverse_points_preserve_position
2002,2002-03,3,5,21,The Bernie Mac Show,21.0,yearendMASTER-chartcalcs.ods,2002yearend,47,7,inverse_points_preserve_position
2002,2002-03,3,6,20,Franklin,20.0,yearendMASTER-chartcalcs.ods,2002yearend,30,7,inverse_points_preserve_position
2002,2002-03,3,7,19,Oswald,19.0,yearendMASTER-chartcalcs.ods,2002yearend,40,7,inverse_points_preserve_position
2002,2002-03,3,8,18,Family Guy,18.0,yearendMASTER-chartcalcs.ods,2002yearend,28,7,inverse_points_preserve_position
2002,2002-03,3,9,17,Bob the Builder,17.0,yearendMASTER-chartcalcs.ods,2002yearend,16,7,inverse_points_preserve_position
2002,2002-03,3,10,16,King of the Hill,16.0,yearendMASTER-chartcalcs.ods,2002yearend,35,7,inverse_points_preserve_position
2002,2002-03,3,11,15,Brian Jacques' Redwall,15.0,yearendMASTER-chartcalcs.ods,2002yearend,18,7,inverse_points_preserve_position
2002,2002-03,3,12,14,Days of Our Lives,14.0,yearendMASTER-chartcalcs.ods,2002yearend,22,7,inverse_points_preserve_position
2002,2002-03,3,13,13,WWF War Zone,13.0,yearendMASTER-chartcalcs.ods,2002yearend,62,7,inverse_points_preserve_position
2002,2002-03,3,14,12,WWF Raw Is War,12.0,yearendMASTER-chartcalcs.ods,2002yearend,60,7,inverse_points_preserve_position
2002,2002-03,3,15,11,America's Most Wanted,11.0,yearendMASTER-chartcalcs.ods,2002yearend,10,7,inverse_points_preserve_position
2002,2002-03,3,16,10,Dora the Explorer,10.0,yearendMASTER-chartcalcs.ods,2002yearend,24,7,inverse_points_preserve_position
2002,2002-03,3,17,9,Maximum Exposure,9.0,yearendMASTER-chartcalcs.ods,2002yearend,38,7,inverse_points_preserve_position
2002,2002-03,3,18,8,Medabots,8.0,yearendMASTER-chartcalcs.ods,2002yearend,39,7,inverse_points_preserve_position
2002,2002-03,3,19,7,Bangin' the Charts/Chart Attack!,7.0,yearendMASTER-chartcalcs.ods,2002yearend,15,7,inverse_points_preserve_position
2002,2002-03,3,20,6,The District,6.0,yearendMASTER-chartcalcs.ods,2002yearend,49,7,inverse_points_preserve_position
2002,2002-03,3,21,5,Braceface,5.0,yearendMASTER-chartcalcs.ods,2002yearend,17,7,inverse_points_preserve_position
2002,2002-03,3,22,4,The Ripping Friends,4.0,yearendMASTER-chartcalcs.ods,2002yearend,50,7,inverse_points_preserve_position
2002,2002-03,3,23,3,7 Little Monsters,3.0,yearendMASTER-chartcalcs.ods,2002yearend,9,7,inverse_points_preserve_position
2002,2002-03,3,24,2,The Chamber,2.0,yearendMASTER-chartcalcs.ods,2002yearend,48,7,inverse_points_preserve_position
2002,2002-03,3,25,1,The Simpsons,1.0,yearendMASTER-chartcalcs.ods,2002yearend,51,7,inverse_points_preserve_position
2002,2002-04,4,1,25,Brian Jacques' Redwall,25.0,yearendMASTER-chartcalcs.ods,2002yearend,18,8,inverse_points_preserve_position
2002,2002-04,4,2,24,Timothy Goes to School,24.0,yearendMASTER-chartcalcs.ods,2002yearend,54,8,inverse_points_preserve_position
2002,2002-04,4,3,23,WWF War Zone,23.0,yearendMASTER-chartcalcs.ods,2002yearend,62,8,inverse_points_preserve_position
2002,2002-04,4,4,22,WWF Raw Is War,22.0,yearendMASTER-chartcalcs.ods,2002yearend,60,8,inverse_points_preserve_position
2002,2002-04,4,5,21,Digimon: Digital Monsters,21.0,yearendMASTER-chartcalcs.ods,2002yearend,23,8,inverse_points_preserve_position
2002,2002-04,4,6,20,Futurama,20.0,yearendMASTER-chartcalcs.ods,2002yearend,31,8,inverse_points_preserve_position
2002,2002-04,4,7,19,Days of Our Lives,19.0,yearendMASTER-chartcalcs.ods,2002yearend,22,8,inverse_points_preserve_position
2002,2002-04,4,8,18,"Sagwa, the Chinese Siamese Cat",18.0,yearendMASTER-chartcalcs.ods,2002yearend,43,8,inverse_points_preserve_position
2002,2002-04,4,9,17,Oswald,17.0,yearendMASTER-chartcalcs.ods,2002yearend,40,8,inverse_points_preserve_position
2002,2002-04,4,10,16,Buffy the Vampire Slayer,16.0,yearendMASTER-chartcalcs.ods,2002yearend,19,8,inverse_points_preserve_position
2002,2002-04,4,11,15,Bob the Builder,15.0,yearendMASTER-chartcalcs.ods,2002yearend,16,8,inverse_points_preserve_position
2002,2002-04,4,12,14,King of the Hill,14.0,yearendMASTER-chartcalcs.ods,2002yearend,35,8,inverse_points_preserve_position
2002,2002-04,4,13,13,Franklin,13.0,yearendMASTER-chartcalcs.ods,2002yearend,30,8,inverse_points_preserve_position
2002,2002-04,4,14,12,Family Guy,12.0,yearendMASTER-chartcalcs.ods,2002yearend,28,8,inverse_points_preserve_position
2002,2002-04,4,15,11,The Bernie Mac Show,11.0,yearendMASTER-chartcalcs.ods,2002yearend,47,8,inverse_points_preserve_position
2002,2002-04,4,16,10,WWF Smackdown!,10.0,yearendMASTER-chartcalcs.ods,2002yearend,61,8,inverse_points_preserve_position
2002,2002-04,4,17,9,Braceface,9.0,yearendMASTER-chartcalcs.ods,2002yearend,17,8,inverse_points_preserve_position
2002,2002-04,4,18,8,Maximum Exposure,8.0,yearendMASTER-chartcalcs.ods,2002yearend,38,8,inverse_points_preserve_position
2002,2002-04,4,19,7,7 Little Monsters,7.0,yearendMASTER-chartcalcs.ods,2002yearend,9,8,inverse_points_preserve_position
2002,2002-04,4,20,6,Medabots,6.0,yearendMASTER-chartcalcs.ods,2002yearend,39,8,inverse_points_preserve_position
2002,2002-04,4,21,5,Dora the Explorer,5.0,yearendMASTER-chartcalcs.ods,2002yearend,24,8,inverse_points_preserve_position
2002,2002-04,4,22,4,The Simpsons,4.0,yearendMASTER-chartcalcs.ods,2002yearend,51,8,inverse_points_preserve_position
2002,2002-04,4,23,3,Bangin' the Charts/Chart Attack!,3.0,yearendMASTER-chartcalcs.ods,2002yearend,15,8,inverse_points_preserve_position
2002,2002-04,4,24,2,America's Most Wanted,2.0,yearendMASTER-chartcalcs.ods,2002yearend,10,8,inverse_points_preserve_position
2002,2002-04,4,25,1,The District,1.0,yearendMASTER-chartcalcs.ods,2002yearend,49,8,inverse_points_preserve_position
2002,2002-05,5,1,25,Brian Jacques' Redwall,25.0,yearendMASTER-chartcalcs.ods,2002yearend,18,9,inverse_points_preserve_position
2002,2002-05,5,2,24,Digimon: Digital Monsters,24.0,yearendMASTER-chartcalcs.ods,2002yearend,23,9,inverse_points_preserve_position
2002,2002-05,5,3,23,Days of Our Lives,23.0,yearendMASTER-chartcalcs.ods,2002yearend,22,9,inverse_points_preserve_position
2002,2002-05,5,4,22,WWF Smackdown!,22.0,yearendMASTER-chartcalcs.ods,2002yearend,61,9,inverse_points_preserve_position
2002,2002-05,5,5,21,Power Rangers Wild Force,21.0,yearendMASTER-chartcalcs.ods,2002yearend,42,9,inverse_points_preserve_position
2002,2002-05,5,6,20,Timothy Goes to School,20.0,yearendMASTER-chartcalcs.ods,2002yearend,54,9,inverse_points_preserve_position
2002,2002-05,5,7,19,Futurama,19.0,yearendMASTER-chartcalcs.ods,2002yearend,31,9,inverse_points_preserve_position
2002,2002-05,5,8,18,Medabots,18.0,yearendMASTER-chartcalcs.ods,2002yearend,39,9,inverse_points_preserve_position
2002,2002-05,5,9,17,WWF Raw Is War,17.0,yearendMASTER-chartcalcs.ods,2002yearend,60,9,inverse_points_preserve_position
2002,2002-05,5,10,16,WWF War Zone,16.0,yearendMASTER-chartcalcs.ods,2002yearend,62,9,inverse_points_preserve_position
2002,2002-05,5,11,15,"Sagwa, the Chinese Siamese Cat",15.0,yearendMASTER-chartcalcs.ods,2002yearend,43,9,inverse_points_preserve_position
2002,2002-05,5,12,14,Franklin,14.0,yearendMASTER-chartcalcs.ods,2002yearend,30,9,inverse_points_preserve_position
2002,2002-05,5,13,13,Oswald,13.0,yearendMASTER-chartcalcs.ods,2002yearend,40,9,inverse_points_preserve_position
2002,2002-05,5,14,12,Galidor,12.0,yearendMASTER-chartcalcs.ods,2002yearend,32,9,inverse_points_preserve_position
2002,2002-05,5,15,11,King of the Hill,11.0,yearendMASTER-chartcalcs.ods,2002yearend,35,9,inverse_points_preserve_position
2002,2002-05,5,16,10,Bob the Builder,10.0,yearendMASTER-chartcalcs.ods,2002yearend,16,9,inverse_points_preserve_position
2002,2002-05,5,17,9,The Bernie Mac Show,9.0,yearendMASTER-chartcalcs.ods,2002yearend,47,9,inverse_points_preserve_position
2002,2002-05,5,18,8,Passions,8.0,yearendMASTER-chartcalcs.ods,2002yearend,41,9,inverse_points_preserve_position
2002,2002-05,5,19,7,Family Guy,7.0,yearendMASTER-chartcalcs.ods,2002yearend,28,9,inverse_points_preserve_position
2002,2002-05,5,20,6,Buffy the Vampire Slayer,6.0,yearendMASTER-chartcalcs.ods,2002yearend,19,9,inverse_points_preserve_position
2002,2002-05,5,21,5,The Simpsons,5.0,yearendMASTER-chartcalcs.ods,2002yearend,51,9,inverse_points_preserve_position
2002,2002-05,5,22,4,Maximum Exposure,4.0,yearendMASTER-chartcalcs.ods,2002yearend,38,9,inverse_points_preserve_position
2002,2002-05,5,23,3,America's Most Wanted,3.0,yearendMASTER-chartcalcs.ods,2002yearend,10,9,inverse_points_preserve_position
2002,2002-05,5,24,2,7 Little Monsters,2.0,yearendMASTER-chartcalcs.ods,2002yearend,9,9,inverse_points_preserve_position
2002,2002-05,5,25,1,Dora the Explorer,1.0,yearendMASTER-chartcalcs.ods,2002yearend,24,9,inverse_points_preserve_position
2002,2002-06,6,1,25,Brian Jacques' Redwall,25.0,yearendMASTER-chartcalcs.ods,2002yearend,18,10,inverse_points_preserve_position
2002,2002-06,6,2,24,Digimon: Digital Monsters,24.0,yearendMASTER-chartcalcs.ods,2002yearend,23,10,inverse_points_preserve_position
2002,2002-06,6,3,23,Days of Our Lives,23.0,yearendMASTER-chartcalcs.ods,2002yearend,22,10,inverse_points_preserve_position
2002,2002-06,6,4,22,Franklin,22.0,yearendMASTER-chartcalcs.ods,2002yearend,30,10,inverse_points_preserve_position
2002,2002-06,6,5,21,Woody Woodpecker,21.0,yearendMASTER-chartcalcs.ods,2002yearend,58,10,inverse_points_preserve_position
2002,2002-06,6,6,20,WWF Smackdown!,20.0,yearendMASTER-chartcalcs.ods,2002yearend,61,10,inverse_points_preserve_position
2002,2002-06,6,7,19,Power Rangers Wild Force,19.0,yearendMASTER-chartcalcs.ods,2002yearend,42,10,inverse_points_preserve_position
2002,2002-06,6,8,18,Medabots,18.0,yearendMASTER-chartcalcs.ods,2002yearend,39,10,inverse_points_preserve_position
2002,2002-06,6,9,17,King of the Hill,17.0,yearendMASTER-chartcalcs.ods,2002yearend,35,10,inverse_points_preserve_position
2002,2002-06,6,10,16,The Simpsons,16.0,yearendMASTER-chartcalcs.ods,2002yearend,51,10,inverse_points_preserve_position
2002,2002-06,6,11,15,Galidor,15.0,yearendMASTER-chartcalcs.ods,2002yearend,32,10,inverse_points_preserve_position
2002,2002-06,6,12,14,Oswald,14.0,yearendMASTER-chartcalcs.ods,2002yearend,40,10,inverse_points_preserve_position
2002,2002-06,6,13,13,Passions,13.0,yearendMASTER-chartcalcs.ods,2002yearend,41,10,inverse_points_preserve_position
2002,2002-06,6,14,12,The Bernie Mac Show,12.0,yearendMASTER-chartcalcs.ods,2002yearend,47,10,inverse_points_preserve_position
2002,2002-06,6,15,11,"Sagwa, the Chinese Siamese Cat",11.0,yearendMASTER-chartcalcs.ods,2002yearend,43,10,inverse_points_preserve_position
2002,2002-06,6,16,10,WWF War Zone,10.0,yearendMASTER-chartcalcs.ods,2002yearend,62,10,inverse_points_preserve_position
2002,2002-06,6,17,9,WWF Raw Is War,9.0,yearendMASTER-chartcalcs.ods,2002yearend,60,10,inverse_points_preserve_position
2002,2002-06,6,18,8,Bob the Builder,8.0,yearendMASTER-chartcalcs.ods,2002yearend,16,10,inverse_points_preserve_position
2002,2002-06,6,19,7,Timothy Goes to School,7.0,yearendMASTER-chartcalcs.ods,2002yearend,54,10,inverse_points_preserve_position
2002,2002-06,6,20,6,America's Most Wanted,6.0,yearendMASTER-chartcalcs.ods,2002yearend,10,10,inverse_points_preserve_position
2002,2002-06,6,21,5,Dora the Explorer,5.0,yearendMASTER-chartcalcs.ods,2002yearend,24,10,inverse_points_preserve_position
2002,2002-06,6,22,4,Futurama,4.0,yearendMASTER-chartcalcs.ods,2002yearend,31,10,inverse_points_preserve_position
2002,2002-06,6,23,3,Buffy the Vampire Slayer,3.0,yearendMASTER-chartcalcs.ods,2002yearend,19,10,inverse_points_preserve_position
2002,2002-06,6,24,2,Maximum Exposure,2.0,yearendMASTER-chartcalcs.ods,2002yearend,38,10,inverse_points_preserve_position
2002,2002-06,6,25,1,Family Guy,1.0,yearendMASTER-chartcalcs.ods,2002yearend,28,10,inverse_points_preserve_position
2002,2002-07,7,1,25,Brian Jacques' Redwall,25.0,yearendMASTER-chartcalcs.ods,2002yearend,18,11,inverse_points_preserve_position
2002,2002-07,7,2,24,Days of Our Lives,24.0,yearendMASTER-chartcalcs.ods,2002yearend,22,11,inverse_points_preserve_position
2002,2002-07,7,3,23,Digimon: Digital Monsters,23.0,yearendMASTER-chartcalcs.ods,2002yearend,23,11,inverse_points_preserve_position
2002,2002-07,7,4,22,Woody Woodpecker,22.0,yearendMASTER-chartcalcs.ods,2002yearend,58,11,inverse_points_preserve_position
2002,2002-07,7,5,21,Passions,21.0,yearendMASTER-chartcalcs.ods,2002yearend,41,11,inverse_points_preserve_position
2002,2002-07,7,6,20,King of the Hill,20.0,yearendMASTER-chartcalcs.ods,2002yearend,35,11,inverse_points_preserve_position
2002,2002-07,7,7,19,Medabots,19.0,yearendMASTER-chartcalcs.ods,2002yearend,39,11,inverse_points_preserve_position
2002,2002-07,7,8,18,Franklin,18.0,yearendMASTER-chartcalcs.ods,2002yearend,30,11,inverse_points_preserve_position
2002,2002-07,7,9,17,Galidor,17.0,yearendMASTER-chartcalcs.ods,2002yearend,32,11,inverse_points_preserve_position
2002,2002-07,7,10,16,Power Rangers Wild Force,16.0,yearendMASTER-chartcalcs.ods,2002yearend,42,11,inverse_points_preserve_position
2002,2002-07,7,11,15,WWF Smackdown!,15.0,yearendMASTER-chartcalcs.ods,2002yearend,61,11,inverse_points_preserve_position
2002,2002-07,7,12,14,America's Most Wanted,14.0,yearendMASTER-chartcalcs.ods,2002yearend,10,11,inverse_points_preserve_position
2002,2002-07,7,13,13,Futurama,13.0,yearendMASTER-chartcalcs.ods,2002yearend,31,11,inverse_points_preserve_position
2002,2002-07,7,14,12,Dragon Tales,12.0,yearendMASTER-chartcalcs.ods,2002yearend,25,11,inverse_points_preserve_position
2002,2002-07,7,15,11,The Simpsons,11.0,yearendMASTER-chartcalcs.ods,2002yearend,51,11,inverse_points_preserve_position
2002,2002-07,7,16,10,Oswald,10.0,yearendMASTER-chartcalcs.ods,2002yearend,40,11,inverse_points_preserve_position
2002,2002-07,7,17,9,The Bernie Mac Show,9.0,yearendMASTER-chartcalcs.ods,2002yearend,47,11,inverse_points_preserve_position
2002,2002-07,7,18,8,Bob the Builder,8.0,yearendMASTER-chartcalcs.ods,2002yearend,16,11,inverse_points_preserve_position
2002,2002-07,7,19,7,WWF War Zone,7.0,yearendMASTER-chartcalcs.ods,2002yearend,62,11,inverse_points_preserve_position
2002,2002-07,7,20,6,WWF Raw Is War,6.0,yearendMASTER-chartcalcs.ods,2002yearend,60,11,inverse_points_preserve_position
2002,2002-07,7,21,5,Dora the Explorer,5.0,yearendMASTER-chartcalcs.ods,2002yearend,24,11,inverse_points_preserve_position
2002,2002-07,7,22,4,Buffy the Vampire Slayer,4.0,yearendMASTER-chartcalcs.ods,2002yearend,19,11,inverse_points_preserve_position
2002,2002-07,7,23,3,Maximum Exposure,3.0,yearendMASTER-chartcalcs.ods,2002yearend,38,11,inverse_points_preserve_position
2002,2002-07,7,24,2,Timothy Goes to School,2.0,yearendMASTER-chartcalcs.ods,2002yearend,54,11,inverse_points_preserve_position
2002,2002-07,7,25,1,"Sagwa, the Chinese Siamese Cat",1.0,yearendMASTER-chartcalcs.ods,2002yearend,43,11,inverse_points_preserve_position
2002,2002-08,8,1,25,Days of Our Lives,25.0,yearendMASTER-chartcalcs.ods,2002yearend,22,12,inverse_points_preserve_position
2002,2002-08,8,2,24,Passions,24.0,yearendMASTER-chartcalcs.ods,2002yearend,41,12,inverse_points_preserve_position
2002,2002-08,8,3,23,Angelina Ballerina,23.0,yearendMASTER-chartcalcs.ods,2002yearend,12,12,inverse_points_preserve_position
2002,2002-08,8,4,22,Brian Jacques' Redwall,22.0,yearendMASTER-chartcalcs.ods,2002yearend,18,12,inverse_points_preserve_position
2002,2002-08,8,5,21,Dragon Tales,21.0,yearendMASTER-chartcalcs.ods,2002yearend,25,12,inverse_points_preserve_position
2002,2002-08,8,6,20,"Sagwa, the Chinese Siamese Cat",20.0,yearendMASTER-chartcalcs.ods,2002yearend,43,12,inverse_points_preserve_position
2002,2002-08,8,7,19,Timothy Goes to School,19.0,yearendMASTER-chartcalcs.ods,2002yearend,54,12,inverse_points_preserve_position
2002,2002-08,8,8,18,Digimon: Digital Monsters,18.0,yearendMASTER-chartcalcs.ods,2002yearend,23,12,inverse_points_preserve_position
2002,2002-08,8,9,17,Medabots,17.0,yearendMASTER-chartcalcs.ods,2002yearend,39,12,inverse_points_preserve_position
2002,2002-08,8,10,16,Woody Woodpecker,16.0,yearendMASTER-chartcalcs.ods,2002yearend,58,12,inverse_points_preserve_position
2002,2002-08,8,11,15,Storm Warning,15.0,yearendMASTER-chartcalcs.ods,2002yearend,45,12,inverse_points_preserve_position
2002,2002-08,8,12,14,Power Rangers Wild Force,14.0,yearendMASTER-chartcalcs.ods,2002yearend,42,12,inverse_points_preserve_position
2002,2002-08,8,13,13,Galidor,13.0,yearendMASTER-chartcalcs.ods,2002yearend,32,12,inverse_points_preserve_position
2002,2002-08,8,14,12,King of the Hill,12.0,yearendMASTER-chartcalcs.ods,2002yearend,35,12,inverse_points_preserve_position
2002,2002-08,8,15,11,Maximum Exposure,11.0,yearendMASTER-chartcalcs.ods,2002yearend,38,12,inverse_points_preserve_position
2002,2002-08,8,16,10,Anne of Green Gables: The Animated Series,10.0,yearendMASTER-chartcalcs.ods,2002yearend,13,12,inverse_points_preserve_position
2002,2002-08,8,17,9,Franklin,9.0,yearendMASTER-chartcalcs.ods,2002yearend,30,12,inverse_points_preserve_position
2002,2002-08,8,18,8,Oswald,8.0,yearendMASTER-chartcalcs.ods,2002yearend,40,12,inverse_points_preserve_position
2002,2002-08,8,19,7,The Bernie Mac Show,7.0,yearendMASTER-chartcalcs.ods,2002yearend,47,12,inverse_points_preserve_position
2002,2002-08,8,20,6,Futurama,6.0,yearendMASTER-chartcalcs.ods,2002yearend,31,12,inverse_points_preserve_position
2002,2002-08,8,21,5,The Simpsons,5.0,yearendMASTER-chartcalcs.ods,2002yearend,51,12,inverse_points_preserve_position
2002,2002-08,8,22,4,Bob the Builder,4.0,yearendMASTER-chartcalcs.ods,2002yearend,16,12,inverse_points_preserve_position
2002,2002-08,8,23,3,WWF Smackdown!,3.0,yearendMASTER-chartcalcs.ods,2002yearend,61,12,inverse_points_preserve_position
2002,2002-08,8,24,2,WWF War Zone,2.0,yearendMASTER-chartcalcs.ods,2002yearend,62,12,inverse_points_preserve_position
2002,2002-08,8,25,1,WWF Raw Is War,1.0,yearendMASTER-chartcalcs.ods,2002yearend,60,12,inverse_points_preserve_position
2002,2002-09,9,1,25,Angelina Ballerina,25.0,yearendMASTER-chartcalcs.ods,2002yearend,12,13,inverse_points_preserve_position
2002,2002-09,9,2,24,Timothy Goes to School,24.0,yearendMASTER-chartcalcs.ods,2002yearend,54,13,inverse_points_preserve_position
2002,2002-09,9,3,23,Passions,23.0,yearendMASTER-chartcalcs.ods,2002yearend,41,13,inverse_points_preserve_position
2002,2002-09,9,4,22,"Sagwa, the Chinese Siamese Cat",22.0,yearendMASTER-chartcalcs.ods,2002yearend,43,13,inverse_points_preserve_position
2002,2002-09,9,5,21,Brian Jacques' Redwall,21.0,yearendMASTER-chartcalcs.ods,2002yearend,18,13,inverse_points_preserve_position
2002,2002-09,9,6,20,Days of Our Lives,20.0,yearendMASTER-chartcalcs.ods,2002yearend,22,13,inverse_points_preserve_position
2002,2002-09,9,7,19,Dragon Tales,19.0,yearendMASTER-chartcalcs.ods,2002yearend,25,13,inverse_points_preserve_position
2002,2002-09,9,8,18,Anne of Green Gables: The Animated Series,18.0,yearendMASTER-chartcalcs.ods,2002yearend,13,13,inverse_points_preserve_position
2002,2002-09,9,9,17,Medabots,17.0,yearendMASTER-chartcalcs.ods,2002yearend,39,13,inverse_points_preserve_position
2002,2002-09,9,10,16,Whatever Happened to Robot Jones?,16.0,yearendMASTER-chartcalcs.ods,2002yearend,56,13,inverse_points_preserve_position
2002,2002-09,9,11,15,Digimon: Digital Monsters,15.0,yearendMASTER-chartcalcs.ods,2002yearend,23,13,inverse_points_preserve_position
2002,2002-09,9,12,14,Cowboy Bebop,14.0,yearendMASTER-chartcalcs.ods,2002yearend,21,13,inverse_points_preserve_position
2002,2002-09,9,13,13,Power Rangers Wild Force,13.0,yearendMASTER-chartcalcs.ods,2002yearend,42,13,inverse_points_preserve_position
2002,2002-09,9,14,12,Woody Woodpecker,12.0,yearendMASTER-chartcalcs.ods,2002yearend,58,13,inverse_points_preserve_position
2002,2002-09,9,15,11,Storm Warning,11.0,yearendMASTER-chartcalcs.ods,2002yearend,45,13,inverse_points_preserve_position
2002,2002-09,9,16,10,Galidor,10.0,yearendMASTER-chartcalcs.ods,2002yearend,32,13,inverse_points_preserve_position
2002,2002-09,9,17,9,King of the Hill,9.0,yearendMASTER-chartcalcs.ods,2002yearend,35,13,inverse_points_preserve_position
2002,2002-09,9,18,8,Franklin,8.0,yearendMASTER-chartcalcs.ods,2002yearend,30,13,inverse_points_preserve_position
2002,2002-09,9,19,7,Oswald,7.0,yearendMASTER-chartcalcs.ods,2002yearend,40,13,inverse_points_preserve_position
2002,2002-09,9,20,6,Maximum Exposure,6.0,yearendMASTER-chartcalcs.ods,2002yearend,38,13,inverse_points_preserve_position
2002,2002-09,9,21,5,The Bernie Mac Show,5.0,yearendMASTER-chartcalcs.ods,2002yearend,47,13,inverse_points_preserve_position
2002,2002-09,9,22,4,Futurama,4.0,yearendMASTER-chartcalcs.ods,2002yearend,31,13,inverse_points_preserve_position
2002,2002-09,9,23,3,The Simpsons,3.0,yearendMASTER-chartcalcs.ods,2002yearend,51,13,inverse_points_preserve_position
2002,2002-09,9,24,2,Bob the Builder,2.0,yearendMASTER-chartcalcs.ods,2002yearend,16,13,inverse_points_preserve_position
2002,2002-09,9,25,1,WWF Smackdown!,1.0,yearendMASTER-chartcalcs.ods,2002yearend,61,13,inverse_points_preserve_position
2002,2002-10,10,1,25,Anne of Green Gables: The Animated Series,25.0,yearendMASTER-chartcalcs.ods,2002yearend,13,14,inverse_points_preserve_position
2002,2002-10,10,2,24,Angelina Ballerina,24.0,yearendMASTER-chartcalcs.ods,2002yearend,12,14,inverse_points_preserve_position
2002,2002-10,10,3,23,Timothy Goes to School,23.0,yearendMASTER-chartcalcs.ods,2002yearend,54,14,inverse_points_preserve_position
2002,2002-10,10,4,22,"Sagwa, the Chinese Siamese Cat",22.0,yearendMASTER-chartcalcs.ods,2002yearend,43,14,inverse_points_preserve_position
2002,2002-10,10,5,21,Dragonball Z,21.0,yearendMASTER-chartcalcs.ods,2002yearend,26,14,inverse_points_preserve_position
2002,2002-10,10,6,20,Whatever Happened to Robot Jones?,20.0,yearendMASTER-chartcalcs.ods,2002yearend,56,14,inverse_points_preserve_position
2002,2002-10,10,7,19,Days of Our Lives,19.0,yearendMASTER-chartcalcs.ods,2002yearend,22,14,inverse_points_preserve_position
2002,2002-10,10,8,18,Brian Jacques' Redwall,18.0,yearendMASTER-chartcalcs.ods,2002yearend,18,14,inverse_points_preserve_position
2002,2002-10,10,9,17,Marvin the Tap-Dancing Horse,17.0,yearendMASTER-chartcalcs.ods,2002yearend,37,14,inverse_points_preserve_position
2002,2002-10,10,10,16,Cedric the Entertainer Presents...,16.0,yearendMASTER-chartcalcs.ods,2002yearend,20,14,inverse_points_preserve_position
2002,2002-10,10,11,15,Fastlane,15.0,yearendMASTER-chartcalcs.ods,2002yearend,29,14,inverse_points_preserve_position
2002,2002-10,10,12,14,Who Wants to Be A Millionaire? (Daytime Version),14.0,yearendMASTER-chartcalcs.ods,2002yearend,57,14,inverse_points_preserve_position
2002,2002-10,10,13,13,Baby Looney Tunes,13.0,yearendMASTER-chartcalcs.ods,2002yearend,14,14,inverse_points_preserve_position
2002,2002-10,10,14,12,Dragon Tales,12.0,yearendMASTER-chartcalcs.ods,2002yearend,25,14,inverse_points_preserve_position
2002,2002-10,10,15,11,Passions,11.0,yearendMASTER-chartcalcs.ods,2002yearend,41,14,inverse_points_preserve_position
2002,2002-10,10,16,10,The Bernie Mac Show,10.0,yearendMASTER-chartcalcs.ods,2002yearend,47,14,inverse_points_preserve_position
2002,2002-10,10,17,9,Digimon: Digital Monsters,9.0,yearendMASTER-chartcalcs.ods,2002yearend,23,14,inverse_points_preserve_position
2002,2002-10,10,18,8,Cowboy Bebop,8.0,yearendMASTER-chartcalcs.ods,2002yearend,21,14,inverse_points_preserve_position
2002,2002-10,10,19,7,Maximum Exposure,7.0,yearendMASTER-chartcalcs.ods,2002yearend,38,14,inverse_points_preserve_position
2002,2002-10,10,20,6,Franklin,6.0,yearendMASTER-chartcalcs.ods,2002yearend,30,14,inverse_points_preserve_position
2002,2002-10,10,21,5,Power Rangers Wild Force,5.0,yearendMASTER-chartcalcs.ods,2002yearend,42,14,inverse_points_preserve_position
2002,2002-10,10,22,4,Medabots,4.0,yearendMASTER-chartcalcs.ods,2002yearend,39,14,inverse_points_preserve_position
2002,2002-10,10,23,3,Storm Warning,3.0,yearendMASTER-chartcalcs.ods,2002yearend,45,14,inverse_points_preserve_position
2002,2002-10,10,24,2,Galidor,2.0,yearendMASTER-chartcalcs.ods,2002yearend,32,14,inverse_points_preserve_position
2002,2002-10,10,25,1,King of the Hill,1.0,yearendMASTER-chartcalcs.ods,2002yearend,35,14,inverse_points_preserve_position
2002,2002-11,11,1,25,Lloyd In Space,25.0,yearendMASTER-chartcalcs.ods,2002yearend,36,15,inverse_points_preserve_position
2002,2002-11,11,2,24,Anne of Green Gables: The Animated Series,24.0,yearendMASTER-chartcalcs.ods,2002yearend,13,15,inverse_points_preserve_position
2002,2002-11,11,3,23,Brian Jacques' Redwall,23.0,yearendMASTER-chartcalcs.ods,2002yearend,18,15,inverse_points_preserve_position
2002,2002-11,11,4,22,"Sagwa, the Chinese Siamese Cat",22.0,yearendMASTER-chartcalcs.ods,2002yearend,43,15,inverse_points_preserve_position
2002,2002-11,11,5,21,Dragonball Z,21.0,yearendMASTER-chartcalcs.ods,2002yearend,26,15,inverse_points_preserve_position
2002,2002-11,11,6,20,Angelina Ballerina,20.0,yearendMASTER-chartcalcs.ods,2002yearend,12,15,inverse_points_preserve_position
2002,2002-11,11,7,19,Marvin the Tap-Dancing Horse,19.0,yearendMASTER-chartcalcs.ods,2002yearend,37,15,inverse_points_preserve_position
2002,2002-11,11,8,18,Timothy Goes to School,18.0,yearendMASTER-chartcalcs.ods,2002yearend,54,15,inverse_points_preserve_position
2002,2002-11,11,9,17,Days of Our Lives,17.0,yearendMASTER-chartcalcs.ods,2002yearend,22,15,inverse_points_preserve_position
2002,2002-11,11,10,16,WWE Raw,16.0,yearendMASTER-chartcalcs.ods,2002yearend,59,15,inverse_points_preserve_position
2002,2002-11,11,11,15,Cedric the Entertainer Presents...,15.0,yearendMASTER-chartcalcs.ods,2002yearend,20,15,inverse_points_preserve_position
2002,2002-11,11,12,14,Fastlane,14.0,yearendMASTER-chartcalcs.ods,2002yearend,29,15,inverse_points_preserve_position
2002,2002-11,11,13,13,Whatever Happened to Robot Jones?,13.0,yearendMASTER-chartcalcs.ods,2002yearend,56,15,inverse_points_preserve_position
2002,2002-11,11,14,12,The Bernie Mac Show,12.0,yearendMASTER-chartcalcs.ods,2002yearend,47,15,inverse_points_preserve_position
2002,2002-11,11,15,11,Kim Possible,11.0,yearendMASTER-chartcalcs.ods,2002yearend,34,15,inverse_points_preserve_position
2002,2002-11,11,16,10,Dragon Tales,10.0,yearendMASTER-chartcalcs.ods,2002yearend,25,15,inverse_points_preserve_position
2002,2002-11,11,17,9,Passions,9.0,yearendMASTER-chartcalcs.ods,2002yearend,41,15,inverse_points_preserve_position
2002,2002-11,11,18,8,"Hey, Arnold",8.0,yearendMASTER-chartcalcs.ods,2002yearend,33,15,inverse_points_preserve_position
2002,2002-11,11,19,7,Baby Looney Tunes,7.0,yearendMASTER-chartcalcs.ods,2002yearend,14,15,inverse_points_preserve_position
2002,2002-11,11,20,6,Medabots,6.0,yearendMASTER-chartcalcs.ods,2002yearend,39,15,inverse_points_preserve_position
2002,2002-11,11,21,5,Who Wants to Be A Millionaire? (Daytime Version),5.0,yearendMASTER-chartcalcs.ods,2002yearend,57,15,inverse_points_preserve_position
2002,2002-11,11,22,4,Franklin,4.0,yearendMASTER-chartcalcs.ods,2002yearend,30,15,inverse_points_preserve_position
2002,2002-11,11,23,3,Cowboy Bebop,3.0,yearendMASTER-chartcalcs.ods,2002yearend,21,15,inverse_points_preserve_position
2002,2002-11,11,24,2,Digimon: Digital Monsters,2.0,yearendMASTER-chartcalcs.ods,2002yearend,23,15,inverse_points_preserve_position
2002,2002-11,11,25,1,Maximum Exposure,1.0,yearendMASTER-chartcalcs.ods,2002yearend,38,15,inverse_points_preserve_position
2002,2002-12,12,1,25,Brian Jacques' Redwall,25.0,yearendMASTER-chartcalcs.ods,2002yearend,18,16,inverse_points_preserve_position
2002,2002-12,12,2,24,Lloyd In Space,24.0,yearendMASTER-chartcalcs.ods,2002yearend,36,16,inverse_points_preserve_position
2002,2002-12,12,3,23,"Hey, Arnold",23.0,yearendMASTER-chartcalcs.ods,2002yearend,33,16,inverse_points_preserve_position
2002,2002-12,12,4,22,Angelina Ballerina,22.0,yearendMASTER-chartcalcs.ods,2002yearend,12,16,inverse_points_preserve_position
2002,2002-12,12,5,21,Anne of Green Gables: The Animated Series,21.0,yearendMASTER-chartcalcs.ods,2002yearend,13,16,inverse_points_preserve_position
2002,2002-12,12,6,20,Stanley,20.0,yearendMASTER-chartcalcs.ods,2002yearend,44,16,inverse_points_preserve_position
2002,2002-12,12,7,19,"Sagwa, the Chinese Siamese Cat",19.0,yearendMASTER-chartcalcs.ods,2002yearend,43,16,inverse_points_preserve_position
2002,2002-12,12,8,18,The Adventures of Jimmy Neutron: Boy Genius,18.0,yearendMASTER-chartcalcs.ods,2002yearend,46,16,inverse_points_preserve_position
2002,2002-12,12,9,17,Whatever Happened to Robot Jones?,17.0,yearendMASTER-chartcalcs.ods,2002yearend,56,16,inverse_points_preserve_position
2002,2002-12,12,10,16,Dragonball Z,16.0,yearendMASTER-chartcalcs.ods,2002yearend,26,16,inverse_points_preserve_position
2002,2002-12,12,11,15,Marvin the Tap-Dancing Horse,15.0,yearendMASTER-chartcalcs.ods,2002yearend,37,16,inverse_points_preserve_position
2002,2002-12,12,12,14,Medabots,14.0,yearendMASTER-chartcalcs.ods,2002yearend,39,16,inverse_points_preserve_position
2002,2002-12,12,13,13,Timothy Goes to School,13.0,yearendMASTER-chartcalcs.ods,2002yearend,54,16,inverse_points_preserve_position
2002,2002-12,12,14,12,WWE Raw,12.0,yearendMASTER-chartcalcs.ods,2002yearend,59,16,inverse_points_preserve_position
2002,2002-12,12,15,11,Anatole,11.0,yearendMASTER-chartcalcs.ods,2002yearend,11,16,inverse_points_preserve_position
2002,2002-12,12,16,10,Cedric the Entertainer Presents...,10.0,yearendMASTER-chartcalcs.ods,2002yearend,20,16,inverse_points_preserve_position
2002,2002-12,12,17,9,Days of Our Lives,9.0,yearendMASTER-chartcalcs.ods,2002yearend,22,16,inverse_points_preserve_position
2002,2002-12,12,18,8,Fastlane,8.0,yearendMASTER-chartcalcs.ods,2002yearend,29,16,inverse_points_preserve_position
2002,2002-12,12,19,7,Kim Possible,7.0,yearendMASTER-chartcalcs.ods,2002yearend,34,16,inverse_points_preserve_position
2002,2002-12,12,20,6,The Bernie Mac Show,6.0,yearendMASTER-chartcalcs.ods,2002yearend,47,16,inverse_points_preserve_position
2002,2002-12,12,21,5,Dragon Tales,5.0,yearendMASTER-chartcalcs.ods,2002yearend,25,16,inverse_points_preserve_position
2002,2002-12,12,22,4,Passions,4.0,yearendMASTER-chartcalcs.ods,2002yearend,41,16,inverse_points_preserve_position
2002,2002-12,12,23,3,Baby Looney Tunes,3.0,yearendMASTER-chartcalcs.ods,2002yearend,14,16,inverse_points_preserve_position
2002,2002-12,12,24,2,Franklin,2.0,yearendMASTER-chartcalcs.ods,2002yearend,30,16,inverse_points_preserve_position
2002,2002-12,12,25,1,Digimon: Digital Monsters,1.0,yearendMASTER-chartcalcs.ods,2002yearend,23,16,inverse_points_preserve_position
2003,2003-01,1,1,25,Brian Jacques' Redwall,25.0,yearendMASTER-chartcalcs.ods,2003yearend,15,5,inverse_points_preserve_position
2003,2003-01,1,2,24,Lloyd in Space,24.0,yearendMASTER-chartcalcs.ods,2003yearend,34,5,inverse_points_preserve_position
2003,2003-01,1,3,23,"Hey, Arnold",23.0,yearendMASTER-chartcalcs.ods,2003yearend,26,5,inverse_points_preserve_position
2003,2003-01,1,4,22,Angelina Ballerina,22.0,yearendMASTER-chartcalcs.ods,2003yearend,10,5,inverse_points_preserve_position
2003,2003-01,1,5,21,Anatole,21.0,yearendMASTER-chartcalcs.ods,2003yearend,9,5,inverse_points_preserve_position
2003,2003-01,1,6,20,Anne of Green Gables: The Animated Series,20.0,yearendMASTER-chartcalcs.ods,2003yearend,11,5,inverse_points_preserve_position
2003,2003-01,1,7,19,"Sabrina, the Animated Series",19.0,yearendMASTER-chartcalcs.ods,2003yearend,43,5,inverse_points_preserve_position
2003,2003-01,1,8,18,The Adventures of Jimmy Neutron: Boy Genius,18.0,yearendMASTER-chartcalcs.ods,2003yearend,50,5,inverse_points_preserve_position
2003,2003-01,1,9,17,"Sagwa, the Chinese Siamese Cat",17.0,yearendMASTER-chartcalcs.ods,2003yearend,44,5,inverse_points_preserve_position
2003,2003-01,1,10,16,Stanley,16.0,yearendMASTER-chartcalcs.ods,2003yearend,47,5,inverse_points_preserve_position
2003,2003-01,1,11,15,The Legend of Tarzan,15.0,yearendMASTER-chartcalcs.ods,2003yearend,54,5,inverse_points_preserve_position
2003,2003-01,1,12,14,Days of Our Lives,14.0,yearendMASTER-chartcalcs.ods,2003yearend,20,5,inverse_points_preserve_position
2003,2003-01,1,13,13,"Marvin, the Tap-Dancing Horse",13.0,yearendMASTER-chartcalcs.ods,2003yearend,35,5,inverse_points_preserve_position
2003,2003-01,1,14,12,The Fairly Oddparents,12.0,yearendMASTER-chartcalcs.ods,2003yearend,53,5,inverse_points_preserve_position
2003,2003-01,1,15,11,Medabots,11.0,yearendMASTER-chartcalcs.ods,2003yearend,36,5,inverse_points_preserve_position
2003,2003-01,1,16,10,Digimon: Digital Monsters,10.0,yearendMASTER-chartcalcs.ods,2003yearend,21,5,inverse_points_preserve_position
2003,2003-01,1,17,9,Timothy Goes to School,9.0,yearendMASTER-chartcalcs.ods,2003yearend,56,5,inverse_points_preserve_position
2003,2003-01,1,18,8,WWE Raw,8.0,yearendMASTER-chartcalcs.ods,2003yearend,60,5,inverse_points_preserve_position
2003,2003-01,1,19,7,Passions,7.0,yearendMASTER-chartcalcs.ods,2003yearend,38,5,inverse_points_preserve_position
2003,2003-01,1,20,6,Dragon Tales,6.0,yearendMASTER-chartcalcs.ods,2003yearend,22,5,inverse_points_preserve_position
2003,2003-01,1,21,5,Kim Possible,5.0,yearendMASTER-chartcalcs.ods,2003yearend,31,5,inverse_points_preserve_position
2003,2003-01,1,22,4,Whatever Happened to Robot Jones?,4.0,yearendMASTER-chartcalcs.ods,2003yearend,58,5,inverse_points_preserve_position
2003,2003-01,1,23,3,Dragonball Z,3.0,yearendMASTER-chartcalcs.ods,2003yearend,23,5,inverse_points_preserve_position
2003,2003-01,1,24,2,The Bernie Mac Show,2.0,yearendMASTER-chartcalcs.ods,2003yearend,52,5,inverse_points_preserve_position
2003,2003-01,1,25,1,Cedric the Entertainer Presents...,1.0,yearendMASTER-chartcalcs.ods,2003yearend,16,5,inverse_points_preserve_position
2003,2003-02,2,1,25,Brian Jacques' Redwall,25.0,yearendMASTER-chartcalcs.ods,2003yearend,15,6,inverse_points_preserve_position
2003,2003-02,2,2,24,Lloyd in Space,24.0,yearendMASTER-chartcalcs.ods,2003yearend,34,6,inverse_points_preserve_position
2003,2003-02,2,3,23,Anne of Green Gables: The Animated Series,23.0,yearendMASTER-chartcalcs.ods,2003yearend,11,6,inverse_points_preserve_position
2003,2003-02,2,4,22,The Legend of Tarzan,22.0,yearendMASTER-chartcalcs.ods,2003yearend,54,6,inverse_points_preserve_position
2003,2003-02,2,5,21,The Fairly Oddparents,21.0,yearendMASTER-chartcalcs.ods,2003yearend,53,6,inverse_points_preserve_position
2003,2003-02,2,6,20,"Sagwa, the Chinese Siamese Cat",20.0,yearendMASTER-chartcalcs.ods,2003yearend,44,6,inverse_points_preserve_position
2003,2003-02,2,7,19,"Hey, Arnold",19.0,yearendMASTER-chartcalcs.ods,2003yearend,26,6,inverse_points_preserve_position
2003,2003-02,2,8,18,Angelina Ballerina,18.0,yearendMASTER-chartcalcs.ods,2003yearend,10,6,inverse_points_preserve_position
2003,2003-02,2,9,17,"Sabrina, the Animated Series",17.0,yearendMASTER-chartcalcs.ods,2003yearend,43,6,inverse_points_preserve_position
2003,2003-02,2,10,16,The Adventures of Jimmy Neutron: Boy Genius,16.0,yearendMASTER-chartcalcs.ods,2003yearend,50,6,inverse_points_preserve_position
2003,2003-02,2,11,15,Passions,15.0,yearendMASTER-chartcalcs.ods,2003yearend,38,6,inverse_points_preserve_position
2003,2003-02,2,12,14,Anatole,14.0,yearendMASTER-chartcalcs.ods,2003yearend,9,6,inverse_points_preserve_position
2003,2003-02,2,13,13,Dragon Tales,13.0,yearendMASTER-chartcalcs.ods,2003yearend,22,6,inverse_points_preserve_position
2003,2003-02,2,14,12,Timothy Goes to School,12.0,yearendMASTER-chartcalcs.ods,2003yearend,56,6,inverse_points_preserve_position
2003,2003-02,2,15,11,"Marvin, the Tap-Dancing Horse",11.0,yearendMASTER-chartcalcs.ods,2003yearend,35,6,inverse_points_preserve_position
2003,2003-02,2,16,10,House of Mouse,10.0,yearendMASTER-chartcalcs.ods,2003yearend,27,6,inverse_points_preserve_position
2003,2003-02,2,17,9,The Berenstain Bears,9.0,yearendMASTER-chartcalcs.ods,2003yearend,51,6,inverse_points_preserve_position
2003,2003-02,2,18,8,Digimon: Digital Monsters,8.0,yearendMASTER-chartcalcs.ods,2003yearend,21,6,inverse_points_preserve_position
2003,2003-02,2,19,7,Medabots,7.0,yearendMASTER-chartcalcs.ods,2003yearend,36,6,inverse_points_preserve_position
2003,2003-02,2,20,6,Stanley,6.0,yearendMASTER-chartcalcs.ods,2003yearend,47,6,inverse_points_preserve_position
2003,2003-02,2,21,5,Kim Possible,5.0,yearendMASTER-chartcalcs.ods,2003yearend,31,6,inverse_points_preserve_position
2003,2003-02,2,22,4,WWE Raw,4.0,yearendMASTER-chartcalcs.ods,2003yearend,60,6,inverse_points_preserve_position
2003,2003-02,2,23,3,Days of Our Lives,3.0,yearendMASTER-chartcalcs.ods,2003yearend,20,6,inverse_points_preserve_position
2003,2003-02,2,24,2,Dragonball Z,2.0,yearendMASTER-chartcalcs.ods,2003yearend,23,6,inverse_points_preserve_position
2003,2003-02,2,25,1,The Bernie Mac Show,1.0,yearendMASTER-chartcalcs.ods,2003yearend,52,6,inverse_points_preserve_position
2003,2003-03,3,1,25,Brian Jacques' Redwall,25.0,yearendMASTER-chartcalcs.ods,2003yearend,15,7,inverse_points_preserve_position
2003,2003-03,3,2,24,Anne of Green Gables: The Animated Series,24.0,yearendMASTER-chartcalcs.ods,2003yearend,11,7,inverse_points_preserve_position
2003,2003-03,3,3,23,The Fairly Oddparents,23.0,yearendMASTER-chartcalcs.ods,2003yearend,53,7,inverse_points_preserve_position
2003,2003-03,3,4,22,"Sagwa, the Chinese Siamese Cat",22.0,yearendMASTER-chartcalcs.ods,2003yearend,44,7,inverse_points_preserve_position
2003,2003-03,3,5,21,Angelina Ballerina,21.0,yearendMASTER-chartcalcs.ods,2003yearend,10,7,inverse_points_preserve_position
2003,2003-03,3,6,20,Lloyd in Space,20.0,yearendMASTER-chartcalcs.ods,2003yearend,34,7,inverse_points_preserve_position
2003,2003-03,3,7,19,Dragon Tales,19.0,yearendMASTER-chartcalcs.ods,2003yearend,22,7,inverse_points_preserve_position
2003,2003-03,3,8,18,The Legend of Tarzan,18.0,yearendMASTER-chartcalcs.ods,2003yearend,54,7,inverse_points_preserve_position
2003,2003-03,3,9,17,Storm Stories,17.0,yearendMASTER-chartcalcs.ods,2003yearend,48,7,inverse_points_preserve_position
2003,2003-03,3,10,16,WWE Raw,16.0,yearendMASTER-chartcalcs.ods,2003yearend,60,7,inverse_points_preserve_position
2003,2003-03,3,11,15,The Berenstain Bears,15.0,yearendMASTER-chartcalcs.ods,2003yearend,51,7,inverse_points_preserve_position
2003,2003-03,3,12,14,"Hey, Arnold",14.0,yearendMASTER-chartcalcs.ods,2003yearend,26,7,inverse_points_preserve_position
2003,2003-03,3,13,13,The Adventures of Jimmy Neutron: Boy Genius,13.0,yearendMASTER-chartcalcs.ods,2003yearend,50,7,inverse_points_preserve_position
2003,2003-03,3,14,12,Passions,12.0,yearendMASTER-chartcalcs.ods,2003yearend,38,7,inverse_points_preserve_position
2003,2003-03,3,15,11,Timothy Goes to School,11.0,yearendMASTER-chartcalcs.ods,2003yearend,56,7,inverse_points_preserve_position
2003,2003-03,3,16,10,Total Request Live,10.0,yearendMASTER-chartcalcs.ods,2003yearend,57,7,inverse_points_preserve_position
2003,2003-03,3,17,9,"Sabrina, the Animated Series",9.0,yearendMASTER-chartcalcs.ods,2003yearend,43,7,inverse_points_preserve_position
2003,2003-03,3,18,8,Anatole,8.0,yearendMASTER-chartcalcs.ods,2003yearend,9,7,inverse_points_preserve_position
2003,2003-03,3,19,7,"Marvin, the Tap-Dancing Horse",7.0,yearendMASTER-chartcalcs.ods,2003yearend,35,7,inverse_points_preserve_position
2003,2003-03,3,20,6,Digimon: Digital Monsters,6.0,yearendMASTER-chartcalcs.ods,2003yearend,21,7,inverse_points_preserve_position
2003,2003-03,3,21,5,House of Mouse,5.0,yearendMASTER-chartcalcs.ods,2003yearend,27,7,inverse_points_preserve_position
2003,2003-03,3,22,4,Kim Possible,4.0,yearendMASTER-chartcalcs.ods,2003yearend,31,7,inverse_points_preserve_position
2003,2003-03,3,23,3,Medabots,3.0,yearendMASTER-chartcalcs.ods,2003yearend,36,7,inverse_points_preserve_position
2003,2003-03,3,24,2,Days of Our Lives,2.0,yearendMASTER-chartcalcs.ods,2003yearend,20,7,inverse_points_preserve_position
2003,2003-03,3,25,1,Dragonball Z,1.0,yearendMASTER-chartcalcs.ods,2003yearend,23,7,inverse_points_preserve_position
2003,2003-04,4,1,25,Brian Jacques' Redwall,25.0,yearendMASTER-chartcalcs.ods,2003yearend,15,8,inverse_points_preserve_position
2003,2003-04,4,2,24,Anne of Green Gables: The Animated Series,24.0,yearendMASTER-chartcalcs.ods,2003yearend,11,8,inverse_points_preserve_position
2003,2003-04,4,3,23,Storm Stories,23.0,yearendMASTER-chartcalcs.ods,2003yearend,48,8,inverse_points_preserve_position
2003,2003-04,4,4,22,Yu Yu Hakusho,22.0,yearendMASTER-chartcalcs.ods,2003yearend,62,8,inverse_points_preserve_position
2003,2003-04,4,5,21,"Sagwa, the Chinese Siamese Cat",21.0,yearendMASTER-chartcalcs.ods,2003yearend,44,8,inverse_points_preserve_position
2003,2003-04,4,6,20,Lloyd in Space,20.0,yearendMASTER-chartcalcs.ods,2003yearend,34,8,inverse_points_preserve_position
2003,2003-04,4,7,19,The Fairly Oddparents,19.0,yearendMASTER-chartcalcs.ods,2003yearend,53,8,inverse_points_preserve_position
2003,2003-04,4,8,18,Angelina Ballerina,18.0,yearendMASTER-chartcalcs.ods,2003yearend,10,8,inverse_points_preserve_position
2003,2003-04,4,9,17,WWE Raw,17.0,yearendMASTER-chartcalcs.ods,2003yearend,60,8,inverse_points_preserve_position
2003,2003-04,4,10,16,Dragon Tales,16.0,yearendMASTER-chartcalcs.ods,2003yearend,22,8,inverse_points_preserve_position
2003,2003-04,4,11,15,The Berenstain Bears,15.0,yearendMASTER-chartcalcs.ods,2003yearend,51,8,inverse_points_preserve_position
2003,2003-04,4,12,14,Kim Possible,14.0,yearendMASTER-chartcalcs.ods,2003yearend,31,8,inverse_points_preserve_position
2003,2003-04,4,13,13,Codename: Kids Next Door,13.0,yearendMASTER-chartcalcs.ods,2003yearend,17,8,inverse_points_preserve_position
2003,2003-04,4,14,12,Futurama,12.0,yearendMASTER-chartcalcs.ods,2003yearend,24,8,inverse_points_preserve_position
2003,2003-04,4,15,11,The Legend of Tarzan,11.0,yearendMASTER-chartcalcs.ods,2003yearend,54,8,inverse_points_preserve_position
2003,2003-04,4,16,10,Timothy Goes to School,10.0,yearendMASTER-chartcalcs.ods,2003yearend,56,8,inverse_points_preserve_position
2003,2003-04,4,17,9,Dragonball Z,9.0,yearendMASTER-chartcalcs.ods,2003yearend,23,8,inverse_points_preserve_position
2003,2003-04,4,18,8,Liberty's Kids,8.0,yearendMASTER-chartcalcs.ods,2003yearend,32,8,inverse_points_preserve_position
2003,2003-04,4,19,7,Passions,7.0,yearendMASTER-chartcalcs.ods,2003yearend,38,8,inverse_points_preserve_position
2003,2003-04,4,20,6,The Adventures of Jimmy Neutron: Boy Genius,6.0,yearendMASTER-chartcalcs.ods,2003yearend,50,8,inverse_points_preserve_position
2003,2003-04,4,21,5,"Hey, Arnold",5.0,yearendMASTER-chartcalcs.ods,2003yearend,26,8,inverse_points_preserve_position
2003,2003-04,4,22,4,Total Request Live,4.0,yearendMASTER-chartcalcs.ods,2003yearend,57,8,inverse_points_preserve_position
2003,2003-04,4,23,3,Anatole,3.0,yearendMASTER-chartcalcs.ods,2003yearend,9,8,inverse_points_preserve_position
2003,2003-04,4,24,2,Days of Our Lives,2.0,yearendMASTER-chartcalcs.ods,2003yearend,20,8,inverse_points_preserve_position
2003,2003-04,4,25,1,House of Mouse,1.0,yearendMASTER-chartcalcs.ods,2003yearend,27,8,inverse_points_preserve_position
2003,2003-05,5,1,25,Brian Jacques' Redwall,25.0,yearendMASTER-chartcalcs.ods,2003yearend,15,9,inverse_points_preserve_position
2003,2003-05,5,1,25,Yu Yu Hakusho,25.0,yearendMASTER-chartcalcs.ods,2003yearend,62,9,inverse_points_preserve_position
2003,2003-05,5,3,23,Back to the Future: The Animated Series,23.0,yearendMASTER-chartcalcs.ods,2003yearend,12,9,inverse_points_preserve_position
2003,2003-05,5,4,22,Anne of Green Gables: The Animated Series,22.0,yearendMASTER-chartcalcs.ods,2003yearend,11,9,inverse_points_preserve_position
2003,2003-05,5,5,21,Storm Stories,21.0,yearendMASTER-chartcalcs.ods,2003yearend,48,9,inverse_points_preserve_position
2003,2003-05,5,6,20,X-Men: Evolution,20.0,yearendMASTER-chartcalcs.ods,2003yearend,61,9,inverse_points_preserve_position
2003,2003-05,5,7,19,Kim Possible,19.0,yearendMASTER-chartcalcs.ods,2003yearend,31,9,inverse_points_preserve_position
2003,2003-05,5,8,18,"Sagwa, the Chinese Siamese Cat",18.0,yearendMASTER-chartcalcs.ods,2003yearend,44,9,inverse_points_preserve_position
2003,2003-05,5,9,17,Lloyd in Space,17.0,yearendMASTER-chartcalcs.ods,2003yearend,34,9,inverse_points_preserve_position
2003,2003-05,5,10,16,Cyberchase,16.0,yearendMASTER-chartcalcs.ods,2003yearend,18,9,inverse_points_preserve_position
2003,2003-05,5,11,15,Dragon Tales,15.0,yearendMASTER-chartcalcs.ods,2003yearend,22,9,inverse_points_preserve_position
2003,2003-05,5,12,14,Liberty's Kids,14.0,yearendMASTER-chartcalcs.ods,2003yearend,32,9,inverse_points_preserve_position
2003,2003-05,5,13,13,Angelina Ballerina,13.0,yearendMASTER-chartcalcs.ods,2003yearend,10,9,inverse_points_preserve_position
2003,2003-05,5,14,12,Pokemon,12.0,yearendMASTER-chartcalcs.ods,2003yearend,40,9,inverse_points_preserve_position
2003,2003-05,5,15,11,Dragonball Z,11.0,yearendMASTER-chartcalcs.ods,2003yearend,23,9,inverse_points_preserve_position
2003,2003-05,5,16,10,The Proud Family,10.0,yearendMASTER-chartcalcs.ods,2003yearend,55,9,inverse_points_preserve_position
2003,2003-05,5,17,9,"Hey, Arnold",9.0,yearendMASTER-chartcalcs.ods,2003yearend,26,9,inverse_points_preserve_position
2003,2003-05,5,18,8,Codename: Kids Next Door,8.0,yearendMASTER-chartcalcs.ods,2003yearend,17,9,inverse_points_preserve_position
2003,2003-05,5,19,7,WWE Raw,7.0,yearendMASTER-chartcalcs.ods,2003yearend,60,9,inverse_points_preserve_position
2003,2003-05,5,20,6,Days of Our Lives,6.0,yearendMASTER-chartcalcs.ods,2003yearend,20,9,inverse_points_preserve_position
2003,2003-05,5,21,5,The Fairly Oddparents,5.0,yearendMASTER-chartcalcs.ods,2003yearend,53,9,inverse_points_preserve_position
2003,2003-05,5,22,4,Passions,4.0,yearendMASTER-chartcalcs.ods,2003yearend,38,9,inverse_points_preserve_position
2003,2003-05,5,23,3,Futurama,3.0,yearendMASTER-chartcalcs.ods,2003yearend,24,9,inverse_points_preserve_position
2003,2003-05,5,24,2,The Berenstain Bears,2.0,yearendMASTER-chartcalcs.ods,2003yearend,51,9,inverse_points_preserve_position
2003,2003-05,5,25,1,Timothy Goes to School,1.0,yearendMASTER-chartcalcs.ods,2003yearend,56,9,inverse_points_preserve_position
2003,2003-06,6,1,25,Brian Jacques' Redwall,25.0,yearendMASTER-chartcalcs.ods,2003yearend,15,10,inverse_points_preserve_position
2003,2003-06,6,2,24,Back to the Future: The Animated Series,24.0,yearendMASTER-chartcalcs.ods,2003yearend,12,10,inverse_points_preserve_position
2003,2003-06,6,3,23,Yu Yu Hakusho,23.0,yearendMASTER-chartcalcs.ods,2003yearend,62,10,inverse_points_preserve_position
2003,2003-06,6,4,22,Cyberchase,22.0,yearendMASTER-chartcalcs.ods,2003yearend,18,10,inverse_points_preserve_position
2003,2003-06,6,5,21,Sitting Ducks,21.0,yearendMASTER-chartcalcs.ods,2003yearend,45,10,inverse_points_preserve_position
2003,2003-06,6,6,20,X-Men: Evolution,20.0,yearendMASTER-chartcalcs.ods,2003yearend,61,10,inverse_points_preserve_position
2003,2003-06,6,7,19,Anne of Green Gables: The Animated Series,19.0,yearendMASTER-chartcalcs.ods,2003yearend,11,10,inverse_points_preserve_position
2003,2003-06,6,8,18,Kim Possible,18.0,yearendMASTER-chartcalcs.ods,2003yearend,31,10,inverse_points_preserve_position
2003,2003-06,6,9,17,Days of Our Lives,17.0,yearendMASTER-chartcalcs.ods,2003yearend,20,10,inverse_points_preserve_position
2003,2003-06,6,10,16,Storm Stories,16.0,yearendMASTER-chartcalcs.ods,2003yearend,48,10,inverse_points_preserve_position
2003,2003-06,6,11,15,Futurama,15.0,yearendMASTER-chartcalcs.ods,2003yearend,24,10,inverse_points_preserve_position
2003,2003-06,6,12,14,"Sagwa, the Chinese Siamese Cat",14.0,yearendMASTER-chartcalcs.ods,2003yearend,44,10,inverse_points_preserve_position
2003,2003-06,6,13,13,Dragon Tales,13.0,yearendMASTER-chartcalcs.ods,2003yearend,22,10,inverse_points_preserve_position
2003,2003-06,6,14,12,Liberty's Kids,12.0,yearendMASTER-chartcalcs.ods,2003yearend,32,10,inverse_points_preserve_position
2003,2003-06,6,15,11,Lloyd in Space,11.0,yearendMASTER-chartcalcs.ods,2003yearend,34,10,inverse_points_preserve_position
2003,2003-06,6,16,10,Angelina Ballerina,10.0,yearendMASTER-chartcalcs.ods,2003yearend,10,10,inverse_points_preserve_position
2003,2003-06,6,17,9,Pokemon,9.0,yearendMASTER-chartcalcs.ods,2003yearend,40,10,inverse_points_preserve_position
2003,2003-06,6,18,8,Codename: Kids Next Door,8.0,yearendMASTER-chartcalcs.ods,2003yearend,17,10,inverse_points_preserve_position
2003,2003-06,6,19,7,Pecola,7.0,yearendMASTER-chartcalcs.ods,2003yearend,39,10,inverse_points_preserve_position
2003,2003-06,6,20,6,"Hey, Arnold",6.0,yearendMASTER-chartcalcs.ods,2003yearend,26,10,inverse_points_preserve_position
2003,2003-06,6,21,5,Dragonball Z,5.0,yearendMASTER-chartcalcs.ods,2003yearend,23,10,inverse_points_preserve_position
2003,2003-06,6,22,4,Passions,4.0,yearendMASTER-chartcalcs.ods,2003yearend,38,10,inverse_points_preserve_position
2003,2003-06,6,23,3,WWE Raw,3.0,yearendMASTER-chartcalcs.ods,2003yearend,60,10,inverse_points_preserve_position
2003,2003-06,6,24,2,The Proud Family,2.0,yearendMASTER-chartcalcs.ods,2003yearend,55,10,inverse_points_preserve_position
2003,2003-06,6,25,1,Timothy Goes to School,1.0,yearendMASTER-chartcalcs.ods,2003yearend,56,10,inverse_points_preserve_position
2003,2003-07,7,1,25,Brian Jacques' Redwall,25.0,yearendMASTER-chartcalcs.ods,2003yearend,15,11,inverse_points_preserve_position
2003,2003-07,7,2,24,Sitting Ducks,24.0,yearendMASTER-chartcalcs.ods,2003yearend,45,11,inverse_points_preserve_position
2003,2003-07,7,3,23,Anne of Green Gables: The Animated Series,23.0,yearendMASTER-chartcalcs.ods,2003yearend,11,11,inverse_points_preserve_position
2003,2003-07,7,4,22,Pecola,22.0,yearendMASTER-chartcalcs.ods,2003yearend,39,11,inverse_points_preserve_position
2003,2003-07,7,5,21,Dragon Tales,21.0,yearendMASTER-chartcalcs.ods,2003yearend,22,11,inverse_points_preserve_position
2003,2003-07,7,6,20,X-Men: Evolution,20.0,yearendMASTER-chartcalcs.ods,2003yearend,61,11,inverse_points_preserve_position
2003,2003-07,7,7,19,Days of Our Lives,19.0,yearendMASTER-chartcalcs.ods,2003yearend,20,11,inverse_points_preserve_position
2003,2003-07,7,8,18,Back to the Future: The Animated Series,18.0,yearendMASTER-chartcalcs.ods,2003yearend,12,11,inverse_points_preserve_position
2003,2003-07,7,9,17,Cyberchase,17.0,yearendMASTER-chartcalcs.ods,2003yearend,18,11,inverse_points_preserve_position
2003,2003-07,7,10,16,Yu Yu Hakusho,16.0,yearendMASTER-chartcalcs.ods,2003yearend,62,11,inverse_points_preserve_position
2003,2003-07,7,11,15,Lloyd in Space,15.0,yearendMASTER-chartcalcs.ods,2003yearend,34,11,inverse_points_preserve_position
2003,2003-07,7,12,14,"Sagwa, the Chinese Siamese Cat",14.0,yearendMASTER-chartcalcs.ods,2003yearend,44,11,inverse_points_preserve_position
2003,2003-07,7,13,13,Timothy Goes to School,13.0,yearendMASTER-chartcalcs.ods,2003yearend,56,11,inverse_points_preserve_position
2003,2003-07,7,14,12,Angelina Ballerina,12.0,yearendMASTER-chartcalcs.ods,2003yearend,10,11,inverse_points_preserve_position
2003,2003-07,7,15,11,Storm Stories,11.0,yearendMASTER-chartcalcs.ods,2003yearend,48,11,inverse_points_preserve_position
2003,2003-07,7,16,10,Kim Possible,10.0,yearendMASTER-chartcalcs.ods,2003yearend,31,11,inverse_points_preserve_position
2003,2003-07,7,17,9,The Legend of Tarzan,9.0,yearendMASTER-chartcalcs.ods,2003yearend,54,11,inverse_points_preserve_position
2003,2003-07,7,18,8,Liberty's Kids,8.0,yearendMASTER-chartcalcs.ods,2003yearend,32,11,inverse_points_preserve_position
2003,2003-07,7,19,7,Futurama,7.0,yearendMASTER-chartcalcs.ods,2003yearend,24,11,inverse_points_preserve_position
2003,2003-07,7,20,6,The Berenstain Bears,6.0,yearendMASTER-chartcalcs.ods,2003yearend,51,11,inverse_points_preserve_position
2003,2003-07,7,21,5,Rurouni Kenshin,5.0,yearendMASTER-chartcalcs.ods,2003yearend,42,11,inverse_points_preserve_position
2003,2003-07,7,22,4,Passions,4.0,yearendMASTER-chartcalcs.ods,2003yearend,38,11,inverse_points_preserve_position
2003,2003-07,7,23,3,Pokemon,3.0,yearendMASTER-chartcalcs.ods,2003yearend,40,11,inverse_points_preserve_position
2003,2003-07,7,24,2,"Hey, Arnold",2.0,yearendMASTER-chartcalcs.ods,2003yearend,26,11,inverse_points_preserve_position
2003,2003-07,7,25,1,WWE Raw,1.0,yearendMASTER-chartcalcs.ods,2003yearend,60,11,inverse_points_preserve_position
2003,2003-08,8,1,25,"Sagwa, the Chinese Siamese Cat",25.0,yearendMASTER-chartcalcs.ods,2003yearend,44,12,inverse_points_preserve_position
2003,2003-08,8,2,24,Stripperella,24.0,yearendMASTER-chartcalcs.ods,2003yearend,49,12,inverse_points_preserve_position
2003,2003-08,8,3,23,Dragon Tales,23.0,yearendMASTER-chartcalcs.ods,2003yearend,22,12,inverse_points_preserve_position
2003,2003-08,8,4,22,Sitting Ducks,22.0,yearendMASTER-chartcalcs.ods,2003yearend,45,12,inverse_points_preserve_position
2003,2003-08,8,5,21,Brian Jacques' Redwall,21.0,yearendMASTER-chartcalcs.ods,2003yearend,15,12,inverse_points_preserve_position
2003,2003-08,8,6,20,Anne of Green Gables: The Animated Series,20.0,yearendMASTER-chartcalcs.ods,2003yearend,11,12,inverse_points_preserve_position
2003,2003-08,8,7,19,WWE Raw,19.0,yearendMASTER-chartcalcs.ods,2003yearend,60,12,inverse_points_preserve_position
2003,2003-08,8,8,18,Lloyd in Space,18.0,yearendMASTER-chartcalcs.ods,2003yearend,34,12,inverse_points_preserve_position
2003,2003-08,8,9,17,Pecola,17.0,yearendMASTER-chartcalcs.ods,2003yearend,39,12,inverse_points_preserve_position
2003,2003-08,8,10,16,Angelina Ballerina,16.0,yearendMASTER-chartcalcs.ods,2003yearend,10,12,inverse_points_preserve_position
2003,2003-08,8,11,15,WMAC Masters,15.0,yearendMASTER-chartcalcs.ods,2003yearend,59,12,inverse_points_preserve_position
2003,2003-08,8,12,14,X-Men: Evolution,14.0,yearendMASTER-chartcalcs.ods,2003yearend,61,12,inverse_points_preserve_position
2003,2003-08,8,13,13,Yu Yu Hakusho,13.0,yearendMASTER-chartcalcs.ods,2003yearend,62,12,inverse_points_preserve_position
2003,2003-08,8,14,12,Cyberchase,12.0,yearendMASTER-chartcalcs.ods,2003yearend,18,12,inverse_points_preserve_position
2003,2003-08,8,15,11,Days of Our Lives,11.0,yearendMASTER-chartcalcs.ods,2003yearend,20,12,inverse_points_preserve_position
2003,2003-08,8,16,10,Back to the Future: The Animated Series,10.0,yearendMASTER-chartcalcs.ods,2003yearend,12,12,inverse_points_preserve_position
2003,2003-08,8,17,9,Passions,9.0,yearendMASTER-chartcalcs.ods,2003yearend,38,12,inverse_points_preserve_position
2003,2003-08,8,18,8,The Fairly Oddparents,8.0,yearendMASTER-chartcalcs.ods,2003yearend,53,12,inverse_points_preserve_position
2003,2003-08,8,19,7,Timothy Goes to School,7.0,yearendMASTER-chartcalcs.ods,2003yearend,56,12,inverse_points_preserve_position
2003,2003-08,8,20,6,Storm Stories,6.0,yearendMASTER-chartcalcs.ods,2003yearend,48,12,inverse_points_preserve_position
2003,2003-08,8,21,5,The Legend of Tarzan,5.0,yearendMASTER-chartcalcs.ods,2003yearend,54,12,inverse_points_preserve_position
2003,2003-08,8,22,4,Liberty's Kids,4.0,yearendMASTER-chartcalcs.ods,2003yearend,32,12,inverse_points_preserve_position
2003,2003-08,8,23,3,Kim Possible,3.0,yearendMASTER-chartcalcs.ods,2003yearend,31,12,inverse_points_preserve_position
2003,2003-08,8,24,2,Futurama,2.0,yearendMASTER-chartcalcs.ods,2003yearend,24,12,inverse_points_preserve_position
2003,2003-08,8,25,1,The Berenstain Bears,1.0,yearendMASTER-chartcalcs.ods,2003yearend,51,12,inverse_points_preserve_position
2003,2003-09,9,1,25,"Sagwa, the Chinese Siamese Cat",25.0,yearendMASTER-chartcalcs.ods,2003yearend,44,13,inverse_points_preserve_position
2003,2003-09,9,2,24,Dragon Tales,24.0,yearendMASTER-chartcalcs.ods,2003yearend,22,13,inverse_points_preserve_position
2003,2003-09,9,3,23,WWE Raw,23.0,yearendMASTER-chartcalcs.ods,2003yearend,60,13,inverse_points_preserve_position
2003,2003-09,9,4,22,Anne of Green Gables: The Animated Series,22.0,yearendMASTER-chartcalcs.ods,2003yearend,11,13,inverse_points_preserve_position
2003,2003-09,9,5,21,Brian Jacques' Redwall,21.0,yearendMASTER-chartcalcs.ods,2003yearend,15,13,inverse_points_preserve_position
2003,2003-09,9,6,20,Angelina Ballerina,20.0,yearendMASTER-chartcalcs.ods,2003yearend,10,13,inverse_points_preserve_position
2003,2003-09,9,7,19,Stripperella,19.0,yearendMASTER-chartcalcs.ods,2003yearend,49,13,inverse_points_preserve_position
2003,2003-09,9,8,18,Cyborg 009,18.0,yearendMASTER-chartcalcs.ods,2003yearend,19,13,inverse_points_preserve_position
2003,2003-09,9,9,17,WMAC Masters,17.0,yearendMASTER-chartcalcs.ods,2003yearend,59,13,inverse_points_preserve_position
2003,2003-09,9,10,16,Sitting Ducks,16.0,yearendMASTER-chartcalcs.ods,2003yearend,45,13,inverse_points_preserve_position
2003,2003-09,9,11,15,Passions,15.0,yearendMASTER-chartcalcs.ods,2003yearend,38,13,inverse_points_preserve_position
2003,2003-09,9,12,14,Days of Our Lives,14.0,yearendMASTER-chartcalcs.ods,2003yearend,20,13,inverse_points_preserve_position
2003,2003-09,9,13,13,Yu Yu Hakusho,13.0,yearendMASTER-chartcalcs.ods,2003yearend,62,13,inverse_points_preserve_position
2003,2003-09,9,14,12,Lloyd in Space,12.0,yearendMASTER-chartcalcs.ods,2003yearend,34,13,inverse_points_preserve_position
2003,2003-09,9,15,11,Pecola,11.0,yearendMASTER-chartcalcs.ods,2003yearend,39,13,inverse_points_preserve_position
2003,2003-09,9,16,10,The Fairly Oddparents,10.0,yearendMASTER-chartcalcs.ods,2003yearend,53,13,inverse_points_preserve_position
2003,2003-09,9,17,9,My Life As a Teenage Robot,9.0,yearendMASTER-chartcalcs.ods,2003yearend,37,13,inverse_points_preserve_position
2003,2003-09,9,18,8,Cyberchase,8.0,yearendMASTER-chartcalcs.ods,2003yearend,18,13,inverse_points_preserve_position
2003,2003-09,9,19,7,Timothy Goes to School,7.0,yearendMASTER-chartcalcs.ods,2003yearend,56,13,inverse_points_preserve_position
2003,2003-09,9,20,6,X-Men: Evolution,6.0,yearendMASTER-chartcalcs.ods,2003yearend,61,13,inverse_points_preserve_position
2003,2003-09,9,21,5,Back to the Future: The Animated Series,5.0,yearendMASTER-chartcalcs.ods,2003yearend,12,13,inverse_points_preserve_position
2003,2003-09,9,22,4,Digimon: Digital Monsters,4.0,yearendMASTER-chartcalcs.ods,2003yearend,21,13,inverse_points_preserve_position
2003,2003-09,9,23,3,Storm Stories,3.0,yearendMASTER-chartcalcs.ods,2003yearend,48,13,inverse_points_preserve_position
2003,2003-09,9,24,2,Liberty's Kids,2.0,yearendMASTER-chartcalcs.ods,2003yearend,32,13,inverse_points_preserve_position
2003,2003-09,9,25,1,Kim Possible,1.0,yearendMASTER-chartcalcs.ods,2003yearend,31,13,inverse_points_preserve_position
2003,2003-10,10,1,25,Sonic X,25.0,yearendMASTER-chartcalcs.ods,2003yearend,46,14,inverse_points_preserve_position
2003,2003-10,10,2,24,Brian Jacques' Redwall,24.0,yearendMASTER-chartcalcs.ods,2003yearend,15,14,inverse_points_preserve_position
2003,2003-10,10,3,23,Dragon Tales,23.0,yearendMASTER-chartcalcs.ods,2003yearend,22,14,inverse_points_preserve_position
2003,2003-10,10,4,22,Anne of Green Gables: The Animated Series,22.0,yearendMASTER-chartcalcs.ods,2003yearend,11,14,inverse_points_preserve_position
2003,2003-10,10,5,21,"Sagwa, the Chinese Siamese Cat",21.0,yearendMASTER-chartcalcs.ods,2003yearend,44,14,inverse_points_preserve_position
2003,2003-10,10,6,20,WWE Raw,20.0,yearendMASTER-chartcalcs.ods,2003yearend,60,14,inverse_points_preserve_position
2003,2003-10,10,7,19,Angelina Ballerina,19.0,yearendMASTER-chartcalcs.ods,2003yearend,10,14,inverse_points_preserve_position
2003,2003-10,10,8,18,Days of Our Lives,18.0,yearendMASTER-chartcalcs.ods,2003yearend,20,14,inverse_points_preserve_position
2003,2003-10,10,9,17,Cyborg 009,17.0,yearendMASTER-chartcalcs.ods,2003yearend,19,14,inverse_points_preserve_position
2003,2003-10,10,10,16,Stripperella,16.0,yearendMASTER-chartcalcs.ods,2003yearend,49,14,inverse_points_preserve_position
2003,2003-10,10,11,15,My Life As a Teenage Robot,15.0,yearendMASTER-chartcalcs.ods,2003yearend,37,14,inverse_points_preserve_position
2003,2003-10,10,12,14,Passions,14.0,yearendMASTER-chartcalcs.ods,2003yearend,38,14,inverse_points_preserve_position
2003,2003-10,10,13,13,Yu-Gi-Oh,13.0,yearendMASTER-chartcalcs.ods,2003yearend,63,14,inverse_points_preserve_position
2003,2003-10,10,14,12,Sitting Ducks,12.0,yearendMASTER-chartcalcs.ods,2003yearend,45,14,inverse_points_preserve_position
2003,2003-10,10,15,11,Liberty's Kids,11.0,yearendMASTER-chartcalcs.ods,2003yearend,32,14,inverse_points_preserve_position
2003,2003-10,10,16,10,George Shrinks,10.0,yearendMASTER-chartcalcs.ods,2003yearend,25,14,inverse_points_preserve_position
2003,2003-10,10,17,9,Digimon: Digital Monsters,9.0,yearendMASTER-chartcalcs.ods,2003yearend,21,14,inverse_points_preserve_position
2003,2003-10,10,18,8,WMAC Masters,8.0,yearendMASTER-chartcalcs.ods,2003yearend,59,14,inverse_points_preserve_position
2003,2003-10,10,19,7,The Fairly Oddparents,7.0,yearendMASTER-chartcalcs.ods,2003yearend,53,14,inverse_points_preserve_position
2003,2003-10,10,20,6,Yu Yu Hakusho,6.0,yearendMASTER-chartcalcs.ods,2003yearend,62,14,inverse_points_preserve_position
2003,2003-10,10,21,5,Lloyd in Space,5.0,yearendMASTER-chartcalcs.ods,2003yearend,34,14,inverse_points_preserve_position
2003,2003-10,10,22,4,Pecola,4.0,yearendMASTER-chartcalcs.ods,2003yearend,39,14,inverse_points_preserve_position
2003,2003-10,10,23,3,Cyberchase,3.0,yearendMASTER-chartcalcs.ods,2003yearend,18,14,inverse_points_preserve_position
2003,2003-10,10,24,2,X-Men: Evolution,2.0,yearendMASTER-chartcalcs.ods,2003yearend,61,14,inverse_points_preserve_position
2003,2003-10,10,25,1,Storm Stories,1.0,yearendMASTER-chartcalcs.ods,2003yearend,48,14,inverse_points_preserve_position
2003,2003-11,11,1,25,Sonic X,25.0,yearendMASTER-chartcalcs.ods,2003yearend,46,15,inverse_points_preserve_position
2003,2003-11,11,2,24,Brian Jacques' Redwall,24.0,yearendMASTER-chartcalcs.ods,2003yearend,15,15,inverse_points_preserve_position
2003,2003-11,11,3,23,Lilo & Stitch: The Series,23.0,yearendMASTER-chartcalcs.ods,2003yearend,33,15,inverse_points_preserve_position
2003,2003-11,11,4,22,Anne of Green Gables: The Animated Series,22.0,yearendMASTER-chartcalcs.ods,2003yearend,11,15,inverse_points_preserve_position
2003,2003-11,11,5,21,My Life As a Teenage Robot,21.0,yearendMASTER-chartcalcs.ods,2003yearend,37,15,inverse_points_preserve_position
2003,2003-11,11,6,20,Days of Our Lives,20.0,yearendMASTER-chartcalcs.ods,2003yearend,20,15,inverse_points_preserve_position
2003,2003-11,11,7,19,"Sagwa, the Chinese Siamese Cat",19.0,yearendMASTER-chartcalcs.ods,2003yearend,44,15,inverse_points_preserve_position
2003,2003-11,11,8,18,Dragon Tales,18.0,yearendMASTER-chartcalcs.ods,2003yearend,22,15,inverse_points_preserve_position
2003,2003-11,11,9,17,Jakers!: The Adventures of Piggley Winks,17.0,yearendMASTER-chartcalcs.ods,2003yearend,29,15,inverse_points_preserve_position
2003,2003-11,11,10,16,Passions,16.0,yearendMASTER-chartcalcs.ods,2003yearend,38,15,inverse_points_preserve_position
2003,2003-11,11,11,15,WWE Raw,15.0,yearendMASTER-chartcalcs.ods,2003yearend,60,15,inverse_points_preserve_position
2003,2003-11,11,12,14,Digimon: Digital Monsters,14.0,yearendMASTER-chartcalcs.ods,2003yearend,21,15,inverse_points_preserve_position
2003,2003-11,11,13,13,Angelina Ballerina,13.0,yearendMASTER-chartcalcs.ods,2003yearend,10,15,inverse_points_preserve_position
2003,2003-11,11,14,12,Liberty's Kids,12.0,yearendMASTER-chartcalcs.ods,2003yearend,32,15,inverse_points_preserve_position
2003,2003-11,11,15,11,Kikaider,11.0,yearendMASTER-chartcalcs.ods,2003yearend,30,15,inverse_points_preserve_position
2003,2003-11,11,16,10,Stripperella,10.0,yearendMASTER-chartcalcs.ods,2003yearend,49,15,inverse_points_preserve_position
2003,2003-11,11,17,9,Yu-Gi-Oh,9.0,yearendMASTER-chartcalcs.ods,2003yearend,63,15,inverse_points_preserve_position
2003,2003-11,11,18,8,Blue Gender,8.0,yearendMASTER-chartcalcs.ods,2003yearend,14,15,inverse_points_preserve_position
2003,2003-11,11,19,7,Cyborg 009,7.0,yearendMASTER-chartcalcs.ods,2003yearend,19,15,inverse_points_preserve_position
2003,2003-11,11,20,6,Pecola,6.0,yearendMASTER-chartcalcs.ods,2003yearend,39,15,inverse_points_preserve_position
2003,2003-11,11,21,5,Sitting Ducks,5.0,yearendMASTER-chartcalcs.ods,2003yearend,45,15,inverse_points_preserve_position
2003,2003-11,11,22,4,George Shrinks,4.0,yearendMASTER-chartcalcs.ods,2003yearend,25,15,inverse_points_preserve_position
2003,2003-11,11,23,3,The Fairly Oddparents,3.0,yearendMASTER-chartcalcs.ods,2003yearend,53,15,inverse_points_preserve_position
2003,2003-11,11,24,2,X-Men: Evolution,2.0,yearendMASTER-chartcalcs.ods,2003yearend,61,15,inverse_points_preserve_position
2003,2003-11,11,25,1,Cyberchase,1.0,yearendMASTER-chartcalcs.ods,2003yearend,18,15,inverse_points_preserve_position
2003,2003-12,12,1,25,Days of Our Lives,25.0,yearendMASTER-chartcalcs.ods,2003yearend,20,16,inverse_points_preserve_position
2003,2003-12,12,2,24,Sonic X,24.0,yearendMASTER-chartcalcs.ods,2003yearend,46,16,inverse_points_preserve_position
2003,2003-12,12,3,23,Brian Jacques' Redwall,23.0,yearendMASTER-chartcalcs.ods,2003yearend,15,16,inverse_points_preserve_position
2003,2003-12,12,4,22,Lilo & Stitch: The Series,22.0,yearendMASTER-chartcalcs.ods,2003yearend,33,16,inverse_points_preserve_position
2003,2003-12,12,5,21,Digimon: Digital Monsters,21.0,yearendMASTER-chartcalcs.ods,2003yearend,21,16,inverse_points_preserve_position
2003,2003-12,12,6,20,WWE Raw,20.0,yearendMASTER-chartcalcs.ods,2003yearend,60,16,inverse_points_preserve_position
2003,2003-12,12,7,19,Jakers!: The Adventures of Piggley Winks,19.0,yearendMASTER-chartcalcs.ods,2003yearend,29,16,inverse_points_preserve_position
2003,2003-12,12,8,18,Big O,18.0,yearendMASTER-chartcalcs.ods,2003yearend,13,16,inverse_points_preserve_position
2003,2003-12,12,9,17,Blue Gender,17.0,yearendMASTER-chartcalcs.ods,2003yearend,14,16,inverse_points_preserve_position
2003,2003-12,12,10,16,Anne of Green Gables: The Animated Series,16.0,yearendMASTER-chartcalcs.ods,2003yearend,11,16,inverse_points_preserve_position
2003,2003-12,12,11,15,Passions,15.0,yearendMASTER-chartcalcs.ods,2003yearend,38,16,inverse_points_preserve_position
2003,2003-12,12,12,14,Yu-Gi-Oh,14.0,yearendMASTER-chartcalcs.ods,2003yearend,63,16,inverse_points_preserve_position
2003,2003-12,12,13,13,My Life As a Teenage Robot,13.0,yearendMASTER-chartcalcs.ods,2003yearend,37,16,inverse_points_preserve_position
2003,2003-12,12,14,12,"Sagwa, the Chinese Siamese Cat",12.0,yearendMASTER-chartcalcs.ods,2003yearend,44,16,inverse_points_preserve_position
2003,2003-12,12,15,11,Kikaider,11.0,yearendMASTER-chartcalcs.ods,2003yearend,30,16,inverse_points_preserve_position
2003,2003-12,12,16,10,InuYasha,10.0,yearendMASTER-chartcalcs.ods,2003yearend,28,16,inverse_points_preserve_position
2003,2003-12,12,17,9,Liberty's Kids,9.0,yearendMASTER-chartcalcs.ods,2003yearend,32,16,inverse_points_preserve_position
2003,2003-12,12,18,8,Dragon Tales,8.0,yearendMASTER-chartcalcs.ods,2003yearend,22,16,inverse_points_preserve_position
2003,2003-12,12,19,7,Rugrats: All Grown Up!,7.0,yearendMASTER-chartcalcs.ods,2003yearend,41,16,inverse_points_preserve_position
2003,2003-12,12,20,6,Angelina Ballerina,6.0,yearendMASTER-chartcalcs.ods,2003yearend,10,16,inverse_points_preserve_position
2003,2003-12,12,21,5,Pecola,5.0,yearendMASTER-chartcalcs.ods,2003yearend,39,16,inverse_points_preserve_position
2003,2003-12,12,22,4,Sitting Ducks,4.0,yearendMASTER-chartcalcs.ods,2003yearend,45,16,inverse_points_preserve_position
2003,2003-12,12,23,3,Stripperella,3.0,yearendMASTER-chartcalcs.ods,2003yearend,49,16,inverse_points_preserve_position
2003,2003-12,12,24,2,X-Men: Evolution,2.0,yearendMASTER-chartcalcs.ods,2003yearend,61,16,inverse_points_preserve_position
2003,2003-12,12,25,1,George Shrinks,1.0,yearendMASTER-chartcalcs.ods,2003yearend,25,16,inverse_points_preserve_position
2004,2004-01,1,1,25,Days of Our Lives,25.0,yearendMASTER-chartcalcs.ods,2004yearend,22,5,inverse_points_preserve_position
2004,2004-01,1,2,24,Sonic X,24.0,yearendMASTER-chartcalcs.ods,2004yearend,50,5,inverse_points_preserve_position
2004,2004-01,1,3,23,Jakers!: The Adventures of Piggley Winks,23.0,yearendMASTER-chartcalcs.ods,2004yearend,30,5,inverse_points_preserve_position
2004,2004-01,1,4,22,Lilo & Stitch: The Series,22.0,yearendMASTER-chartcalcs.ods,2004yearend,34,5,inverse_points_preserve_position
2004,2004-01,1,5,21,WWE Raw,21.0,yearendMASTER-chartcalcs.ods,2004yearend,59,5,inverse_points_preserve_position
2004,2004-01,1,6,20,Brian Jacques' Redwall,20.0,yearendMASTER-chartcalcs.ods,2004yearend,18,5,inverse_points_preserve_position
2004,2004-01,1,7,19,Passions,19.0,yearendMASTER-chartcalcs.ods,2004yearend,42,5,inverse_points_preserve_position
2004,2004-01,1,8,18,Big O,18.0,yearendMASTER-chartcalcs.ods,2004yearend,14,5,inverse_points_preserve_position
2004,2004-01,1,9,17,ER,17.0,yearendMASTER-chartcalcs.ods,2004yearend,25,5,inverse_points_preserve_position
2004,2004-01,1,10,16,Yu-Gi-Oh,16.0,yearendMASTER-chartcalcs.ods,2004yearend,61,5,inverse_points_preserve_position
2004,2004-01,1,11,15,InuYasha,15.0,yearendMASTER-chartcalcs.ods,2004yearend,29,5,inverse_points_preserve_position
2004,2004-01,1,12,14,Angelina Ballerina,14.0,yearendMASTER-chartcalcs.ods,2004yearend,10,5,inverse_points_preserve_position
2004,2004-01,1,13,13,WWE Smackdown!,13.0,yearendMASTER-chartcalcs.ods,2004yearend,60,5,inverse_points_preserve_position
2004,2004-01,1,14,12,Rugrats: All Grown Up!,12.0,yearendMASTER-chartcalcs.ods,2004yearend,46,5,inverse_points_preserve_position
2004,2004-01,1,15,11,Blue Gender,11.0,yearendMASTER-chartcalcs.ods,2004yearend,15,5,inverse_points_preserve_position
2004,2004-01,1,16,10,My Life As a Teenage Robot,10.0,yearendMASTER-chartcalcs.ods,2004yearend,39,5,inverse_points_preserve_position
2004,2004-01,1,17,9,"Sagwa, the Chinese Siamese Cat",9.0,yearendMASTER-chartcalcs.ods,2004yearend,47,5,inverse_points_preserve_position
2004,2004-01,1,18,8,Anne of Green Gables: The Animated Series,8.0,yearendMASTER-chartcalcs.ods,2004yearend,11,5,inverse_points_preserve_position
2004,2004-01,1,19,7,Digimon,7.0,yearendMASTER-chartcalcs.ods,2004yearend,23,5,inverse_points_preserve_position
2004,2004-01,1,20,6,Dragon Tales,6.0,yearendMASTER-chartcalcs.ods,2004yearend,24,5,inverse_points_preserve_position
2004,2004-01,1,21,5,Liberty's Kids,5.0,yearendMASTER-chartcalcs.ods,2004yearend,33,5,inverse_points_preserve_position
2004,2004-01,1,22,4,Law & Order,4.0,yearendMASTER-chartcalcs.ods,2004yearend,32,5,inverse_points_preserve_position
2004,2004-01,1,23,3,Sitting Ducks,3.0,yearendMASTER-chartcalcs.ods,2004yearend,49,5,inverse_points_preserve_position
2004,2004-01,1,24,2,Kikaider,2.0,yearendMASTER-chartcalcs.ods,2004yearend,31,5,inverse_points_preserve_position
2004,2004-01,1,25,1,Pecola,1.0,yearendMASTER-chartcalcs.ods,2004yearend,43,5,inverse_points_preserve_position
2004,2004-02,2,1,25,Jakers!: The Adventures of Piggley Winks,25.0,yearendMASTER-chartcalcs.ods,2004yearend,30,6,inverse_points_preserve_position
2004,2004-02,2,2,24,Lilo & Stitch: The Series,24.0,yearendMASTER-chartcalcs.ods,2004yearend,34,6,inverse_points_preserve_position
2004,2004-02,2,3,23,Days of Our Lives,23.0,yearendMASTER-chartcalcs.ods,2004yearend,22,6,inverse_points_preserve_position
2004,2004-02,2,4,22,WWE Raw,22.0,yearendMASTER-chartcalcs.ods,2004yearend,59,6,inverse_points_preserve_position
2004,2004-02,2,5,21,Sonic X,21.0,yearendMASTER-chartcalcs.ods,2004yearend,50,6,inverse_points_preserve_position
2004,2004-02,2,6,20,InuYasha,20.0,yearendMASTER-chartcalcs.ods,2004yearend,29,6,inverse_points_preserve_position
2004,2004-02,2,7,19,WWE Smackdown!,19.0,yearendMASTER-chartcalcs.ods,2004yearend,60,6,inverse_points_preserve_position
2004,2004-02,2,8,18,Brian Jacques' Redwall,18.0,yearendMASTER-chartcalcs.ods,2004yearend,18,6,inverse_points_preserve_position
2004,2004-02,2,9,17,ER,17.0,yearendMASTER-chartcalcs.ods,2004yearend,25,6,inverse_points_preserve_position
2004,2004-02,2,10,16,Yu-Gi-Oh,16.0,yearendMASTER-chartcalcs.ods,2004yearend,61,6,inverse_points_preserve_position
2004,2004-02,2,11,15,Big O,15.0,yearendMASTER-chartcalcs.ods,2004yearend,14,6,inverse_points_preserve_position
2004,2004-02,2,12,14,Passions,14.0,yearendMASTER-chartcalcs.ods,2004yearend,42,6,inverse_points_preserve_position
2004,2004-02,2,13,13,Law & Order,13.0,yearendMASTER-chartcalcs.ods,2004yearend,32,6,inverse_points_preserve_position
2004,2004-02,2,14,12,Angelina Ballerina,12.0,yearendMASTER-chartcalcs.ods,2004yearend,10,6,inverse_points_preserve_position
2004,2004-02,2,15,11,The Young and the Restless,11.0,yearendMASTER-chartcalcs.ods,2004yearend,57,6,inverse_points_preserve_position
2004,2004-02,2,16,10,"Sagwa, the Chinese Siamese Cat",10.0,yearendMASTER-chartcalcs.ods,2004yearend,47,6,inverse_points_preserve_position
2004,2004-02,2,17,9,Anne of Green Gables: The Animated Series,9.0,yearendMASTER-chartcalcs.ods,2004yearend,11,6,inverse_points_preserve_position
2004,2004-02,2,18,8,My Life As a Teenage Robot,8.0,yearendMASTER-chartcalcs.ods,2004yearend,39,6,inverse_points_preserve_position
2004,2004-02,2,19,7,The Berenstain Bears,7.0,yearendMASTER-chartcalcs.ods,2004yearend,53,6,inverse_points_preserve_position
2004,2004-02,2,20,6,Rugrats: All Grown Up!,6.0,yearendMASTER-chartcalcs.ods,2004yearend,46,6,inverse_points_preserve_position
2004,2004-02,2,21,5,Digimon,5.0,yearendMASTER-chartcalcs.ods,2004yearend,23,6,inverse_points_preserve_position
2004,2004-02,2,22,4,Liberty's Kids,4.0,yearendMASTER-chartcalcs.ods,2004yearend,33,6,inverse_points_preserve_position
2004,2004-02,2,23,3,Dragon Tales,3.0,yearendMASTER-chartcalcs.ods,2004yearend,24,6,inverse_points_preserve_position
2004,2004-02,2,24,2,Sitting Ducks,2.0,yearendMASTER-chartcalcs.ods,2004yearend,49,6,inverse_points_preserve_position
2004,2004-02,2,25,1,Kikaider,1.0,yearendMASTER-chartcalcs.ods,2004yearend,31,6,inverse_points_preserve_position
2004,2004-03,3,1,25,Jakers!: The Adventures of Piggley Winks,25.0,yearendMASTER-chartcalcs.ods,2004yearend,30,7,inverse_points_preserve_position
2004,2004-03,3,2,24,Lilo & Stitch: The Series,24.0,yearendMASTER-chartcalcs.ods,2004yearend,34,7,inverse_points_preserve_position
2004,2004-03,3,3,23,WWE Raw,23.0,yearendMASTER-chartcalcs.ods,2004yearend,59,7,inverse_points_preserve_position
2004,2004-03,3,4,22,Sonic X,22.0,yearendMASTER-chartcalcs.ods,2004yearend,50,7,inverse_points_preserve_position
2004,2004-03,3,5,21,Days of Our Lives,21.0,yearendMASTER-chartcalcs.ods,2004yearend,22,7,inverse_points_preserve_position
2004,2004-03,3,6,20,Law & Order,20.0,yearendMASTER-chartcalcs.ods,2004yearend,32,7,inverse_points_preserve_position
2004,2004-03,3,7,19,Clifford's Puppy Days,19.0,yearendMASTER-chartcalcs.ods,2004yearend,20,7,inverse_points_preserve_position
2004,2004-03,3,8,18,InuYasha,18.0,yearendMASTER-chartcalcs.ods,2004yearend,29,7,inverse_points_preserve_position
2004,2004-03,3,9,17,Big O,17.0,yearendMASTER-chartcalcs.ods,2004yearend,14,7,inverse_points_preserve_position
2004,2004-03,3,10,16,WWE Smackdown!,16.0,yearendMASTER-chartcalcs.ods,2004yearend,60,7,inverse_points_preserve_position
2004,2004-03,3,11,15,The Young and the Restless,15.0,yearendMASTER-chartcalcs.ods,2004yearend,57,7,inverse_points_preserve_position
2004,2004-03,3,12,14,Passions,14.0,yearendMASTER-chartcalcs.ods,2004yearend,42,7,inverse_points_preserve_position
2004,2004-03,3,13,13,ER,13.0,yearendMASTER-chartcalcs.ods,2004yearend,25,7,inverse_points_preserve_position
2004,2004-03,3,14,12,Brian Jacques' Redwall,12.0,yearendMASTER-chartcalcs.ods,2004yearend,18,7,inverse_points_preserve_position
2004,2004-03,3,15,11,Stripperella,11.0,yearendMASTER-chartcalcs.ods,2004yearend,51,7,inverse_points_preserve_position
2004,2004-03,3,16,10,Yu-Gi-Oh,10.0,yearendMASTER-chartcalcs.ods,2004yearend,61,7,inverse_points_preserve_position
2004,2004-03,3,17,9,Angelina Ballerina,9.0,yearendMASTER-chartcalcs.ods,2004yearend,10,7,inverse_points_preserve_position
2004,2004-03,3,18,8,Anne of Green Gables: The Animated Series,8.0,yearendMASTER-chartcalcs.ods,2004yearend,11,7,inverse_points_preserve_position
2004,2004-03,3,19,7,The Berenstain Bears,7.0,yearendMASTER-chartcalcs.ods,2004yearend,53,7,inverse_points_preserve_position
2004,2004-03,3,20,6,"Sagwa, the Chinese Siamese Cat",6.0,yearendMASTER-chartcalcs.ods,2004yearend,47,7,inverse_points_preserve_position
2004,2004-03,3,21,5,Lloyd in Space,5.0,yearendMASTER-chartcalcs.ods,2004yearend,35,7,inverse_points_preserve_position
2004,2004-03,3,22,4,My Life As a Teenage Robot,4.0,yearendMASTER-chartcalcs.ods,2004yearend,39,7,inverse_points_preserve_position
2004,2004-03,3,23,3,Liberty's Kids,3.0,yearendMASTER-chartcalcs.ods,2004yearend,33,7,inverse_points_preserve_position
2004,2004-03,3,24,2,Digimon,2.0,yearendMASTER-chartcalcs.ods,2004yearend,23,7,inverse_points_preserve_position
2004,2004-03,3,25,1,Rugrats: All Grown Up!,1.0,yearendMASTER-chartcalcs.ods,2004yearend,46,7,inverse_points_preserve_position
2004,2004-04,4,1,25,Jakers!: The Adventures of Piggley Winks,25.0,yearendMASTER-chartcalcs.ods,2004yearend,30,8,inverse_points_preserve_position
2004,2004-04,4,2,24,WWE Raw,24.0,yearendMASTER-chartcalcs.ods,2004yearend,59,8,inverse_points_preserve_position
2004,2004-04,4,3,23,Sonic X,23.0,yearendMASTER-chartcalcs.ods,2004yearend,50,8,inverse_points_preserve_position
2004,2004-04,4,4,22,Law & Order,22.0,yearendMASTER-chartcalcs.ods,2004yearend,32,8,inverse_points_preserve_position
2004,2004-04,4,5,21,Days of Our Lives,21.0,yearendMASTER-chartcalcs.ods,2004yearend,22,8,inverse_points_preserve_position
2004,2004-04,4,6,20,Tripping the Rift,20.0,yearendMASTER-chartcalcs.ods,2004yearend,58,8,inverse_points_preserve_position
2004,2004-04,4,7,19,The Young and the Restless,19.0,yearendMASTER-chartcalcs.ods,2004yearend,57,8,inverse_points_preserve_position
2004,2004-04,4,8,18,WWE Smackdown!,18.0,yearendMASTER-chartcalcs.ods,2004yearend,60,8,inverse_points_preserve_position
2004,2004-04,4,9,17,InuYasha,17.0,yearendMASTER-chartcalcs.ods,2004yearend,29,8,inverse_points_preserve_position
2004,2004-04,4,10,16,Big O,16.0,yearendMASTER-chartcalcs.ods,2004yearend,14,8,inverse_points_preserve_position
2004,2004-04,4,11,15,Lloyd in Space,15.0,yearendMASTER-chartcalcs.ods,2004yearend,35,8,inverse_points_preserve_position
2004,2004-04,4,12,14,Passions,14.0,yearendMASTER-chartcalcs.ods,2004yearend,42,8,inverse_points_preserve_position
2004,2004-04,4,13,13,Clifford's Puppy Days,13.0,yearendMASTER-chartcalcs.ods,2004yearend,20,8,inverse_points_preserve_position
2004,2004-04,4,14,12,Lilo & Stitch: The Series,12.0,yearendMASTER-chartcalcs.ods,2004yearend,34,8,inverse_points_preserve_position
2004,2004-04,4,15,11,The Koala Brothers,11.0,yearendMASTER-chartcalcs.ods,2004yearend,54,8,inverse_points_preserve_position
2004,2004-04,4,16,10,Gargoyles,10.0,yearendMASTER-chartcalcs.ods,2004yearend,28,8,inverse_points_preserve_position
2004,2004-04,4,17,9,Anatole,9.0,yearendMASTER-chartcalcs.ods,2004yearend,9,8,inverse_points_preserve_position
2004,2004-04,4,18,8,Brian Jacques' Redwall,8.0,yearendMASTER-chartcalcs.ods,2004yearend,18,8,inverse_points_preserve_position
2004,2004-04,4,19,7,Stripperella,7.0,yearendMASTER-chartcalcs.ods,2004yearend,51,8,inverse_points_preserve_position
2004,2004-04,4,20,6,Yu-Gi-Oh,6.0,yearendMASTER-chartcalcs.ods,2004yearend,61,8,inverse_points_preserve_position
2004,2004-04,4,21,5,Anne of Green Gables: The Animated Series,5.0,yearendMASTER-chartcalcs.ods,2004yearend,11,8,inverse_points_preserve_position
2004,2004-04,4,22,4,Angelina Ballerina,4.0,yearendMASTER-chartcalcs.ods,2004yearend,10,8,inverse_points_preserve_position
2004,2004-04,4,23,3,"Sagwa, the Chinese Siamese Cat",3.0,yearendMASTER-chartcalcs.ods,2004yearend,47,8,inverse_points_preserve_position
2004,2004-04,4,24,2,Liberty's Kids,2.0,yearendMASTER-chartcalcs.ods,2004yearend,33,8,inverse_points_preserve_position
2004,2004-04,4,25,1,ER,1.0,yearendMASTER-chartcalcs.ods,2004yearend,25,8,inverse_points_preserve_position
2004,2004-05,5,1,25,Jakers!: The Adventures of Piggley Winks,25.0,yearendMASTER-chartcalcs.ods,2004yearend,30,9,inverse_points_preserve_position
2004,2004-05,5,2,24,WWE Raw,24.0,yearendMASTER-chartcalcs.ods,2004yearend,59,9,inverse_points_preserve_position
2004,2004-05,5,3,23,Days of Our Lives,23.0,yearendMASTER-chartcalcs.ods,2004yearend,22,9,inverse_points_preserve_position
2004,2004-05,5,4,22,InuYasha,22.0,yearendMASTER-chartcalcs.ods,2004yearend,29,9,inverse_points_preserve_position
2004,2004-05,5,5,21,Sonic X,21.0,yearendMASTER-chartcalcs.ods,2004yearend,50,9,inverse_points_preserve_position
2004,2004-05,5,6,20,WWE Smackdown!,20.0,yearendMASTER-chartcalcs.ods,2004yearend,60,9,inverse_points_preserve_position
2004,2004-05,5,7,19,The Young and the Restless,19.0,yearendMASTER-chartcalcs.ods,2004yearend,57,9,inverse_points_preserve_position
2004,2004-05,5,8,18,Gargoyles,18.0,yearendMASTER-chartcalcs.ods,2004yearend,28,9,inverse_points_preserve_position
2004,2004-05,5,9,17,Tripping the Rift,17.0,yearendMASTER-chartcalcs.ods,2004yearend,58,9,inverse_points_preserve_position
2004,2004-05,5,10,16,Anatole,16.0,yearendMASTER-chartcalcs.ods,2004yearend,9,9,inverse_points_preserve_position
2004,2004-05,5,11,15,Clifford's Puppy Days,15.0,yearendMASTER-chartcalcs.ods,2004yearend,20,9,inverse_points_preserve_position
2004,2004-05,5,12,14,Law & Order,14.0,yearendMASTER-chartcalcs.ods,2004yearend,32,9,inverse_points_preserve_position
2004,2004-05,5,13,13,Anne of Green Gables: The Animated Series,13.0,yearendMASTER-chartcalcs.ods,2004yearend,11,9,inverse_points_preserve_position
2004,2004-05,5,14,12,The Koala Brothers,12.0,yearendMASTER-chartcalcs.ods,2004yearend,54,9,inverse_points_preserve_position
2004,2004-05,5,15,11,Passions,11.0,yearendMASTER-chartcalcs.ods,2004yearend,42,9,inverse_points_preserve_position
2004,2004-05,5,16,10,Lloyd in Space,10.0,yearendMASTER-chartcalcs.ods,2004yearend,35,9,inverse_points_preserve_position
2004,2004-05,5,17,9,Lilo & Stitch: The Series,9.0,yearendMASTER-chartcalcs.ods,2004yearend,34,9,inverse_points_preserve_position
2004,2004-05,5,18,8,Big O,8.0,yearendMASTER-chartcalcs.ods,2004yearend,14,9,inverse_points_preserve_position
2004,2004-05,5,19,7,Brian Jacques' Redwall,7.0,yearendMASTER-chartcalcs.ods,2004yearend,18,9,inverse_points_preserve_position
2004,2004-05,5,20,6,Yu-Gi-Oh,6.0,yearendMASTER-chartcalcs.ods,2004yearend,61,9,inverse_points_preserve_position
2004,2004-05,5,21,5,Stripperella,5.0,yearendMASTER-chartcalcs.ods,2004yearend,51,9,inverse_points_preserve_position
2004,2004-05,5,22,4,Angelina Ballerina,4.0,yearendMASTER-chartcalcs.ods,2004yearend,10,9,inverse_points_preserve_position
2004,2004-05,5,23,3,"Sagwa, the Chinese Siamese Cat",3.0,yearendMASTER-chartcalcs.ods,2004yearend,47,9,inverse_points_preserve_position
2004,2004-05,5,24,2,Liberty's Kids,2.0,yearendMASTER-chartcalcs.ods,2004yearend,33,9,inverse_points_preserve_position
2004,2004-05,5,25,1,ER,1.0,yearendMASTER-chartcalcs.ods,2004yearend,25,9,inverse_points_preserve_position
2004,2004-06,6,1,25,InuYasha,25.0,yearendMASTER-chartcalcs.ods,2004yearend,29,10,inverse_points_preserve_position
2004,2004-06,6,2,24,Jakers!: The Adventures of Piggley Winks,24.0,yearendMASTER-chartcalcs.ods,2004yearend,30,10,inverse_points_preserve_position
2004,2004-06,6,3,23,WWE Raw,23.0,yearendMASTER-chartcalcs.ods,2004yearend,59,10,inverse_points_preserve_position
2004,2004-06,6,4,22,Days of Our Lives,22.0,yearendMASTER-chartcalcs.ods,2004yearend,22,10,inverse_points_preserve_position
2004,2004-06,6,5,21,Gargoyles,21.0,yearendMASTER-chartcalcs.ods,2004yearend,28,10,inverse_points_preserve_position
2004,2004-06,6,6,20,WWE Smackdown!,20.0,yearendMASTER-chartcalcs.ods,2004yearend,60,10,inverse_points_preserve_position
2004,2004-06,6,7,19,Anatole,19.0,yearendMASTER-chartcalcs.ods,2004yearend,9,10,inverse_points_preserve_position
2004,2004-06,6,8,18,The Young and the Restless,18.0,yearendMASTER-chartcalcs.ods,2004yearend,57,10,inverse_points_preserve_position
2004,2004-06,6,9,17,Anne of Green Gables: The Animated Series,17.0,yearendMASTER-chartcalcs.ods,2004yearend,11,10,inverse_points_preserve_position
2004,2004-06,6,10,16,Sonic X,16.0,yearendMASTER-chartcalcs.ods,2004yearend,50,10,inverse_points_preserve_position
2004,2004-06,6,11,15,Tripping the Rift,15.0,yearendMASTER-chartcalcs.ods,2004yearend,58,10,inverse_points_preserve_position
2004,2004-06,6,12,14,Clifford's Puppy Days,14.0,yearendMASTER-chartcalcs.ods,2004yearend,20,10,inverse_points_preserve_position
2004,2004-06,6,13,13,Passions,13.0,yearendMASTER-chartcalcs.ods,2004yearend,42,10,inverse_points_preserve_position
2004,2004-06,6,14,12,Brian Jacques' Redwall,12.0,yearendMASTER-chartcalcs.ods,2004yearend,18,10,inverse_points_preserve_position
2004,2004-06,6,15,11,Braceface,11.0,yearendMASTER-chartcalcs.ods,2004yearend,16,10,inverse_points_preserve_position
2004,2004-06,6,16,10,Angelina Ballerina,10.0,yearendMASTER-chartcalcs.ods,2004yearend,10,10,inverse_points_preserve_position
2004,2004-06,6,17,9,Pimp My Ride,9.0,yearendMASTER-chartcalcs.ods,2004yearend,44,10,inverse_points_preserve_position
2004,2004-06,6,18,8,Lilo & Stitch: The Series,8.0,yearendMASTER-chartcalcs.ods,2004yearend,34,10,inverse_points_preserve_position
2004,2004-06,6,19,7,Law & Order,7.0,yearendMASTER-chartcalcs.ods,2004yearend,32,10,inverse_points_preserve_position
2004,2004-06,6,20,6,Lloyd in Space,6.0,yearendMASTER-chartcalcs.ods,2004yearend,35,10,inverse_points_preserve_position
2004,2004-06,6,21,5,The Koala Brothers,5.0,yearendMASTER-chartcalcs.ods,2004yearend,54,10,inverse_points_preserve_position
2004,2004-06,6,22,4,Power Rangers Dino Thunder,4.0,yearendMASTER-chartcalcs.ods,2004yearend,45,10,inverse_points_preserve_position
2004,2004-06,6,23,3,Big O,3.0,yearendMASTER-chartcalcs.ods,2004yearend,14,10,inverse_points_preserve_position
2004,2004-06,6,24,2,Yu-Gi-Oh,2.0,yearendMASTER-chartcalcs.ods,2004yearend,61,10,inverse_points_preserve_position
2004,2004-06,6,25,1,"Sagwa, the Chinese Siamese Cat",1.0,yearendMASTER-chartcalcs.ods,2004yearend,47,10,inverse_points_preserve_position
2004,2004-07,7,1,25,Case Closed,25.0,yearendMASTER-chartcalcs.ods,2004yearend,19,11,inverse_points_preserve_position
2004,2004-07,7,2,24,Jakers!: The Adventures of Piggley Winks,24.0,yearendMASTER-chartcalcs.ods,2004yearend,30,11,inverse_points_preserve_position
2004,2004-07,7,3,23,Gargoyles,23.0,yearendMASTER-chartcalcs.ods,2004yearend,28,11,inverse_points_preserve_position
2004,2004-07,7,4,22,Days of Our Lives,22.0,yearendMASTER-chartcalcs.ods,2004yearend,22,11,inverse_points_preserve_position
2004,2004-07,7,5,21,InuYasha,21.0,yearendMASTER-chartcalcs.ods,2004yearend,29,11,inverse_points_preserve_position
2004,2004-07,7,6,20,Anatole,20.0,yearendMASTER-chartcalcs.ods,2004yearend,9,11,inverse_points_preserve_position
2004,2004-07,7,7,19,WWE Raw,19.0,yearendMASTER-chartcalcs.ods,2004yearend,59,11,inverse_points_preserve_position
2004,2004-07,7,8,18,The Young and the Restless,18.0,yearendMASTER-chartcalcs.ods,2004yearend,57,11,inverse_points_preserve_position
2004,2004-07,7,9,17,Brian Jacques' Redwall,17.0,yearendMASTER-chartcalcs.ods,2004yearend,18,11,inverse_points_preserve_position
2004,2004-07,7,10,16,Sonic X,16.0,yearendMASTER-chartcalcs.ods,2004yearend,50,11,inverse_points_preserve_position
2004,2004-07,7,11,15,The Winx Club,15.0,yearendMASTER-chartcalcs.ods,2004yearend,56,11,inverse_points_preserve_position
2004,2004-07,7,12,14,Power Rangers Dino Thunder,14.0,yearendMASTER-chartcalcs.ods,2004yearend,45,11,inverse_points_preserve_position
2004,2004-07,7,13,13,WWE Smackdown!,13.0,yearendMASTER-chartcalcs.ods,2004yearend,60,11,inverse_points_preserve_position
2004,2004-07,7,14,12,Shaman King,12.0,yearendMASTER-chartcalcs.ods,2004yearend,48,11,inverse_points_preserve_position
2004,2004-07,7,15,11,Passions,11.0,yearendMASTER-chartcalcs.ods,2004yearend,42,11,inverse_points_preserve_position
2004,2004-07,7,16,10,Lilo & Stitch: The Series,10.0,yearendMASTER-chartcalcs.ods,2004yearend,34,11,inverse_points_preserve_position
2004,2004-07,7,17,9,Clifford's Puppy Days,9.0,yearendMASTER-chartcalcs.ods,2004yearend,20,11,inverse_points_preserve_position
2004,2004-07,7,18,8,Anne of Green Gables: The Animated Series,8.0,yearendMASTER-chartcalcs.ods,2004yearend,11,11,inverse_points_preserve_position
2004,2004-07,7,19,7,Cyberchase,7.0,yearendMASTER-chartcalcs.ods,2004yearend,21,11,inverse_points_preserve_position
2004,2004-07,7,20,6,Tripping the Rift,6.0,yearendMASTER-chartcalcs.ods,2004yearend,58,11,inverse_points_preserve_position
2004,2004-07,7,21,5,Pimp My Ride,5.0,yearendMASTER-chartcalcs.ods,2004yearend,44,11,inverse_points_preserve_position
2004,2004-07,7,22,4,"Sagwa, the Chinese Siamese Cat",4.0,yearendMASTER-chartcalcs.ods,2004yearend,47,11,inverse_points_preserve_position
2004,2004-07,7,23,3,Angelina Ballerina,3.0,yearendMASTER-chartcalcs.ods,2004yearend,10,11,inverse_points_preserve_position
2004,2004-07,7,24,2,Law & Order,2.0,yearendMASTER-chartcalcs.ods,2004yearend,32,11,inverse_points_preserve_position
2004,2004-07,7,25,1,Braceface,1.0,yearendMASTER-chartcalcs.ods,2004yearend,16,11,inverse_points_preserve_position
2004,2004-08,8,1,25,InuYasha,25.0,yearendMASTER-chartcalcs.ods,2004yearend,29,12,inverse_points_preserve_position
2004,2004-08,8,2,24,Case Closed,24.0,yearendMASTER-chartcalcs.ods,2004yearend,19,12,inverse_points_preserve_position
2004,2004-08,8,3,23,Azumanga Daioh,23.0,yearendMASTER-chartcalcs.ods,2004yearend,12,12,inverse_points_preserve_position
2004,2004-08,8,4,22,Brian Jacques' Redwall,22.0,yearendMASTER-chartcalcs.ods,2004yearend,18,12,inverse_points_preserve_position
2004,2004-08,8,5,21,Anatole,21.0,yearendMASTER-chartcalcs.ods,2004yearend,9,12,inverse_points_preserve_position
2004,2004-08,8,6,20,Jakers!: The Adventures of Piggley Winks,20.0,yearendMASTER-chartcalcs.ods,2004yearend,30,12,inverse_points_preserve_position
2004,2004-08,8,7,19,Beavis & Butthead,19.0,yearendMASTER-chartcalcs.ods,2004yearend,13,12,inverse_points_preserve_position
2004,2004-08,8,8,18,Days of Our Lives,18.0,yearendMASTER-chartcalcs.ods,2004yearend,22,12,inverse_points_preserve_position
2004,2004-08,8,9,17,The Young and the Restless,17.0,yearendMASTER-chartcalcs.ods,2004yearend,57,12,inverse_points_preserve_position
2004,2004-08,8,10,16,Shaman King,16.0,yearendMASTER-chartcalcs.ods,2004yearend,48,12,inverse_points_preserve_position
2004,2004-08,8,11,15,Gargoyles,15.0,yearendMASTER-chartcalcs.ods,2004yearend,28,12,inverse_points_preserve_position
2004,2004-08,8,12,14,The Winx Club,14.0,yearendMASTER-chartcalcs.ods,2004yearend,56,12,inverse_points_preserve_position
2004,2004-08,8,13,13,Sonic X,13.0,yearendMASTER-chartcalcs.ods,2004yearend,50,12,inverse_points_preserve_position
2004,2004-08,8,14,12,WWE Raw,12.0,yearendMASTER-chartcalcs.ods,2004yearend,59,12,inverse_points_preserve_position
2004,2004-08,8,15,11,Lilo & Stitch: The Series,11.0,yearendMASTER-chartcalcs.ods,2004yearend,34,12,inverse_points_preserve_position
2004,2004-08,8,16,10,Method & Red,10.0,yearendMASTER-chartcalcs.ods,2004yearend,37,12,inverse_points_preserve_position
2004,2004-08,8,17,9,Passions,9.0,yearendMASTER-chartcalcs.ods,2004yearend,42,12,inverse_points_preserve_position
2004,2004-08,8,18,8,Angelina Ballerina,8.0,yearendMASTER-chartcalcs.ods,2004yearend,10,12,inverse_points_preserve_position
2004,2004-08,8,19,7,WWE Smackdown!,7.0,yearendMASTER-chartcalcs.ods,2004yearend,60,12,inverse_points_preserve_position
2004,2004-08,8,20,6,Power Rangers Dino Thunder,6.0,yearendMASTER-chartcalcs.ods,2004yearend,45,12,inverse_points_preserve_position
2004,2004-08,8,21,5,Pimp My Ride,5.0,yearendMASTER-chartcalcs.ods,2004yearend,44,12,inverse_points_preserve_position
2004,2004-08,8,22,4,Clifford's Puppy Days,4.0,yearendMASTER-chartcalcs.ods,2004yearend,20,12,inverse_points_preserve_position
2004,2004-08,8,23,3,Anne of Green Gables: The Animated Series,3.0,yearendMASTER-chartcalcs.ods,2004yearend,11,12,inverse_points_preserve_position
2004,2004-08,8,24,2,"Sagwa, the Chinese Siamese Cat",2.0,yearendMASTER-chartcalcs.ods,2004yearend,47,12,inverse_points_preserve_position
2004,2004-08,8,25,1,Cyberchase,1.0,yearendMASTER-chartcalcs.ods,2004yearend,21,12,inverse_points_preserve_position
2004,2004-09,9,1,25,InuYasha,25.0,yearendMASTER-chartcalcs.ods,2004yearend,29,13,inverse_points_preserve_position
2004,2004-09,9,2,24,Azumanga Daioh,24.0,yearendMASTER-chartcalcs.ods,2004yearend,12,13,inverse_points_preserve_position
2004,2004-09,9,3,23,Brian Jacques' Redwall,23.0,yearendMASTER-chartcalcs.ods,2004yearend,18,13,inverse_points_preserve_position
2004,2004-09,9,4,22,Shaman King,22.0,yearendMASTER-chartcalcs.ods,2004yearend,48,13,inverse_points_preserve_position
2004,2004-09,9,5,21,Jakers!: The Adventures of Piggley Winks,21.0,yearendMASTER-chartcalcs.ods,2004yearend,30,13,inverse_points_preserve_position
2004,2004-09,9,6,20,Case Closed,20.0,yearendMASTER-chartcalcs.ods,2004yearend,19,13,inverse_points_preserve_position
2004,2004-09,9,7,19,The Winx Club,19.0,yearendMASTER-chartcalcs.ods,2004yearend,56,13,inverse_points_preserve_position
2004,2004-09,9,8,18,Father of the Pride,18.0,yearendMASTER-chartcalcs.ods,2004yearend,27,13,inverse_points_preserve_position
2004,2004-09,9,9,17,WWE Raw,17.0,yearendMASTER-chartcalcs.ods,2004yearend,59,13,inverse_points_preserve_position
2004,2004-09,9,10,16,Days of Our Lives,16.0,yearendMASTER-chartcalcs.ods,2004yearend,22,13,inverse_points_preserve_position
2004,2004-09,9,11,15,Anatole,15.0,yearendMASTER-chartcalcs.ods,2004yearend,9,13,inverse_points_preserve_position
2004,2004-09,9,12,14,Beavis & Butthead,14.0,yearendMASTER-chartcalcs.ods,2004yearend,13,13,inverse_points_preserve_position
2004,2004-09,9,13,13,Brandy & Mr. Whiskers,13.0,yearendMASTER-chartcalcs.ods,2004yearend,17,13,inverse_points_preserve_position
2004,2004-09,9,14,12,The Young and the Restless,12.0,yearendMASTER-chartcalcs.ods,2004yearend,57,13,inverse_points_preserve_position
2004,2004-09,9,15,11,Gargoyles,11.0,yearendMASTER-chartcalcs.ods,2004yearend,28,13,inverse_points_preserve_position
2004,2004-09,9,16,10,Clifford's Puppy Days,10.0,yearendMASTER-chartcalcs.ods,2004yearend,20,13,inverse_points_preserve_position
2004,2004-09,9,17,9,Yu-Gi-Oh,9.0,yearendMASTER-chartcalcs.ods,2004yearend,61,13,inverse_points_preserve_position
2004,2004-09,9,18,8,Angelina Ballerina,8.0,yearendMASTER-chartcalcs.ods,2004yearend,10,13,inverse_points_preserve_position
2004,2004-09,9,19,7,Sonic X,7.0,yearendMASTER-chartcalcs.ods,2004yearend,50,13,inverse_points_preserve_position
2004,2004-09,9,20,6,Anne of Green Gables: The Animated Series,6.0,yearendMASTER-chartcalcs.ods,2004yearend,11,13,inverse_points_preserve_position
2004,2004-09,9,21,5,Lilo & Stitch: The Series,5.0,yearendMASTER-chartcalcs.ods,2004yearend,34,13,inverse_points_preserve_position
2004,2004-09,9,22,4,Passions,4.0,yearendMASTER-chartcalcs.ods,2004yearend,42,13,inverse_points_preserve_position
2004,2004-09,9,23,3,Pimp My Ride,3.0,yearendMASTER-chartcalcs.ods,2004yearend,44,13,inverse_points_preserve_position
2004,2004-09,9,24,2,WWE Smackdown!,2.0,yearendMASTER-chartcalcs.ods,2004yearend,60,13,inverse_points_preserve_position
2004,2004-09,9,25,1,"Sagwa, the Chinese Siamese Cat",1.0,yearendMASTER-chartcalcs.ods,2004yearend,47,13,inverse_points_preserve_position
2004,2004-10,10,1,25,Father of the Pride,25.0,yearendMASTER-chartcalcs.ods,2004yearend,27,14,inverse_points_preserve_position
2004,2004-10,10,2,24,InuYasha,24.0,yearendMASTER-chartcalcs.ods,2004yearend,29,14,inverse_points_preserve_position
2004,2004-10,10,3,23,Azumanga Daioh,23.0,yearendMASTER-chartcalcs.ods,2004yearend,12,14,inverse_points_preserve_position
2004,2004-10,10,4,22,Shaman King,22.0,yearendMASTER-chartcalcs.ods,2004yearend,48,14,inverse_points_preserve_position
2004,2004-10,10,5,21,My Little Pony Tales,21.0,yearendMASTER-chartcalcs.ods,2004yearend,40,14,inverse_points_preserve_position
2004,2004-10,10,6,20,Brian Jacques' Redwall,20.0,yearendMASTER-chartcalcs.ods,2004yearend,18,14,inverse_points_preserve_position
2004,2004-10,10,7,19,The Winx Club,19.0,yearendMASTER-chartcalcs.ods,2004yearend,56,14,inverse_points_preserve_position
2004,2004-10,10,8,18,Jakers!: The Adventures of Piggley Winks,18.0,yearendMASTER-chartcalcs.ods,2004yearend,30,14,inverse_points_preserve_position
2004,2004-10,10,9,17,Brandy & Mr. Whiskers,17.0,yearendMASTER-chartcalcs.ods,2004yearend,17,14,inverse_points_preserve_position
2004,2004-10,10,10,16,Days of Our Lives,16.0,yearendMASTER-chartcalcs.ods,2004yearend,22,14,inverse_points_preserve_position
2004,2004-10,10,11,15,One Piece,15.0,yearendMASTER-chartcalcs.ods,2004yearend,41,14,inverse_points_preserve_position
2004,2004-10,10,12,14,Case Closed,14.0,yearendMASTER-chartcalcs.ods,2004yearend,19,14,inverse_points_preserve_position
2004,2004-10,10,13,13,WWE Raw,13.0,yearendMASTER-chartcalcs.ods,2004yearend,59,14,inverse_points_preserve_position
2004,2004-10,10,14,12,Sonic X,12.0,yearendMASTER-chartcalcs.ods,2004yearend,50,14,inverse_points_preserve_position
2004,2004-10,10,15,11,The Young and the Restless,11.0,yearendMASTER-chartcalcs.ods,2004yearend,57,14,inverse_points_preserve_position
2004,2004-10,10,16,10,Clifford's Puppy Days,10.0,yearendMASTER-chartcalcs.ods,2004yearend,20,14,inverse_points_preserve_position
2004,2004-10,10,17,9,Yu-Gi-Oh,9.0,yearendMASTER-chartcalcs.ods,2004yearend,61,14,inverse_points_preserve_position
2004,2004-10,10,18,8,Pimp My Ride,8.0,yearendMASTER-chartcalcs.ods,2004yearend,44,14,inverse_points_preserve_position
2004,2004-10,10,19,7,Passions,7.0,yearendMASTER-chartcalcs.ods,2004yearend,42,14,inverse_points_preserve_position
2004,2004-10,10,20,6,Beavis & Butthead,6.0,yearendMASTER-chartcalcs.ods,2004yearend,13,14,inverse_points_preserve_position
2004,2004-10,10,21,5,Gargoyles,5.0,yearendMASTER-chartcalcs.ods,2004yearend,28,14,inverse_points_preserve_position
2004,2004-10,10,22,4,WWE Smackdown!,4.0,yearendMASTER-chartcalcs.ods,2004yearend,60,14,inverse_points_preserve_position
2004,2004-10,10,23,3,Anatole,3.0,yearendMASTER-chartcalcs.ods,2004yearend,9,14,inverse_points_preserve_position
2004,2004-10,10,24,2,Lilo & Stitch: The Series,2.0,yearendMASTER-chartcalcs.ods,2004yearend,34,14,inverse_points_preserve_position
2004,2004-10,10,25,1,"Sagwa, the Chinese Siamese Cat",1.0,yearendMASTER-chartcalcs.ods,2004yearend,47,14,inverse_points_preserve_position
2004,2004-11,11,1,25,My Little Pony Tales,25.0,yearendMASTER-chartcalcs.ods,2004yearend,40,15,inverse_points_preserve_position
2004,2004-11,11,2,24,Azumanga Daioh,24.0,yearendMASTER-chartcalcs.ods,2004yearend,12,15,inverse_points_preserve_position
2004,2004-11,11,3,23,Brian Jacques' Redwall,23.0,yearendMASTER-chartcalcs.ods,2004yearend,18,15,inverse_points_preserve_position
2004,2004-11,11,4,22,Shaman King,22.0,yearendMASTER-chartcalcs.ods,2004yearend,48,15,inverse_points_preserve_position
2004,2004-11,11,5,21,InuYasha,21.0,yearendMASTER-chartcalcs.ods,2004yearend,29,15,inverse_points_preserve_position
2004,2004-11,11,6,20,Father of the Pride,20.0,yearendMASTER-chartcalcs.ods,2004yearend,27,15,inverse_points_preserve_position
2004,2004-11,11,7,19,Sonic X,19.0,yearendMASTER-chartcalcs.ods,2004yearend,50,15,inverse_points_preserve_position
2004,2004-11,11,8,18,Jakers!: The Adventures of Piggley Winks,18.0,yearendMASTER-chartcalcs.ods,2004yearend,30,15,inverse_points_preserve_position
2004,2004-11,11,9,17,The Winx Club,17.0,yearendMASTER-chartcalcs.ods,2004yearend,56,15,inverse_points_preserve_position
2004,2004-11,11,10,16,F-Zero: GP Legend,16.0,yearendMASTER-chartcalcs.ods,2004yearend,26,15,inverse_points_preserve_position
2004,2004-11,11,11,15,Days of Our Lives,15.0,yearendMASTER-chartcalcs.ods,2004yearend,22,15,inverse_points_preserve_position
2004,2004-11,11,12,14,Teenage Mutant Ninja Turtles,14.0,yearendMASTER-chartcalcs.ods,2004yearend,52,15,inverse_points_preserve_position
2004,2004-11,11,13,13,One Piece,13.0,yearendMASTER-chartcalcs.ods,2004yearend,41,15,inverse_points_preserve_position
2004,2004-11,11,14,12,Case Closed,12.0,yearendMASTER-chartcalcs.ods,2004yearend,19,15,inverse_points_preserve_position
2004,2004-11,11,15,11,Brandy & Mr. Whiskers,11.0,yearendMASTER-chartcalcs.ods,2004yearend,17,15,inverse_points_preserve_position
2004,2004-11,11,16,10,WWE Raw,10.0,yearendMASTER-chartcalcs.ods,2004yearend,59,15,inverse_points_preserve_position
2004,2004-11,11,17,9,The Young and the Restless,9.0,yearendMASTER-chartcalcs.ods,2004yearend,57,15,inverse_points_preserve_position
2004,2004-11,11,18,8,Passions,8.0,yearendMASTER-chartcalcs.ods,2004yearend,42,15,inverse_points_preserve_position
2004,2004-11,11,19,7,Pimp My Ride,7.0,yearendMASTER-chartcalcs.ods,2004yearend,44,15,inverse_points_preserve_position
2004,2004-11,11,20,6,Clifford's Puppy Days,6.0,yearendMASTER-chartcalcs.ods,2004yearend,20,15,inverse_points_preserve_position
2004,2004-11,11,21,5,Yu-Gi-Oh,5.0,yearendMASTER-chartcalcs.ods,2004yearend,61,15,inverse_points_preserve_position
2004,2004-11,11,22,4,WWE Smackdown!,4.0,yearendMASTER-chartcalcs.ods,2004yearend,60,15,inverse_points_preserve_position
2004,2004-11,11,23,3,Beavis & Butthead,3.0,yearendMASTER-chartcalcs.ods,2004yearend,13,15,inverse_points_preserve_position
2004,2004-11,11,24,2,Lilo & Stitch: The Series,2.0,yearendMASTER-chartcalcs.ods,2004yearend,34,15,inverse_points_preserve_position
2004,2004-11,11,25,1,"Sagwa, the Chinese Siamese Cat",1.0,yearendMASTER-chartcalcs.ods,2004yearend,47,15,inverse_points_preserve_position
2004,2004-12,12,1,25,Azumanga Daioh,25.0,yearendMASTER-chartcalcs.ods,2004yearend,12,16,inverse_points_preserve_position
2004,2004-12,12,2,24,My Little Pony Tales,24.0,yearendMASTER-chartcalcs.ods,2004yearend,40,16,inverse_points_preserve_position
2004,2004-12,12,3,23,Shaman King,23.0,yearendMASTER-chartcalcs.ods,2004yearend,48,16,inverse_points_preserve_position
2004,2004-12,12,4,22,F-Zero: GP Legend,22.0,yearendMASTER-chartcalcs.ods,2004yearend,26,16,inverse_points_preserve_position
2004,2004-12,12,5,21,Miss Spider's Sunny Patch Friends,21.0,yearendMASTER-chartcalcs.ods,2004yearend,38,16,inverse_points_preserve_position
2004,2004-12,12,6,20,Teenage Mutant Ninja Turtles,20.0,yearendMASTER-chartcalcs.ods,2004yearend,52,16,inverse_points_preserve_position
2004,2004-12,12,7,19,Sonic X,19.0,yearendMASTER-chartcalcs.ods,2004yearend,50,16,inverse_points_preserve_position
2004,2004-12,12,8,18,Maya & Miguel,18.0,yearendMASTER-chartcalcs.ods,2004yearend,36,16,inverse_points_preserve_position
2004,2004-12,12,9,17,Days of Our Lives,17.0,yearendMASTER-chartcalcs.ods,2004yearend,22,16,inverse_points_preserve_position
2004,2004-12,12,10,16,InuYasha,16.0,yearendMASTER-chartcalcs.ods,2004yearend,29,16,inverse_points_preserve_position
2004,2004-12,12,11,15,Brian Jacques' Redwall,15.0,yearendMASTER-chartcalcs.ods,2004yearend,18,16,inverse_points_preserve_position
2004,2004-12,12,12,14,Jakers!: The Adventures of Piggley Winks,14.0,yearendMASTER-chartcalcs.ods,2004yearend,30,16,inverse_points_preserve_position
2004,2004-12,12,13,13,One Piece,13.0,yearendMASTER-chartcalcs.ods,2004yearend,41,16,inverse_points_preserve_position
2004,2004-12,12,14,12,The Young and the Restless,12.0,yearendMASTER-chartcalcs.ods,2004yearend,57,16,inverse_points_preserve_position
2004,2004-12,12,15,11,Case Closed,11.0,yearendMASTER-chartcalcs.ods,2004yearend,19,16,inverse_points_preserve_position
2004,2004-12,12,16,10,WWE Raw,10.0,yearendMASTER-chartcalcs.ods,2004yearend,59,16,inverse_points_preserve_position
2004,2004-12,12,17,9,Father of the Pride,9.0,yearendMASTER-chartcalcs.ods,2004yearend,27,16,inverse_points_preserve_position
2004,2004-12,12,18,8,Passions,8.0,yearendMASTER-chartcalcs.ods,2004yearend,42,16,inverse_points_preserve_position
2004,2004-12,12,19,7,Pimp My Ride,7.0,yearendMASTER-chartcalcs.ods,2004yearend,44,16,inverse_points_preserve_position
2004,2004-12,12,20,6,The Winx Club,6.0,yearendMASTER-chartcalcs.ods,2004yearend,56,16,inverse_points_preserve_position
2004,2004-12,12,21,5,Yu-Gi-Oh,5.0,yearendMASTER-chartcalcs.ods,2004yearend,61,16,inverse_points_preserve_position
2004,2004-12,12,22,4,WWE Smackdown!,4.0,yearendMASTER-chartcalcs.ods,2004yearend,60,16,inverse_points_preserve_position
2004,2004-12,12,23,3,The Surreal Life,3.0,yearendMASTER-chartcalcs.ods,2004yearend,55,16,inverse_points_preserve_position
2004,2004-12,12,24,2,Clifford's Puppy Days,2.0,yearendMASTER-chartcalcs.ods,2004yearend,20,16,inverse_points_preserve_position
2004,2004-12,12,25,1,Brandy & Mr. Whiskers,1.0,yearendMASTER-chartcalcs.ods,2004yearend,17,16,inverse_points_preserve_position
2005,2005-01,1,1,25,Azumanga Daioh,25.0,yearendMASTER-chartcalcs.ods,2005yearend,10,5,inverse_points_preserve_position
2005,2005-01,1,2,24,F-Zero: GP Legend,24.0,yearendMASTER-chartcalcs.ods,2005yearend,19,5,inverse_points_preserve_position
2005,2005-01,1,3,23,Maya & Miguel,23.0,yearendMASTER-chartcalcs.ods,2005yearend,34,5,inverse_points_preserve_position
2005,2005-01,1,4,22,Teenage Mutant Ninja Turtles,22.0,yearendMASTER-chartcalcs.ods,2005yearend,51,5,inverse_points_preserve_position
2005,2005-01,1,5,21,My Little Pony Tales,21.0,yearendMASTER-chartcalcs.ods,2005yearend,37,5,inverse_points_preserve_position
2005,2005-01,1,6,20,Shaman King,20.0,yearendMASTER-chartcalcs.ods,2005yearend,48,5,inverse_points_preserve_position
2005,2005-01,1,7,19,InuYasha,19.0,yearendMASTER-chartcalcs.ods,2005yearend,27,5,inverse_points_preserve_position
2005,2005-01,1,8,18,One Piece,18.0,yearendMASTER-chartcalcs.ods,2005yearend,41,5,inverse_points_preserve_position
2005,2005-01,1,9,17,Days of Our Lives,17.0,yearendMASTER-chartcalcs.ods,2005yearend,14,5,inverse_points_preserve_position
2005,2005-01,1,10,16,Miss Spider's Sunny Patch Friends,16.0,yearendMASTER-chartcalcs.ods,2005yearend,36,5,inverse_points_preserve_position
2005,2005-01,1,11,15,Pimp My Ride,15.0,yearendMASTER-chartcalcs.ods,2005yearend,44,5,inverse_points_preserve_position
2005,2005-01,1,12,14,Jakers!: The Adventures of Piggley Winks,14.0,yearendMASTER-chartcalcs.ods,2005yearend,28,5,inverse_points_preserve_position
2005,2005-01,1,13,13,Sonic X,13.0,yearendMASTER-chartcalcs.ods,2005yearend,49,5,inverse_points_preserve_position
2005,2005-01,1,14,12,WWE Raw,12.0,yearendMASTER-chartcalcs.ods,2005yearend,58,5,inverse_points_preserve_position
2005,2005-01,1,15,11,WWE Smackdown!,11.0,yearendMASTER-chartcalcs.ods,2005yearend,59,5,inverse_points_preserve_position
2005,2005-01,1,16,10,Mew Mew Power,10.0,yearendMASTER-chartcalcs.ods,2005yearend,35,5,inverse_points_preserve_position
2005,2005-01,1,17,9,Brian Jacques' Redwall,9.0,yearendMASTER-chartcalcs.ods,2005yearend,12,5,inverse_points_preserve_position
2005,2005-01,1,18,8,Passions,8.0,yearendMASTER-chartcalcs.ods,2005yearend,43,5,inverse_points_preserve_position
2005,2005-01,1,19,7,The Young and the Restless,7.0,yearendMASTER-chartcalcs.ods,2005yearend,53,5,inverse_points_preserve_position
2005,2005-01,1,20,6,House M.D.,6.0,yearendMASTER-chartcalcs.ods,2005yearend,25,5,inverse_points_preserve_position
2005,2005-01,1,21,5,NCIS,5.0,yearendMASTER-chartcalcs.ods,2005yearend,39,5,inverse_points_preserve_position
2005,2005-01,1,22,4,Yu-Gi-Oh!,4.0,yearendMASTER-chartcalcs.ods,2005yearend,61,5,inverse_points_preserve_position
2005,2005-01,1,23,3,Father of the Pride,3.0,yearendMASTER-chartcalcs.ods,2005yearend,20,5,inverse_points_preserve_position
2005,2005-01,1,24,2,Case Closed,2.0,yearendMASTER-chartcalcs.ods,2005yearend,13,5,inverse_points_preserve_position
2005,2005-01,1,25,1,Brandy & Mr. Whiskers,1.0,yearendMASTER-chartcalcs.ods,2005yearend,11,5,inverse_points_preserve_position
2005,2005-02,2,1,25,InuYasha,25.0,yearendMASTER-chartcalcs.ods,2005yearend,27,6,inverse_points_preserve_position
2005,2005-02,2,2,24,Azumanga Daioh,24.0,yearendMASTER-chartcalcs.ods,2005yearend,10,6,inverse_points_preserve_position
2005,2005-02,2,3,23,Ghost In the Shell: Stand Alone Complex,23.0,yearendMASTER-chartcalcs.ods,2005yearend,23,6,inverse_points_preserve_position
2005,2005-02,2,4,22,One Piece,22.0,yearendMASTER-chartcalcs.ods,2005yearend,41,6,inverse_points_preserve_position
2005,2005-02,2,5,21,Law & Order,21.0,yearendMASTER-chartcalcs.ods,2005yearend,30,6,inverse_points_preserve_position
2005,2005-02,2,6,20,Pimp My Ride,20.0,yearendMASTER-chartcalcs.ods,2005yearend,44,6,inverse_points_preserve_position
2005,2005-02,2,7,19,WWE Raw,19.0,yearendMASTER-chartcalcs.ods,2005yearend,58,6,inverse_points_preserve_position
2005,2005-02,2,8,18,Days of Our Lives,18.0,yearendMASTER-chartcalcs.ods,2005yearend,14,6,inverse_points_preserve_position
2005,2005-02,2,9,17,Maya & Miguel,17.0,yearendMASTER-chartcalcs.ods,2005yearend,34,6,inverse_points_preserve_position
2005,2005-02,2,10,16,My Little Pony Tales,16.0,yearendMASTER-chartcalcs.ods,2005yearend,37,6,inverse_points_preserve_position
2005,2005-02,2,11,15,Teenage Mutant Ninja Turtles,15.0,yearendMASTER-chartcalcs.ods,2005yearend,51,6,inverse_points_preserve_position
2005,2005-02,2,12,14,Hi Hi Puffy Ami Yumi,14.0,yearendMASTER-chartcalcs.ods,2005yearend,24,6,inverse_points_preserve_position
2005,2005-02,2,13,13,F-Zero: GP Legend,13.0,yearendMASTER-chartcalcs.ods,2005yearend,19,6,inverse_points_preserve_position
2005,2005-02,2,14,12,Shaman King,12.0,yearendMASTER-chartcalcs.ods,2005yearend,48,6,inverse_points_preserve_position
2005,2005-02,2,15,11,.hack//Legend of the Twilight Bracelet,11.0,yearendMASTER-chartcalcs.ods,2005yearend,9,6,inverse_points_preserve_position
2005,2005-02,2,16,10,Passions,10.0,yearendMASTER-chartcalcs.ods,2005yearend,43,6,inverse_points_preserve_position
2005,2005-02,2,17,9,Jakers!: The Adventures of Piggley Winks,9.0,yearendMASTER-chartcalcs.ods,2005yearend,28,6,inverse_points_preserve_position
2005,2005-02,2,18,8,WWE Smackdown!,8.0,yearendMASTER-chartcalcs.ods,2005yearend,59,6,inverse_points_preserve_position
2005,2005-02,2,19,7,Mew Mew Power,7.0,yearendMASTER-chartcalcs.ods,2005yearend,35,6,inverse_points_preserve_position
2005,2005-02,2,20,6,Sonic X,6.0,yearendMASTER-chartcalcs.ods,2005yearend,49,6,inverse_points_preserve_position
2005,2005-02,2,21,5,Full Metal Alchemist,5.0,yearendMASTER-chartcalcs.ods,2005yearend,22,6,inverse_points_preserve_position
2005,2005-02,2,22,4,Brian Jacques' Redwall,4.0,yearendMASTER-chartcalcs.ods,2005yearend,12,6,inverse_points_preserve_position
2005,2005-02,2,23,3,Miss Spider's Sunny Patch Friends,3.0,yearendMASTER-chartcalcs.ods,2005yearend,36,6,inverse_points_preserve_position
2005,2005-02,2,24,2,Yu-Gi-Oh!,2.0,yearendMASTER-chartcalcs.ods,2005yearend,61,6,inverse_points_preserve_position
2005,2005-02,2,25,1,The Young and the Restless,1.0,yearendMASTER-chartcalcs.ods,2005yearend,53,6,inverse_points_preserve_position
2005,2005-03,3,1,25,InuYasha,25.0,yearendMASTER-chartcalcs.ods,2005yearend,27,7,inverse_points_preserve_position
2005,2005-03,3,2,24,Law & Order,24.0,yearendMASTER-chartcalcs.ods,2005yearend,30,7,inverse_points_preserve_position
2005,2005-03,3,3,23,Full Metal Alchemist,23.0,yearendMASTER-chartcalcs.ods,2005yearend,22,7,inverse_points_preserve_position
2005,2005-03,3,4,22,Azumanga Daioh,22.0,yearendMASTER-chartcalcs.ods,2005yearend,10,7,inverse_points_preserve_position
2005,2005-03,3,5,21,WWE Raw,21.0,yearendMASTER-chartcalcs.ods,2005yearend,58,7,inverse_points_preserve_position
2005,2005-03,3,6,20,.hack//Legend of the Twilight Bracelet,20.0,yearendMASTER-chartcalcs.ods,2005yearend,9,7,inverse_points_preserve_position
2005,2005-03,3,7,19,One Piece,19.0,yearendMASTER-chartcalcs.ods,2005yearend,41,7,inverse_points_preserve_position
2005,2005-03,3,8,18,Days of Our Lives,18.0,yearendMASTER-chartcalcs.ods,2005yearend,14,7,inverse_points_preserve_position
2005,2005-03,3,9,17,Hi Hi Puffy Ami Yumi,17.0,yearendMASTER-chartcalcs.ods,2005yearend,24,7,inverse_points_preserve_position
2005,2005-03,3,10,16,Ghost In the Shell: Stand Alone Complex,16.0,yearendMASTER-chartcalcs.ods,2005yearend,23,7,inverse_points_preserve_position
2005,2005-03,3,11,15,Shaman King,15.0,yearendMASTER-chartcalcs.ods,2005yearend,48,7,inverse_points_preserve_position
2005,2005-03,3,12,14,WWE Smackdown!,14.0,yearendMASTER-chartcalcs.ods,2005yearend,59,7,inverse_points_preserve_position
2005,2005-03,3,13,13,Postcards from Buster,13.0,yearendMASTER-chartcalcs.ods,2005yearend,45,7,inverse_points_preserve_position
2005,2005-03,3,14,12,My Little Pony Tales,12.0,yearendMASTER-chartcalcs.ods,2005yearend,37,7,inverse_points_preserve_position
2005,2005-03,3,15,11,Maya & Miguel,11.0,yearendMASTER-chartcalcs.ods,2005yearend,34,7,inverse_points_preserve_position
2005,2005-03,3,16,10,Teenage Mutant Ninja Turtles,10.0,yearendMASTER-chartcalcs.ods,2005yearend,51,7,inverse_points_preserve_position
2005,2005-03,3,17,9,Mew Mew Power,9.0,yearendMASTER-chartcalcs.ods,2005yearend,35,7,inverse_points_preserve_position
2005,2005-03,3,18,8,Drawn Together,8.0,yearendMASTER-chartcalcs.ods,2005yearend,18,7,inverse_points_preserve_position
2005,2005-03,3,19,7,Jakers!: The Adventures of Piggley Winks,7.0,yearendMASTER-chartcalcs.ods,2005yearend,28,7,inverse_points_preserve_position
2005,2005-03,3,20,6,Sonic X,6.0,yearendMASTER-chartcalcs.ods,2005yearend,49,7,inverse_points_preserve_position
2005,2005-03,3,21,5,Pimp My Ride,5.0,yearendMASTER-chartcalcs.ods,2005yearend,44,7,inverse_points_preserve_position
2005,2005-03,3,22,4,F-Zero: GP Legend,4.0,yearendMASTER-chartcalcs.ods,2005yearend,19,7,inverse_points_preserve_position
2005,2005-03,3,23,3,Passions,3.0,yearendMASTER-chartcalcs.ods,2005yearend,43,7,inverse_points_preserve_position
2005,2005-03,3,24,2,Yu-Gi-Oh!,2.0,yearendMASTER-chartcalcs.ods,2005yearend,61,7,inverse_points_preserve_position
2005,2005-03,3,25,1,Brian Jacques' Redwall,1.0,yearendMASTER-chartcalcs.ods,2005yearend,12,7,inverse_points_preserve_position
2005,2005-04,4,1,25,Mew Mew Power,25.0,yearendMASTER-chartcalcs.ods,2005yearend,35,8,inverse_points_preserve_position
2005,2005-04,4,2,24,InuYasha,24.0,yearendMASTER-chartcalcs.ods,2005yearend,27,8,inverse_points_preserve_position
2005,2005-04,4,3,23,Full Metal Alchemist,23.0,yearendMASTER-chartcalcs.ods,2005yearend,22,8,inverse_points_preserve_position
2005,2005-04,4,4,22,.hack//Legend of the Twilight Bracelet,22.0,yearendMASTER-chartcalcs.ods,2005yearend,9,8,inverse_points_preserve_position
2005,2005-04,4,5,21,Azumanga Daioh,21.0,yearendMASTER-chartcalcs.ods,2005yearend,10,8,inverse_points_preserve_position
2005,2005-04,4,6,20,WWE Raw,20.0,yearendMASTER-chartcalcs.ods,2005yearend,58,8,inverse_points_preserve_position
2005,2005-04,4,7,19,Drawn Together,19.0,yearendMASTER-chartcalcs.ods,2005yearend,18,8,inverse_points_preserve_position
2005,2005-04,4,8,18,Law & Order,18.0,yearendMASTER-chartcalcs.ods,2005yearend,30,8,inverse_points_preserve_position
2005,2005-04,4,9,17,Days of Our Lives,17.0,yearendMASTER-chartcalcs.ods,2005yearend,14,8,inverse_points_preserve_position
2005,2005-04,4,10,16,WWE Smackdown!,16.0,yearendMASTER-chartcalcs.ods,2005yearend,59,8,inverse_points_preserve_position
2005,2005-04,4,11,15,Postcards from Buster,15.0,yearendMASTER-chartcalcs.ods,2005yearend,45,8,inverse_points_preserve_position
2005,2005-04,4,12,14,Shaman King,14.0,yearendMASTER-chartcalcs.ods,2005yearend,48,8,inverse_points_preserve_position
2005,2005-04,4,13,13,Ghost In the Shell: Stand Alone Complex,13.0,yearendMASTER-chartcalcs.ods,2005yearend,23,8,inverse_points_preserve_position
2005,2005-04,4,14,12,Hi Hi Puffy Ami Yumi,12.0,yearendMASTER-chartcalcs.ods,2005yearend,24,8,inverse_points_preserve_position
2005,2005-04,4,15,11,One Piece,11.0,yearendMASTER-chartcalcs.ods,2005yearend,41,8,inverse_points_preserve_position
2005,2005-04,4,16,10,Pimp My Ride,10.0,yearendMASTER-chartcalcs.ods,2005yearend,44,8,inverse_points_preserve_position
2005,2005-04,4,17,9,Passions,9.0,yearendMASTER-chartcalcs.ods,2005yearend,43,8,inverse_points_preserve_position
2005,2005-04,4,18,8,My Little Pony Tales,8.0,yearendMASTER-chartcalcs.ods,2005yearend,37,8,inverse_points_preserve_position
2005,2005-04,4,19,7,Jakers!: The Adventures of Piggley Winks,7.0,yearendMASTER-chartcalcs.ods,2005yearend,28,8,inverse_points_preserve_position
2005,2005-04,4,20,6,Maya & Miguel,6.0,yearendMASTER-chartcalcs.ods,2005yearend,34,8,inverse_points_preserve_position
2005,2005-04,4,21,5,Teenage Mutant Ninja Turtles,5.0,yearendMASTER-chartcalcs.ods,2005yearend,51,8,inverse_points_preserve_position
2005,2005-04,4,22,4,Trigun,4.0,yearendMASTER-chartcalcs.ods,2005yearend,54,8,inverse_points_preserve_position
2005,2005-04,4,23,3,Sonic X,3.0,yearendMASTER-chartcalcs.ods,2005yearend,49,8,inverse_points_preserve_position
2005,2005-04,4,24,2,Yu-Gi-Oh!,2.0,yearendMASTER-chartcalcs.ods,2005yearend,61,8,inverse_points_preserve_position
2005,2005-04,4,25,1,Brian Jacques' Redwall,1.0,yearendMASTER-chartcalcs.ods,2005yearend,12,8,inverse_points_preserve_position
2005,2005-05,5,1,25,Mew Mew Power,25.0,yearendMASTER-chartcalcs.ods,2005yearend,35,9,inverse_points_preserve_position
2005,2005-05,5,2,24,InuYasha,24.0,yearendMASTER-chartcalcs.ods,2005yearend,27,9,inverse_points_preserve_position
2005,2005-05,5,3,23,.hack//Legend of the Twilight Bracelet,23.0,yearendMASTER-chartcalcs.ods,2005yearend,9,9,inverse_points_preserve_position
2005,2005-05,5,4,22,Azumanga Daioh,22.0,yearendMASTER-chartcalcs.ods,2005yearend,10,9,inverse_points_preserve_position
2005,2005-05,5,5,21,Full Metal Alchemist,21.0,yearendMASTER-chartcalcs.ods,2005yearend,22,9,inverse_points_preserve_position
2005,2005-05,5,6,20,WWE Raw,20.0,yearendMASTER-chartcalcs.ods,2005yearend,58,9,inverse_points_preserve_position
2005,2005-05,5,7,19,WWE Smackdown!,19.0,yearendMASTER-chartcalcs.ods,2005yearend,59,9,inverse_points_preserve_position
2005,2005-05,5,8,18,Pimp My Ride,18.0,yearendMASTER-chartcalcs.ods,2005yearend,44,9,inverse_points_preserve_position
2005,2005-05,5,9,17,Passions,17.0,yearendMASTER-chartcalcs.ods,2005yearend,43,9,inverse_points_preserve_position
2005,2005-05,5,10,16,Law & Order,16.0,yearendMASTER-chartcalcs.ods,2005yearend,30,9,inverse_points_preserve_position
2005,2005-05,5,11,15,Days of Our Lives,15.0,yearendMASTER-chartcalcs.ods,2005yearend,14,9,inverse_points_preserve_position
2005,2005-05,5,12,14,Jakers!: The Adventures of Piggley Winks,14.0,yearendMASTER-chartcalcs.ods,2005yearend,28,9,inverse_points_preserve_position
2005,2005-05,5,13,13,Trigun,13.0,yearendMASTER-chartcalcs.ods,2005yearend,54,9,inverse_points_preserve_position
2005,2005-05,5,14,12,Postcards from Buster,12.0,yearendMASTER-chartcalcs.ods,2005yearend,45,9,inverse_points_preserve_position
2005,2005-05,5,15,11,Shaman King,11.0,yearendMASTER-chartcalcs.ods,2005yearend,48,9,inverse_points_preserve_position
2005,2005-05,5,16,10,Hi Hi Puffy Ami Yumi,10.0,yearendMASTER-chartcalcs.ods,2005yearend,24,9,inverse_points_preserve_position
2005,2005-05,5,17,9,Ghost In the Shell: Stand Alone Complex,9.0,yearendMASTER-chartcalcs.ods,2005yearend,23,9,inverse_points_preserve_position
2005,2005-05,5,18,8,One Piece,8.0,yearendMASTER-chartcalcs.ods,2005yearend,41,9,inverse_points_preserve_position
2005,2005-05,5,19,7,Drawn Together,7.0,yearendMASTER-chartcalcs.ods,2005yearend,18,9,inverse_points_preserve_position
2005,2005-05,5,20,6,Unsolved Mysteries,6.0,yearendMASTER-chartcalcs.ods,2005yearend,56,9,inverse_points_preserve_position
2005,2005-05,5,21,5,My Little Pony Tales,5.0,yearendMASTER-chartcalcs.ods,2005yearend,37,9,inverse_points_preserve_position
2005,2005-05,5,22,4,Maya & Miguel,4.0,yearendMASTER-chartcalcs.ods,2005yearend,34,9,inverse_points_preserve_position
2005,2005-05,5,23,3,Sonic X,3.0,yearendMASTER-chartcalcs.ods,2005yearend,49,9,inverse_points_preserve_position
2005,2005-05,5,24,2,Yu-Gi-Oh!,2.0,yearendMASTER-chartcalcs.ods,2005yearend,61,9,inverse_points_preserve_position
2005,2005-05,5,25,1,Brian Jacques' Redwall,1.0,yearendMASTER-chartcalcs.ods,2005yearend,12,9,inverse_points_preserve_position
2005,2005-06,6,1,25,Full Metal Alchemist,25.0,yearendMASTER-chartcalcs.ods,2005yearend,22,10,inverse_points_preserve_position
2005,2005-06,6,2,24,Mew Mew Power,24.0,yearendMASTER-chartcalcs.ods,2005yearend,35,10,inverse_points_preserve_position
2005,2005-06,6,3,23,InuYasha,23.0,yearendMASTER-chartcalcs.ods,2005yearend,27,10,inverse_points_preserve_position
2005,2005-06,6,4,22,.hack//Legend of the Twilight Bracelet,22.0,yearendMASTER-chartcalcs.ods,2005yearend,9,10,inverse_points_preserve_position
2005,2005-06,6,5,21,WWE Smackdown!,21.0,yearendMASTER-chartcalcs.ods,2005yearend,59,10,inverse_points_preserve_position
2005,2005-06,6,6,20,Case Closed,20.0,yearendMASTER-chartcalcs.ods,2005yearend,13,10,inverse_points_preserve_position
2005,2005-06,6,7,19,Jakers!: The Adventures of Piggley Winks,19.0,yearendMASTER-chartcalcs.ods,2005yearend,28,10,inverse_points_preserve_position
2005,2005-06,6,8,18,WWE Raw,18.0,yearendMASTER-chartcalcs.ods,2005yearend,58,10,inverse_points_preserve_position
2005,2005-06,6,9,17,Azumanga Daioh,17.0,yearendMASTER-chartcalcs.ods,2005yearend,10,10,inverse_points_preserve_position
2005,2005-06,6,10,16,House M.D.,16.0,yearendMASTER-chartcalcs.ods,2005yearend,25,10,inverse_points_preserve_position
2005,2005-06,6,11,15,Passions,15.0,yearendMASTER-chartcalcs.ods,2005yearend,43,10,inverse_points_preserve_position
2005,2005-06,6,12,14,Law & Order,14.0,yearendMASTER-chartcalcs.ods,2005yearend,30,10,inverse_points_preserve_position
2005,2005-06,6,13,13,Pimp My Ride,13.0,yearendMASTER-chartcalcs.ods,2005yearend,44,10,inverse_points_preserve_position
2005,2005-06,6,14,12,Days of Our Lives,12.0,yearendMASTER-chartcalcs.ods,2005yearend,14,10,inverse_points_preserve_position
2005,2005-06,6,15,11,Samurai Champloo,11.0,yearendMASTER-chartcalcs.ods,2005yearend,47,10,inverse_points_preserve_position
2005,2005-06,6,16,10,Trigun,10.0,yearendMASTER-chartcalcs.ods,2005yearend,54,10,inverse_points_preserve_position
2005,2005-06,6,17,9,Ghost In the Shell: Stand Alone Complex,9.0,yearendMASTER-chartcalcs.ods,2005yearend,23,10,inverse_points_preserve_position
2005,2005-06,6,18,8,NCIS,8.0,yearendMASTER-chartcalcs.ods,2005yearend,39,10,inverse_points_preserve_position
2005,2005-06,6,19,7,My Little Pony Tales,7.0,yearendMASTER-chartcalcs.ods,2005yearend,37,10,inverse_points_preserve_position
2005,2005-06,6,20,6,Postcards from Buster,6.0,yearendMASTER-chartcalcs.ods,2005yearend,45,10,inverse_points_preserve_position
2005,2005-06,6,21,5,Krypto: The Super Dog,5.0,yearendMASTER-chartcalcs.ods,2005yearend,29,10,inverse_points_preserve_position
2005,2005-06,6,22,4,Dragonball GT,4.0,yearendMASTER-chartcalcs.ods,2005yearend,16,10,inverse_points_preserve_position
2005,2005-06,6,23,3,One Piece,3.0,yearendMASTER-chartcalcs.ods,2005yearend,41,10,inverse_points_preserve_position
2005,2005-06,6,24,2,Sonic X,2.0,yearendMASTER-chartcalcs.ods,2005yearend,49,10,inverse_points_preserve_position
2005,2005-06,6,25,1,Brian Jacques' Redwall,1.0,yearendMASTER-chartcalcs.ods,2005yearend,12,10,inverse_points_preserve_position
2005,2005-07,7,1,25,InuYasha,25.0,yearendMASTER-chartcalcs.ods,2005yearend,27,11,inverse_points_preserve_position
2005,2005-07,7,2,24,Full Metal Alchemist,24.0,yearendMASTER-chartcalcs.ods,2005yearend,22,11,inverse_points_preserve_position
2005,2005-07,7,3,23,Mew Mew Power,23.0,yearendMASTER-chartcalcs.ods,2005yearend,35,11,inverse_points_preserve_position
2005,2005-07,7,4,22,WWE Smackdown!,22.0,yearendMASTER-chartcalcs.ods,2005yearend,59,11,inverse_points_preserve_position
2005,2005-07,7,5,21,Fooly Cooly (FLCL),21.0,yearendMASTER-chartcalcs.ods,2005yearend,21,11,inverse_points_preserve_position
2005,2005-07,7,6,20,Case Closed,20.0,yearendMASTER-chartcalcs.ods,2005yearend,13,11,inverse_points_preserve_position
2005,2005-07,7,7,19,WWE Raw,19.0,yearendMASTER-chartcalcs.ods,2005yearend,58,11,inverse_points_preserve_position
2005,2005-07,7,8,18,S-CRY-ed,18.0,yearendMASTER-chartcalcs.ods,2005yearend,46,11,inverse_points_preserve_position
2005,2005-07,7,9,17,.hack//Legend of the Twilight Bracelet,17.0,yearendMASTER-chartcalcs.ods,2005yearend,9,11,inverse_points_preserve_position
2005,2005-07,7,10,16,Azumanga Daioh,16.0,yearendMASTER-chartcalcs.ods,2005yearend,10,11,inverse_points_preserve_position
2005,2005-07,7,11,15,Pimp My Ride,15.0,yearendMASTER-chartcalcs.ods,2005yearend,44,11,inverse_points_preserve_position
2005,2005-07,7,12,14,Samurai Champloo,14.0,yearendMASTER-chartcalcs.ods,2005yearend,47,11,inverse_points_preserve_position
2005,2005-07,7,13,13,My Little Pony Tales,13.0,yearendMASTER-chartcalcs.ods,2005yearend,37,11,inverse_points_preserve_position
2005,2005-07,7,14,12,NCIS,12.0,yearendMASTER-chartcalcs.ods,2005yearend,39,11,inverse_points_preserve_position
2005,2005-07,7,15,11,Paranoia Agent,11.0,yearendMASTER-chartcalcs.ods,2005yearend,42,11,inverse_points_preserve_position
2005,2005-07,7,16,10,Passions,10.0,yearendMASTER-chartcalcs.ods,2005yearend,43,11,inverse_points_preserve_position
2005,2005-07,7,17,9,Days of Our Lives,9.0,yearendMASTER-chartcalcs.ods,2005yearend,14,11,inverse_points_preserve_position
2005,2005-07,7,18,8,One Piece,8.0,yearendMASTER-chartcalcs.ods,2005yearend,41,11,inverse_points_preserve_position
2005,2005-07,7,19,7,Law & Order,7.0,yearendMASTER-chartcalcs.ods,2005yearend,30,11,inverse_points_preserve_position
2005,2005-07,7,20,6,Postcards from Buster,6.0,yearendMASTER-chartcalcs.ods,2005yearend,45,11,inverse_points_preserve_position
2005,2005-07,7,21,5,Jakers!: The Adventures of Piggley Winks,5.0,yearendMASTER-chartcalcs.ods,2005yearend,28,11,inverse_points_preserve_position
2005,2005-07,7,22,4,House M.D.,4.0,yearendMASTER-chartcalcs.ods,2005yearend,25,11,inverse_points_preserve_position
2005,2005-07,7,23,3,Trigun,3.0,yearendMASTER-chartcalcs.ods,2005yearend,54,11,inverse_points_preserve_position
2005,2005-07,7,24,2,Ghost In the Shell: Stand Alone Complex,2.0,yearendMASTER-chartcalcs.ods,2005yearend,23,11,inverse_points_preserve_position
2005,2005-07,7,25,1,Krypto: The Super Dog,1.0,yearendMASTER-chartcalcs.ods,2005yearend,29,11,inverse_points_preserve_position
2005,2005-08,8,1,25,InuYasha,25.0,yearendMASTER-chartcalcs.ods,2005yearend,27,12,inverse_points_preserve_position
2005,2005-08,8,2,24,Postcards from Buster,24.0,yearendMASTER-chartcalcs.ods,2005yearend,45,12,inverse_points_preserve_position
2005,2005-08,8,3,23,WWE Smackdown!,23.0,yearendMASTER-chartcalcs.ods,2005yearend,59,12,inverse_points_preserve_position
2005,2005-08,8,4,22,S-CRY-ed,22.0,yearendMASTER-chartcalcs.ods,2005yearend,46,12,inverse_points_preserve_position
2005,2005-08,8,5,21,Fooly Cooly (FLCL),21.0,yearendMASTER-chartcalcs.ods,2005yearend,21,12,inverse_points_preserve_position
2005,2005-08,8,6,20,.hack//Legend of the Twilight Bracelet,20.0,yearendMASTER-chartcalcs.ods,2005yearend,9,12,inverse_points_preserve_position
2005,2005-08,8,7,19,Samurai Champloo,19.0,yearendMASTER-chartcalcs.ods,2005yearend,47,12,inverse_points_preserve_position
2005,2005-08,8,8,18,Pimp My Ride,18.0,yearendMASTER-chartcalcs.ods,2005yearend,44,12,inverse_points_preserve_position
2005,2005-08,8,9,17,Full Metal Alchemist,17.0,yearendMASTER-chartcalcs.ods,2005yearend,22,12,inverse_points_preserve_position
2005,2005-08,8,10,16,Mew Mew Power,16.0,yearendMASTER-chartcalcs.ods,2005yearend,35,12,inverse_points_preserve_position
2005,2005-08,8,11,15,Azumanga Daioh,15.0,yearendMASTER-chartcalcs.ods,2005yearend,10,12,inverse_points_preserve_position
2005,2005-08,8,12,14,Shaman King,14.0,yearendMASTER-chartcalcs.ods,2005yearend,48,12,inverse_points_preserve_position
2005,2005-08,8,13,13,Case Closed,13.0,yearendMASTER-chartcalcs.ods,2005yearend,13,12,inverse_points_preserve_position
2005,2005-08,8,14,12,Mad Money,12.0,yearendMASTER-chartcalcs.ods,2005yearend,32,12,inverse_points_preserve_position
2005,2005-08,8,15,11,WWE Raw,11.0,yearendMASTER-chartcalcs.ods,2005yearend,58,12,inverse_points_preserve_position
2005,2005-08,8,16,10,Law & Order,10.0,yearendMASTER-chartcalcs.ods,2005yearend,30,12,inverse_points_preserve_position
2005,2005-08,8,17,9,Paranoia Agent,9.0,yearendMASTER-chartcalcs.ods,2005yearend,42,12,inverse_points_preserve_position
2005,2005-08,8,18,8,Passions,8.0,yearendMASTER-chartcalcs.ods,2005yearend,43,12,inverse_points_preserve_position
2005,2005-08,8,19,7,My Little Pony Tales,7.0,yearendMASTER-chartcalcs.ods,2005yearend,37,12,inverse_points_preserve_position
2005,2005-08,8,20,6,Days of Our Lives,6.0,yearendMASTER-chartcalcs.ods,2005yearend,14,12,inverse_points_preserve_position
2005,2005-08,8,21,5,NCIS,5.0,yearendMASTER-chartcalcs.ods,2005yearend,39,12,inverse_points_preserve_position
2005,2005-08,8,22,4,One Piece,4.0,yearendMASTER-chartcalcs.ods,2005yearend,41,12,inverse_points_preserve_position
2005,2005-08,8,23,3,Jakers!: The Adventures of Piggley Winks,3.0,yearendMASTER-chartcalcs.ods,2005yearend,28,12,inverse_points_preserve_position
2005,2005-08,8,24,2,House M.D.,2.0,yearendMASTER-chartcalcs.ods,2005yearend,25,12,inverse_points_preserve_position
2005,2005-08,8,25,1,Krypto: The Super Dog,1.0,yearendMASTER-chartcalcs.ods,2005yearend,29,12,inverse_points_preserve_position
2005,2005-09,9,1,25,Vandread,25.0,yearendMASTER-chartcalcs.ods,2005yearend,57,13,inverse_points_preserve_position
2005,2005-09,9,2,24,Pimp My Ride,24.0,yearendMASTER-chartcalcs.ods,2005yearend,44,13,inverse_points_preserve_position
2005,2005-09,9,3,23,S-CRY-ed,23.0,yearendMASTER-chartcalcs.ods,2005yearend,46,13,inverse_points_preserve_position
2005,2005-09,9,4,22,InuYasha,22.0,yearendMASTER-chartcalcs.ods,2005yearend,27,13,inverse_points_preserve_position
2005,2005-09,9,5,21,.hack//Legend of the Twilight Bracelet,21.0,yearendMASTER-chartcalcs.ods,2005yearend,9,13,inverse_points_preserve_position
2005,2005-09,9,6,20,Postcards from Buster,20.0,yearendMASTER-chartcalcs.ods,2005yearend,45,13,inverse_points_preserve_position
2005,2005-09,9,7,19,Mew Mew Power,19.0,yearendMASTER-chartcalcs.ods,2005yearend,35,13,inverse_points_preserve_position
2005,2005-09,9,8,18,Law & Order,18.0,yearendMASTER-chartcalcs.ods,2005yearend,30,13,inverse_points_preserve_position
2005,2005-09,9,9,17,Dragonball Z,17.0,yearendMASTER-chartcalcs.ods,2005yearend,17,13,inverse_points_preserve_position
2005,2005-09,9,10,16,Law & Order: Special Victims Unit,16.0,yearendMASTER-chartcalcs.ods,2005yearend,31,13,inverse_points_preserve_position
2005,2005-09,9,11,15,WWE Smackdown!,15.0,yearendMASTER-chartcalcs.ods,2005yearend,59,13,inverse_points_preserve_position
2005,2005-09,9,12,14,Street Fighter II: V,14.0,yearendMASTER-chartcalcs.ods,2005yearend,50,13,inverse_points_preserve_position
2005,2005-09,9,13,13,Azumanga Daioh,13.0,yearendMASTER-chartcalcs.ods,2005yearend,10,13,inverse_points_preserve_position
2005,2005-09,9,14,12,Days of Our Lives,12.0,yearendMASTER-chartcalcs.ods,2005yearend,14,13,inverse_points_preserve_position
2005,2005-09,9,15,11,Full Metal Alchemist,11.0,yearendMASTER-chartcalcs.ods,2005yearend,22,13,inverse_points_preserve_position
2005,2005-09,9,16,10,One Piece,10.0,yearendMASTER-chartcalcs.ods,2005yearend,41,13,inverse_points_preserve_position
2005,2005-09,9,17,9,Tripping the Rift,9.0,yearendMASTER-chartcalcs.ods,2005yearend,55,13,inverse_points_preserve_position
2005,2005-09,9,18,8,Passions,8.0,yearendMASTER-chartcalcs.ods,2005yearend,43,13,inverse_points_preserve_position
2005,2005-09,9,19,7,Divorce Court,7.0,yearendMASTER-chartcalcs.ods,2005yearend,15,13,inverse_points_preserve_position
2005,2005-09,9,20,6,WWE Raw,6.0,yearendMASTER-chartcalcs.ods,2005yearend,58,13,inverse_points_preserve_position
2005,2005-09,9,21,5,Mad Money,5.0,yearendMASTER-chartcalcs.ods,2005yearend,32,13,inverse_points_preserve_position
2005,2005-09,9,22,4,My Little Pony Tales,4.0,yearendMASTER-chartcalcs.ods,2005yearend,37,13,inverse_points_preserve_position
2005,2005-09,9,23,3,Shaman King,3.0,yearendMASTER-chartcalcs.ods,2005yearend,48,13,inverse_points_preserve_position
2005,2005-09,9,24,2,Krypto: The Super Dog,2.0,yearendMASTER-chartcalcs.ods,2005yearend,29,13,inverse_points_preserve_position
2005,2005-09,9,25,1,Jakers!: The Adventures of Piggley Winks,1.0,yearendMASTER-chartcalcs.ods,2005yearend,28,13,inverse_points_preserve_position
2005,2005-10,10,1,25,Dragonball Z,25.0,yearendMASTER-chartcalcs.ods,2005yearend,17,14,inverse_points_preserve_position
2005,2005-10,10,2,24,Magical DoReMi,24.0,yearendMASTER-chartcalcs.ods,2005yearend,33,14,inverse_points_preserve_position
2005,2005-10,10,3,23,Vandread,23.0,yearendMASTER-chartcalcs.ods,2005yearend,57,14,inverse_points_preserve_position
2005,2005-10,10,4,22,Mew Mew Power,22.0,yearendMASTER-chartcalcs.ods,2005yearend,35,14,inverse_points_preserve_position
2005,2005-10,10,5,21,InuYasha,21.0,yearendMASTER-chartcalcs.ods,2005yearend,27,14,inverse_points_preserve_position
2005,2005-10,10,6,20,Sonic X,20.0,yearendMASTER-chartcalcs.ods,2005yearend,49,14,inverse_points_preserve_position
2005,2005-10,10,7,19,Days of Our Lives,19.0,yearendMASTER-chartcalcs.ods,2005yearend,14,14,inverse_points_preserve_position
2005,2005-10,10,8,18,.hack//Legend of the Twilight Bracelet,18.0,yearendMASTER-chartcalcs.ods,2005yearend,9,14,inverse_points_preserve_position
2005,2005-10,10,9,17,Naruto,17.0,yearendMASTER-chartcalcs.ods,2005yearend,38,14,inverse_points_preserve_position
2005,2005-10,10,10,16,S-CRY-ed,16.0,yearendMASTER-chartcalcs.ods,2005yearend,46,14,inverse_points_preserve_position
2005,2005-10,10,11,15,Full Metal Alchemist,15.0,yearendMASTER-chartcalcs.ods,2005yearend,22,14,inverse_points_preserve_position
2005,2005-10,10,12,14,Pimp My Ride,14.0,yearendMASTER-chartcalcs.ods,2005yearend,44,14,inverse_points_preserve_position
2005,2005-10,10,13,13,Law & Order: Special Victims Unit,13.0,yearendMASTER-chartcalcs.ods,2005yearend,31,14,inverse_points_preserve_position
2005,2005-10,10,14,12,Jakers!: The Adventures of Piggley Winks,12.0,yearendMASTER-chartcalcs.ods,2005yearend,28,14,inverse_points_preserve_position
2005,2005-10,10,15,11,Divorce Court,11.0,yearendMASTER-chartcalcs.ods,2005yearend,15,14,inverse_points_preserve_position
2005,2005-10,10,16,10,Postcards from Buster,10.0,yearendMASTER-chartcalcs.ods,2005yearend,45,14,inverse_points_preserve_position
2005,2005-10,10,17,9,Law & Order,9.0,yearendMASTER-chartcalcs.ods,2005yearend,30,14,inverse_points_preserve_position
2005,2005-10,10,18,8,Passions,8.0,yearendMASTER-chartcalcs.ods,2005yearend,43,14,inverse_points_preserve_position
2005,2005-10,10,19,7,Street Fighter II: V,7.0,yearendMASTER-chartcalcs.ods,2005yearend,50,14,inverse_points_preserve_position
2005,2005-10,10,20,6,WWE Raw,6.0,yearendMASTER-chartcalcs.ods,2005yearend,58,14,inverse_points_preserve_position
2005,2005-10,10,21,5,WWE Smackdown!,5.0,yearendMASTER-chartcalcs.ods,2005yearend,59,14,inverse_points_preserve_position
2005,2005-10,10,22,4,Azumanga Daioh,4.0,yearendMASTER-chartcalcs.ods,2005yearend,10,14,inverse_points_preserve_position
2005,2005-10,10,23,3,One Piece,3.0,yearendMASTER-chartcalcs.ods,2005yearend,41,14,inverse_points_preserve_position
2005,2005-10,10,24,2,Mad Money,2.0,yearendMASTER-chartcalcs.ods,2005yearend,32,14,inverse_points_preserve_position
2005,2005-10,10,25,1,My Little Pony Tales,1.0,yearendMASTER-chartcalcs.ods,2005yearend,37,14,inverse_points_preserve_position
2005,2005-11,11,1,25,Magical DoReMi,25.0,yearendMASTER-chartcalcs.ods,2005yearend,33,15,inverse_points_preserve_position
2005,2005-11,11,2,24,Naruto,24.0,yearendMASTER-chartcalcs.ods,2005yearend,38,15,inverse_points_preserve_position
2005,2005-11,11,3,23,Full Metal Alchemist,23.0,yearendMASTER-chartcalcs.ods,2005yearend,22,15,inverse_points_preserve_position
2005,2005-11,11,4,22,Vandread,22.0,yearendMASTER-chartcalcs.ods,2005yearend,57,15,inverse_points_preserve_position
2005,2005-11,11,5,21,Mew Mew Power,21.0,yearendMASTER-chartcalcs.ods,2005yearend,35,15,inverse_points_preserve_position
2005,2005-11,11,6,20,Neon Genesis Evangelion,20.0,yearendMASTER-chartcalcs.ods,2005yearend,40,15,inverse_points_preserve_position
2005,2005-11,11,7,19,S-CRY-ed,19.0,yearendMASTER-chartcalcs.ods,2005yearend,46,15,inverse_points_preserve_position
2005,2005-11,11,8,18,Dragonball Z,18.0,yearendMASTER-chartcalcs.ods,2005yearend,17,15,inverse_points_preserve_position
2005,2005-11,11,9,17,Sonic X,17.0,yearendMASTER-chartcalcs.ods,2005yearend,49,15,inverse_points_preserve_position
2005,2005-11,11,10,16,InuYasha,16.0,yearendMASTER-chartcalcs.ods,2005yearend,27,15,inverse_points_preserve_position
2005,2005-11,11,11,15,WWE Raw,15.0,yearendMASTER-chartcalcs.ods,2005yearend,58,15,inverse_points_preserve_position
2005,2005-11,11,12,14,Days of Our Lives,14.0,yearendMASTER-chartcalcs.ods,2005yearend,14,15,inverse_points_preserve_position
2005,2005-11,11,13,13,Law & Order: Special Victims Unit,13.0,yearendMASTER-chartcalcs.ods,2005yearend,31,15,inverse_points_preserve_position
2005,2005-11,11,14,12,.hack//Legend of the Twilight Bracelet,12.0,yearendMASTER-chartcalcs.ods,2005yearend,9,15,inverse_points_preserve_position
2005,2005-11,11,15,11,Law & Order,11.0,yearendMASTER-chartcalcs.ods,2005yearend,30,15,inverse_points_preserve_position
2005,2005-11,11,16,10,Pimp My Ride,10.0,yearendMASTER-chartcalcs.ods,2005yearend,44,15,inverse_points_preserve_position
2005,2005-11,11,17,9,Jakers!: The Adventures of Piggley Winks,9.0,yearendMASTER-chartcalcs.ods,2005yearend,28,15,inverse_points_preserve_position
2005,2005-11,11,18,8,Divorce Court,8.0,yearendMASTER-chartcalcs.ods,2005yearend,15,15,inverse_points_preserve_position
2005,2005-11,11,19,7,NCIS,7.0,yearendMASTER-chartcalcs.ods,2005yearend,39,15,inverse_points_preserve_position
2005,2005-11,11,20,6,Drawn Together,6.0,yearendMASTER-chartcalcs.ods,2005yearend,18,15,inverse_points_preserve_position
2005,2005-11,11,21,5,House M.D.,5.0,yearendMASTER-chartcalcs.ods,2005yearend,25,15,inverse_points_preserve_position
2005,2005-11,11,22,4,The Boondocks,4.0,yearendMASTER-chartcalcs.ods,2005yearend,52,15,inverse_points_preserve_position
2005,2005-11,11,23,3,Azumanga Daioh,3.0,yearendMASTER-chartcalcs.ods,2005yearend,10,15,inverse_points_preserve_position
2005,2005-11,11,24,2,WWE Smackdown!,2.0,yearendMASTER-chartcalcs.ods,2005yearend,59,15,inverse_points_preserve_position
2005,2005-11,11,25,1,Mad Money,1.0,yearendMASTER-chartcalcs.ods,2005yearend,32,15,inverse_points_preserve_position
2005,2005-12,12,1,25,Magical DoReMi,25.0,yearendMASTER-chartcalcs.ods,2005yearend,33,16,inverse_points_preserve_position
2005,2005-12,12,2,24,Naruto,24.0,yearendMASTER-chartcalcs.ods,2005yearend,38,16,inverse_points_preserve_position
2005,2005-12,12,3,23,Neon Genesis Evangelion,23.0,yearendMASTER-chartcalcs.ods,2005yearend,40,16,inverse_points_preserve_position
2005,2005-12,12,4,22,Vandread,22.0,yearendMASTER-chartcalcs.ods,2005yearend,57,16,inverse_points_preserve_position
2005,2005-12,12,5,21,Full Metal Alchemist,21.0,yearendMASTER-chartcalcs.ods,2005yearend,22,16,inverse_points_preserve_position
2005,2005-12,12,6,20,Law & Order: Special Victims Unit,20.0,yearendMASTER-chartcalcs.ods,2005yearend,31,16,inverse_points_preserve_position
2005,2005-12,12,7,19,House M.D.,19.0,yearendMASTER-chartcalcs.ods,2005yearend,25,16,inverse_points_preserve_position
2005,2005-12,12,8,18,IGPX: Immortal Grand Prix,18.0,yearendMASTER-chartcalcs.ods,2005yearend,26,16,inverse_points_preserve_position
2005,2005-12,12,9,17,The Boondocks,17.0,yearendMASTER-chartcalcs.ods,2005yearend,52,16,inverse_points_preserve_position
2005,2005-12,12,10,16,WWE Raw,16.0,yearendMASTER-chartcalcs.ods,2005yearend,58,16,inverse_points_preserve_position
2005,2005-12,12,11,15,Divorce Court,15.0,yearendMASTER-chartcalcs.ods,2005yearend,15,16,inverse_points_preserve_position
2005,2005-12,12,12,14,InuYasha,14.0,yearendMASTER-chartcalcs.ods,2005yearend,27,16,inverse_points_preserve_position
2005,2005-12,12,13,13,S-CRY-ed,13.0,yearendMASTER-chartcalcs.ods,2005yearend,46,16,inverse_points_preserve_position
2005,2005-12,12,14,12,Mew Mew Power,12.0,yearendMASTER-chartcalcs.ods,2005yearend,35,16,inverse_points_preserve_position
2005,2005-12,12,15,11,Azumanga Daioh,11.0,yearendMASTER-chartcalcs.ods,2005yearend,10,16,inverse_points_preserve_position
2005,2005-12,12,16,10,Days of Our Lives,10.0,yearendMASTER-chartcalcs.ods,2005yearend,14,16,inverse_points_preserve_position
2005,2005-12,12,17,9,Sonic X,9.0,yearendMASTER-chartcalcs.ods,2005yearend,49,16,inverse_points_preserve_position
2005,2005-12,12,18,8,NCIS,8.0,yearendMASTER-chartcalcs.ods,2005yearend,39,16,inverse_points_preserve_position
2005,2005-12,12,19,7,Yu Yu Hakusho,7.0,yearendMASTER-chartcalcs.ods,2005yearend,60,16,inverse_points_preserve_position
2005,2005-12,12,20,6,Drawn Together,6.0,yearendMASTER-chartcalcs.ods,2005yearend,18,16,inverse_points_preserve_position
2005,2005-12,12,21,5,Law & Order,5.0,yearendMASTER-chartcalcs.ods,2005yearend,30,16,inverse_points_preserve_position
2005,2005-12,12,22,4,.hack//Legend of the Twilight Bracelet,4.0,yearendMASTER-chartcalcs.ods,2005yearend,9,16,inverse_points_preserve_position
2005,2005-12,12,23,3,Pimp My Ride,3.0,yearendMASTER-chartcalcs.ods,2005yearend,44,16,inverse_points_preserve_position
2005,2005-12,12,24,2,WWE Smackdown!,2.0,yearendMASTER-chartcalcs.ods,2005yearend,59,16,inverse_points_preserve_position
2005,2005-12,12,25,1,Mad Money,1.0,yearendMASTER-chartcalcs.ods,2005yearend,32,16,inverse_points_preserve_position
2006,2006-01,1,1,25,Fruits Basket,25.0,yearendMASTER-chartcalcs.ods,2006yearend,26,5,inverse_points_preserve_position
2006,2006-01,1,2,24,Neon Genesis Evangelion,24.0,yearendMASTER-chartcalcs.ods,2006yearend,43,5,inverse_points_preserve_position
2006,2006-01,1,3,23,Magical DoReMi,23.0,yearendMASTER-chartcalcs.ods,2006yearend,38,5,inverse_points_preserve_position
2006,2006-01,1,4,22,IGPX: Immortal Grand Prix,22.0,yearendMASTER-chartcalcs.ods,2006yearend,32,5,inverse_points_preserve_position
2006,2006-01,1,5,21,Naruto,21.0,yearendMASTER-chartcalcs.ods,2006yearend,41,5,inverse_points_preserve_position
2006,2006-01,1,6,20,The Boondocks,20.0,yearendMASTER-chartcalcs.ods,2006yearend,58,5,inverse_points_preserve_position
2006,2006-01,1,7,19,Days of Our Lives,19.0,yearendMASTER-chartcalcs.ods,2006yearend,20,5,inverse_points_preserve_position
2006,2006-01,1,8,18,Fullmetal Alchemist,18.0,yearendMASTER-chartcalcs.ods,2006yearend,27,5,inverse_points_preserve_position
2006,2006-01,1,9,17,Yu Yu Hakusho,17.0,yearendMASTER-chartcalcs.ods,2006yearend,69,5,inverse_points_preserve_position
2006,2006-01,1,10,16,Digimon: Digital Monsters,16.0,yearendMASTER-chartcalcs.ods,2006yearend,22,5,inverse_points_preserve_position
2006,2006-01,1,11,15,WWE Raw,15.0,yearendMASTER-chartcalcs.ods,2006yearend,67,5,inverse_points_preserve_position
2006,2006-01,1,12,14,Galaxy Angel,14.0,yearendMASTER-chartcalcs.ods,2006yearend,28,5,inverse_points_preserve_position
2006,2006-01,1,13,13,Vandread,13.0,yearendMASTER-chartcalcs.ods,2006yearend,65,5,inverse_points_preserve_position
2006,2006-01,1,14,12,Law & Order: Special Victims Unit,12.0,yearendMASTER-chartcalcs.ods,2006yearend,36,5,inverse_points_preserve_position
2006,2006-01,1,15,11,Sonic X,11.0,yearendMASTER-chartcalcs.ods,2006yearend,54,5,inverse_points_preserve_position
2006,2006-01,1,16,10,W.I.T.C.H.,10.0,yearendMASTER-chartcalcs.ods,2006yearend,66,5,inverse_points_preserve_position
2006,2006-01,1,17,9,InuYasha,9.0,yearendMASTER-chartcalcs.ods,2006yearend,33,5,inverse_points_preserve_position
2006,2006-01,1,18,8,Mew Mew Power,8.0,yearendMASTER-chartcalcs.ods,2006yearend,39,5,inverse_points_preserve_position
2006,2006-01,1,19,7,S-CRY-ed,7.0,yearendMASTER-chartcalcs.ods,2006yearend,49,5,inverse_points_preserve_position
2006,2006-01,1,20,6,Passions,6.0,yearendMASTER-chartcalcs.ods,2006yearend,45,5,inverse_points_preserve_position
2006,2006-01,1,21,5,Super Robot Monkey Team Hyperforce GO!,5.0,yearendMASTER-chartcalcs.ods,2006yearend,56,5,inverse_points_preserve_position
2006,2006-01,1,22,4,",hack//Legend of the Twilight",4.0,yearendMASTER-chartcalcs.ods,2006yearend,9,5,inverse_points_preserve_position
2006,2006-01,1,23,3,House,3.0,yearendMASTER-chartcalcs.ods,2006yearend,31,5,inverse_points_preserve_position
2006,2006-01,1,24,2,Mad Money,2.0,yearendMASTER-chartcalcs.ods,2006yearend,37,5,inverse_points_preserve_position
2006,2006-01,1,25,1,Divorce Court,1.0,yearendMASTER-chartcalcs.ods,2006yearend,23,5,inverse_points_preserve_position
2006,2006-02,2,1,25,Fruits Basket,25.0,yearendMASTER-chartcalcs.ods,2006yearend,26,6,inverse_points_preserve_position
2006,2006-02,2,2,24,Digimon: Digital Monsters,24.0,yearendMASTER-chartcalcs.ods,2006yearend,22,6,inverse_points_preserve_position
2006,2006-02,2,3,23,Neon Genesis Evangelion,23.0,yearendMASTER-chartcalcs.ods,2006yearend,43,6,inverse_points_preserve_position
2006,2006-02,2,4,22,Yu Yu Hakusho,22.0,yearendMASTER-chartcalcs.ods,2006yearend,69,6,inverse_points_preserve_position
2006,2006-02,2,5,21,W.I.T.C.H.,21.0,yearendMASTER-chartcalcs.ods,2006yearend,66,6,inverse_points_preserve_position
2006,2006-02,2,6,20,Magical DoReMi,20.0,yearendMASTER-chartcalcs.ods,2006yearend,38,6,inverse_points_preserve_position
2006,2006-02,2,7,19,Naruto,19.0,yearendMASTER-chartcalcs.ods,2006yearend,41,6,inverse_points_preserve_position
2006,2006-02,2,8,18,WWE Raw,18.0,yearendMASTER-chartcalcs.ods,2006yearend,67,6,inverse_points_preserve_position
2006,2006-02,2,9,17,Vandread,17.0,yearendMASTER-chartcalcs.ods,2006yearend,65,6,inverse_points_preserve_position
2006,2006-02,2,10,16,The Boondocks,16.0,yearendMASTER-chartcalcs.ods,2006yearend,58,6,inverse_points_preserve_position
2006,2006-02,2,11,15,Days of Our Lives,15.0,yearendMASTER-chartcalcs.ods,2006yearend,20,6,inverse_points_preserve_position
2006,2006-02,2,12,14,Fullmetal Alchemist,14.0,yearendMASTER-chartcalcs.ods,2006yearend,27,6,inverse_points_preserve_position
2006,2006-02,2,13,13,IGPX: Immortal Grand Prix,13.0,yearendMASTER-chartcalcs.ods,2006yearend,32,6,inverse_points_preserve_position
2006,2006-02,2,14,12,Law & Order: Special Victims Unit,12.0,yearendMASTER-chartcalcs.ods,2006yearend,36,6,inverse_points_preserve_position
2006,2006-02,2,15,11,Mew Mew Power,11.0,yearendMASTER-chartcalcs.ods,2006yearend,39,6,inverse_points_preserve_position
2006,2006-02,2,16,10,Mad Money,10.0,yearendMASTER-chartcalcs.ods,2006yearend,37,6,inverse_points_preserve_position
2006,2006-02,2,17,9,Sonic X,9.0,yearendMASTER-chartcalcs.ods,2006yearend,54,6,inverse_points_preserve_position
2006,2006-02,2,18,8,Galaxy Angel,8.0,yearendMASTER-chartcalcs.ods,2006yearend,28,6,inverse_points_preserve_position
2006,2006-02,2,19,7,S-CRY-ed,7.0,yearendMASTER-chartcalcs.ods,2006yearend,49,6,inverse_points_preserve_position
2006,2006-02,2,20,6,InuYasha,6.0,yearendMASTER-chartcalcs.ods,2006yearend,33,6,inverse_points_preserve_position
2006,2006-02,2,21,5,Franklin,5.0,yearendMASTER-chartcalcs.ods,2006yearend,25,6,inverse_points_preserve_position
2006,2006-02,2,22,4,Shinzo,4.0,yearendMASTER-chartcalcs.ods,2006yearend,53,6,inverse_points_preserve_position
2006,2006-02,2,23,3,Samurai Champloo,3.0,yearendMASTER-chartcalcs.ods,2006yearend,51,6,inverse_points_preserve_position
2006,2006-02,2,24,2,Super Robot Monkey Team Hyperforce GO!,2.0,yearendMASTER-chartcalcs.ods,2006yearend,56,6,inverse_points_preserve_position
2006,2006-02,2,25,1,Passions,1.0,yearendMASTER-chartcalcs.ods,2006yearend,45,6,inverse_points_preserve_position
2006,2006-03,3,1,25,Magical DoReMi,25.0,yearendMASTER-chartcalcs.ods,2006yearend,38,7,inverse_points_preserve_position
2006,2006-03,3,2,24,Fruits Basket,24.0,yearendMASTER-chartcalcs.ods,2006yearend,26,7,inverse_points_preserve_position
2006,2006-03,3,3,23,Yu Yu Hakusho,23.0,yearendMASTER-chartcalcs.ods,2006yearend,69,7,inverse_points_preserve_position
2006,2006-03,3,4,22,Shinzo,22.0,yearendMASTER-chartcalcs.ods,2006yearend,53,7,inverse_points_preserve_position
2006,2006-03,3,5,21,Digimon: Digital Monsters,21.0,yearendMASTER-chartcalcs.ods,2006yearend,22,7,inverse_points_preserve_position
2006,2006-03,3,6,20,Fullmetal Alchemist,20.0,yearendMASTER-chartcalcs.ods,2006yearend,27,7,inverse_points_preserve_position
2006,2006-03,3,7,19,Naruto,19.0,yearendMASTER-chartcalcs.ods,2006yearend,41,7,inverse_points_preserve_position
2006,2006-03,3,8,18,RahXephon,18.0,yearendMASTER-chartcalcs.ods,2006yearend,48,7,inverse_points_preserve_position
2006,2006-03,3,9,17,Neon Genesis Evangelion,17.0,yearendMASTER-chartcalcs.ods,2006yearend,43,7,inverse_points_preserve_position
2006,2006-03,3,10,16,WWE Raw,16.0,yearendMASTER-chartcalcs.ods,2006yearend,67,7,inverse_points_preserve_position
2006,2006-03,3,11,15,W.I.T.C.H.,15.0,yearendMASTER-chartcalcs.ods,2006yearend,66,7,inverse_points_preserve_position
2006,2006-03,3,12,14,S-CRY-ed,14.0,yearendMASTER-chartcalcs.ods,2006yearend,49,7,inverse_points_preserve_position
2006,2006-03,3,13,13,Days of Our Lives,13.0,yearendMASTER-chartcalcs.ods,2006yearend,20,7,inverse_points_preserve_position
2006,2006-03,3,14,12,The Boondocks,12.0,yearendMASTER-chartcalcs.ods,2006yearend,58,7,inverse_points_preserve_position
2006,2006-03,3,15,11,Vandread,11.0,yearendMASTER-chartcalcs.ods,2006yearend,65,7,inverse_points_preserve_position
2006,2006-03,3,16,10,Sonic X,10.0,yearendMASTER-chartcalcs.ods,2006yearend,54,7,inverse_points_preserve_position
2006,2006-03,3,17,9,Peacemaker Kurogane,9.0,yearendMASTER-chartcalcs.ods,2006yearend,46,7,inverse_points_preserve_position
2006,2006-03,3,18,8,Samurai Champloo,8.0,yearendMASTER-chartcalcs.ods,2006yearend,51,7,inverse_points_preserve_position
2006,2006-03,3,19,7,IGPX: Immortal Grand Prix,7.0,yearendMASTER-chartcalcs.ods,2006yearend,32,7,inverse_points_preserve_position
2006,2006-03,3,20,6,Mad Money,6.0,yearendMASTER-chartcalcs.ods,2006yearend,37,7,inverse_points_preserve_position
2006,2006-03,3,21,5,Chrono Crusade,5.0,yearendMASTER-chartcalcs.ods,2006yearend,18,7,inverse_points_preserve_position
2006,2006-03,3,22,4,Law & Order: Special Victims Unit,4.0,yearendMASTER-chartcalcs.ods,2006yearend,36,7,inverse_points_preserve_position
2006,2006-03,3,23,3,Franklin,3.0,yearendMASTER-chartcalcs.ods,2006yearend,25,7,inverse_points_preserve_position
2006,2006-03,3,24,2,Mew Mew Power,2.0,yearendMASTER-chartcalcs.ods,2006yearend,39,7,inverse_points_preserve_position
2006,2006-03,3,25,1,WWE Smackdown!,1.0,yearendMASTER-chartcalcs.ods,2006yearend,68,7,inverse_points_preserve_position
2006,2006-04,4,1,25,Chrono Crusade,25.0,yearendMASTER-chartcalcs.ods,2006yearend,18,8,inverse_points_preserve_position
2006,2006-04,4,2,24,Fruits Basket,24.0,yearendMASTER-chartcalcs.ods,2006yearend,26,8,inverse_points_preserve_position
2006,2006-04,4,3,23,Magical DoReMi,23.0,yearendMASTER-chartcalcs.ods,2006yearend,38,8,inverse_points_preserve_position
2006,2006-04,4,4,22,Trigun,22.0,yearendMASTER-chartcalcs.ods,2006yearend,63,8,inverse_points_preserve_position
2006,2006-04,4,5,21,Yu Yu Hakusho,21.0,yearendMASTER-chartcalcs.ods,2006yearend,69,8,inverse_points_preserve_position
2006,2006-04,4,6,20,Divorce Court,20.0,yearendMASTER-chartcalcs.ods,2006yearend,23,8,inverse_points_preserve_position
2006,2006-04,4,7,19,Vandread,19.0,yearendMASTER-chartcalcs.ods,2006yearend,65,8,inverse_points_preserve_position
2006,2006-04,4,8,18,Fullmetal Alchemist,18.0,yearendMASTER-chartcalcs.ods,2006yearend,27,8,inverse_points_preserve_position
2006,2006-04,4,9,17,Digimon: Digital Monsters,17.0,yearendMASTER-chartcalcs.ods,2006yearend,22,8,inverse_points_preserve_position
2006,2006-04,4,10,16,Naruto,16.0,yearendMASTER-chartcalcs.ods,2006yearend,41,8,inverse_points_preserve_position
2006,2006-04,4,11,15,RahXephon,15.0,yearendMASTER-chartcalcs.ods,2006yearend,48,8,inverse_points_preserve_position
2006,2006-04,4,12,14,WWE Smackdown!,14.0,yearendMASTER-chartcalcs.ods,2006yearend,68,8,inverse_points_preserve_position
2006,2006-04,4,13,13,Days of Our Lives,13.0,yearendMASTER-chartcalcs.ods,2006yearend,20,8,inverse_points_preserve_position
2006,2006-04,4,14,12,WWE Raw,12.0,yearendMASTER-chartcalcs.ods,2006yearend,67,8,inverse_points_preserve_position
2006,2006-04,4,15,11,Neon Genesis Evangelion,11.0,yearendMASTER-chartcalcs.ods,2006yearend,43,8,inverse_points_preserve_position
2006,2006-04,4,16,10,Samurai Champloo,10.0,yearendMASTER-chartcalcs.ods,2006yearend,51,8,inverse_points_preserve_position
2006,2006-04,4,17,9,Sonic X,9.0,yearendMASTER-chartcalcs.ods,2006yearend,54,8,inverse_points_preserve_position
2006,2006-04,4,18,8,Shinzo,8.0,yearendMASTER-chartcalcs.ods,2006yearend,53,8,inverse_points_preserve_position
2006,2006-04,4,19,7,Mad Money,7.0,yearendMASTER-chartcalcs.ods,2006yearend,37,8,inverse_points_preserve_position
2006,2006-04,4,20,6,W.I.T.C.H.,6.0,yearendMASTER-chartcalcs.ods,2006yearend,66,8,inverse_points_preserve_position
2006,2006-04,4,21,5,S-CRY-ed,5.0,yearendMASTER-chartcalcs.ods,2006yearend,49,8,inverse_points_preserve_position
2006,2006-04,4,22,4,Mew Mew Power,4.0,yearendMASTER-chartcalcs.ods,2006yearend,39,8,inverse_points_preserve_position
2006,2006-04,4,23,3,Franklin,3.0,yearendMASTER-chartcalcs.ods,2006yearend,25,8,inverse_points_preserve_position
2006,2006-04,4,24,2,IGPX: Immortal Grand Prix,2.0,yearendMASTER-chartcalcs.ods,2006yearend,32,8,inverse_points_preserve_position
2006,2006-04,4,25,1,Law & Order: Special Victims Unit,1.0,yearendMASTER-chartcalcs.ods,2006yearend,36,8,inverse_points_preserve_position
2006,2006-05,5,1,25,Chrono Crusade,25.0,yearendMASTER-chartcalcs.ods,2006yearend,18,9,inverse_points_preserve_position
2006,2006-05,5,2,24,Trigun,24.0,yearendMASTER-chartcalcs.ods,2006yearend,63,9,inverse_points_preserve_position
2006,2006-05,5,3,23,Vandread,23.0,yearendMASTER-chartcalcs.ods,2006yearend,65,9,inverse_points_preserve_position
2006,2006-05,5,4,22,Divorce Court,22.0,yearendMASTER-chartcalcs.ods,2006yearend,23,9,inverse_points_preserve_position
2006,2006-05,5,5,21,Naruto,21.0,yearendMASTER-chartcalcs.ods,2006yearend,41,9,inverse_points_preserve_position
2006,2006-05,5,6,20,Eureka Seven,20.0,yearendMASTER-chartcalcs.ods,2006yearend,24,9,inverse_points_preserve_position
2006,2006-05,5,7,19,Fruits Basket,19.0,yearendMASTER-chartcalcs.ods,2006yearend,26,9,inverse_points_preserve_position
2006,2006-05,5,8,18,Magical DoReMi,18.0,yearendMASTER-chartcalcs.ods,2006yearend,38,9,inverse_points_preserve_position
2006,2006-05,5,9,17,Digimon: Digital Monsters,17.0,yearendMASTER-chartcalcs.ods,2006yearend,22,9,inverse_points_preserve_position
2006,2006-05,5,10,16,WWE Smackdown!,16.0,yearendMASTER-chartcalcs.ods,2006yearend,68,9,inverse_points_preserve_position
2006,2006-05,5,11,15,Bulls & Bears,15.0,yearendMASTER-chartcalcs.ods,2006yearend,15,9,inverse_points_preserve_position
2006,2006-05,5,12,14,Days of Our Lives,14.0,yearendMASTER-chartcalcs.ods,2006yearend,20,9,inverse_points_preserve_position
2006,2006-05,5,13,13,Franklin,13.0,yearendMASTER-chartcalcs.ods,2006yearend,25,9,inverse_points_preserve_position
2006,2006-05,5,14,12,Sonic X,12.0,yearendMASTER-chartcalcs.ods,2006yearend,54,9,inverse_points_preserve_position
2006,2006-05,5,15,11,WWE Raw,11.0,yearendMASTER-chartcalcs.ods,2006yearend,67,9,inverse_points_preserve_position
2006,2006-05,5,16,10,Mew Mew Power,10.0,yearendMASTER-chartcalcs.ods,2006yearend,39,9,inverse_points_preserve_position
2006,2006-05,5,17,9,Fullmetal Alchemist,9.0,yearendMASTER-chartcalcs.ods,2006yearend,27,9,inverse_points_preserve_position
2006,2006-05,5,18,8,Yu Yu Hakusho,8.0,yearendMASTER-chartcalcs.ods,2006yearend,69,9,inverse_points_preserve_position
2006,2006-05,5,19,7,Samurai Champloo,7.0,yearendMASTER-chartcalcs.ods,2006yearend,51,9,inverse_points_preserve_position
2006,2006-05,5,20,6,Neon Genesis Evangelion,6.0,yearendMASTER-chartcalcs.ods,2006yearend,43,9,inverse_points_preserve_position
2006,2006-05,5,21,5,Law & Order: Special Victims Unit,5.0,yearendMASTER-chartcalcs.ods,2006yearend,36,9,inverse_points_preserve_position
2006,2006-05,5,22,4,RahXephon,4.0,yearendMASTER-chartcalcs.ods,2006yearend,48,9,inverse_points_preserve_position
2006,2006-05,5,23,3,Mad Money,3.0,yearendMASTER-chartcalcs.ods,2006yearend,37,9,inverse_points_preserve_position
2006,2006-05,5,24,2,IGPX: Immortal Grand Prix,2.0,yearendMASTER-chartcalcs.ods,2006yearend,32,9,inverse_points_preserve_position
2006,2006-05,5,25,1,Tenchi Muyo,1.0,yearendMASTER-chartcalcs.ods,2006yearend,57,9,inverse_points_preserve_position
2006,2006-06,6,1,25,Chrono Crusade,25.0,yearendMASTER-chartcalcs.ods,2006yearend,18,10,inverse_points_preserve_position
2006,2006-06,6,2,24,Vandread,24.0,yearendMASTER-chartcalcs.ods,2006yearend,65,10,inverse_points_preserve_position
2006,2006-06,6,3,23,Eureka Seven,23.0,yearendMASTER-chartcalcs.ods,2006yearend,24,10,inverse_points_preserve_position
2006,2006-06,6,4,22,Naruto,22.0,yearendMASTER-chartcalcs.ods,2006yearend,41,10,inverse_points_preserve_position
2006,2006-06,6,5,21,Divorce Court,21.0,yearendMASTER-chartcalcs.ods,2006yearend,23,10,inverse_points_preserve_position
2006,2006-06,6,6,20,Fruits Basket,20.0,yearendMASTER-chartcalcs.ods,2006yearend,26,10,inverse_points_preserve_position
2006,2006-06,6,7,19,Bulls & Bears,19.0,yearendMASTER-chartcalcs.ods,2006yearend,15,10,inverse_points_preserve_position
2006,2006-06,6,8,18,Franklin,18.0,yearendMASTER-chartcalcs.ods,2006yearend,25,10,inverse_points_preserve_position
2006,2006-06,6,9,17,Trigun,17.0,yearendMASTER-chartcalcs.ods,2006yearend,63,10,inverse_points_preserve_position
2006,2006-06,6,10,16,Chobits,16.0,yearendMASTER-chartcalcs.ods,2006yearend,17,10,inverse_points_preserve_position
2006,2006-06,6,11,15,Days of Our Lives,15.0,yearendMASTER-chartcalcs.ods,2006yearend,20,10,inverse_points_preserve_position
2006,2006-06,6,12,14,Magical DoReMi,14.0,yearendMASTER-chartcalcs.ods,2006yearend,38,10,inverse_points_preserve_position
2006,2006-06,6,13,13,WWE Smackdown!,13.0,yearendMASTER-chartcalcs.ods,2006yearend,68,10,inverse_points_preserve_position
2006,2006-06,6,14,12,IGPX: Immortal Grand Prix,12.0,yearendMASTER-chartcalcs.ods,2006yearend,32,10,inverse_points_preserve_position
2006,2006-06,6,15,11,Samurai 7,11.0,yearendMASTER-chartcalcs.ods,2006yearend,50,10,inverse_points_preserve_position
2006,2006-06,6,16,10,Digimon: Digital Monsters,10.0,yearendMASTER-chartcalcs.ods,2006yearend,22,10,inverse_points_preserve_position
2006,2006-06,6,17,9,Law & Order: Special Victims Unit,9.0,yearendMASTER-chartcalcs.ods,2006yearend,36,10,inverse_points_preserve_position
2006,2006-06,6,18,8,Sonic X,8.0,yearendMASTER-chartcalcs.ods,2006yearend,54,10,inverse_points_preserve_position
2006,2006-06,6,19,7,Fullmetal Alchemist,7.0,yearendMASTER-chartcalcs.ods,2006yearend,27,10,inverse_points_preserve_position
2006,2006-06,6,20,6,Samurai Champloo,6.0,yearendMASTER-chartcalcs.ods,2006yearend,51,10,inverse_points_preserve_position
2006,2006-06,6,21,5,WWE Raw,5.0,yearendMASTER-chartcalcs.ods,2006yearend,67,10,inverse_points_preserve_position
2006,2006-06,6,22,4,Peacemaker Kurogane,4.0,yearendMASTER-chartcalcs.ods,2006yearend,46,10,inverse_points_preserve_position
2006,2006-06,6,23,3,Mew Mew Power,3.0,yearendMASTER-chartcalcs.ods,2006yearend,39,10,inverse_points_preserve_position
2006,2006-06,6,24,2,Mad Money,2.0,yearendMASTER-chartcalcs.ods,2006yearend,37,10,inverse_points_preserve_position
2006,2006-06,6,25,1,RahXephon,1.0,yearendMASTER-chartcalcs.ods,2006yearend,48,10,inverse_points_preserve_position
2006,2006-07,7,1,25,Peacemaker Kurogane,25.0,yearendMASTER-chartcalcs.ods,2006yearend,46,11,inverse_points_preserve_position
2006,2006-07,7,2,24,Naruto,24.0,yearendMASTER-chartcalcs.ods,2006yearend,41,11,inverse_points_preserve_position
2006,2006-07,7,3,23,Chrono Crusade,23.0,yearendMASTER-chartcalcs.ods,2006yearend,18,11,inverse_points_preserve_position
2006,2006-07,7,4,22,Chobits,22.0,yearendMASTER-chartcalcs.ods,2006yearend,17,11,inverse_points_preserve_position
2006,2006-07,7,5,21,Fruits Basket,21.0,yearendMASTER-chartcalcs.ods,2006yearend,26,11,inverse_points_preserve_position
2006,2006-07,7,6,20,Franklin,20.0,yearendMASTER-chartcalcs.ods,2006yearend,25,11,inverse_points_preserve_position
2006,2006-07,7,7,19,IGPX: Immortal Grand Prix,19.0,yearendMASTER-chartcalcs.ods,2006yearend,32,11,inverse_points_preserve_position
2006,2006-07,7,8,18,Vandread,18.0,yearendMASTER-chartcalcs.ods,2006yearend,65,11,inverse_points_preserve_position
2006,2006-07,7,9,17,Samurai 7,17.0,yearendMASTER-chartcalcs.ods,2006yearend,50,11,inverse_points_preserve_position
2006,2006-07,7,10,16,Code LYOKO,16.0,yearendMASTER-chartcalcs.ods,2006yearend,19,11,inverse_points_preserve_position
2006,2006-07,7,11,15,Bulls & Bears,15.0,yearendMASTER-chartcalcs.ods,2006yearend,15,11,inverse_points_preserve_position
2006,2006-07,7,12,14,Zatch Bell,14.0,yearendMASTER-chartcalcs.ods,2006yearend,70,11,inverse_points_preserve_position
2006,2006-07,7,13,13,Days of Our Lives,13.0,yearendMASTER-chartcalcs.ods,2006yearend,20,11,inverse_points_preserve_position
2006,2006-07,7,14,12,Eureka Seven,12.0,yearendMASTER-chartcalcs.ods,2006yearend,24,11,inverse_points_preserve_position
2006,2006-07,7,15,11,Pimp My Ride,11.0,yearendMASTER-chartcalcs.ods,2006yearend,47,11,inverse_points_preserve_position
2006,2006-07,7,16,10,Divorce Court,10.0,yearendMASTER-chartcalcs.ods,2006yearend,23,11,inverse_points_preserve_position
2006,2006-07,7,17,9,Law & Order: Special Victims Unit,9.0,yearendMASTER-chartcalcs.ods,2006yearend,36,11,inverse_points_preserve_position
2006,2006-07,7,18,8,Mew Mew Power,8.0,yearendMASTER-chartcalcs.ods,2006yearend,39,11,inverse_points_preserve_position
2006,2006-07,7,19,7,Fullmetal Alchemist,7.0,yearendMASTER-chartcalcs.ods,2006yearend,27,11,inverse_points_preserve_position
2006,2006-07,7,20,6,Samurai Champloo,6.0,yearendMASTER-chartcalcs.ods,2006yearend,51,11,inverse_points_preserve_position
2006,2006-07,7,21,5,Magical DoReMi,5.0,yearendMASTER-chartcalcs.ods,2006yearend,38,11,inverse_points_preserve_position
2006,2006-07,7,22,4,WWE Raw,4.0,yearendMASTER-chartcalcs.ods,2006yearend,67,11,inverse_points_preserve_position
2006,2006-07,7,23,3,The Littles,3.0,yearendMASTER-chartcalcs.ods,2006yearend,60,11,inverse_points_preserve_position
2006,2006-07,7,24,2,Trigun,2.0,yearendMASTER-chartcalcs.ods,2006yearend,63,11,inverse_points_preserve_position
2006,2006-07,7,25,1,WWE Smackdown!,1.0,yearendMASTER-chartcalcs.ods,2006yearend,68,11,inverse_points_preserve_position
2006,2006-08,8,1,25,Peacemaker Kurogane,25.0,yearendMASTER-chartcalcs.ods,2006yearend,46,12,inverse_points_preserve_position
2006,2006-08,8,2,24,Chobits,24.0,yearendMASTER-chartcalcs.ods,2006yearend,17,12,inverse_points_preserve_position
2006,2006-08,8,3,23,Zatch Bell,23.0,yearendMASTER-chartcalcs.ods,2006yearend,70,12,inverse_points_preserve_position
2006,2006-08,8,4,22,IGPX: Immortal Grand Prix,22.0,yearendMASTER-chartcalcs.ods,2006yearend,32,12,inverse_points_preserve_position
2006,2006-08,8,5,21,Pimp My Ride,21.0,yearendMASTER-chartcalcs.ods,2006yearend,47,12,inverse_points_preserve_position
2006,2006-08,8,6,20,Chrono Crusade,20.0,yearendMASTER-chartcalcs.ods,2006yearend,18,12,inverse_points_preserve_position
2006,2006-08,8,7,19,Fruits Basket,19.0,yearendMASTER-chartcalcs.ods,2006yearend,26,12,inverse_points_preserve_position
2006,2006-08,8,8,18,Mew Mew Power,18.0,yearendMASTER-chartcalcs.ods,2006yearend,39,12,inverse_points_preserve_position
2006,2006-08,8,9,17,Naruto,17.0,yearendMASTER-chartcalcs.ods,2006yearend,41,12,inverse_points_preserve_position
2006,2006-08,8,10,16,Days of Our Lives,16.0,yearendMASTER-chartcalcs.ods,2006yearend,20,12,inverse_points_preserve_position
2006,2006-08,8,11,15,Code LYOKO,15.0,yearendMASTER-chartcalcs.ods,2006yearend,19,12,inverse_points_preserve_position
2006,2006-08,8,12,14,Samurai 7,14.0,yearendMASTER-chartcalcs.ods,2006yearend,50,12,inverse_points_preserve_position
2006,2006-08,8,13,13,Vandread,13.0,yearendMASTER-chartcalcs.ods,2006yearend,65,12,inverse_points_preserve_position
2006,2006-08,8,14,12,Franklin,12.0,yearendMASTER-chartcalcs.ods,2006yearend,25,12,inverse_points_preserve_position
2006,2006-08,8,15,11,Bulls & Bears,11.0,yearendMASTER-chartcalcs.ods,2006yearend,15,12,inverse_points_preserve_position
2006,2006-08,8,16,10,S-CRY-ed,10.0,yearendMASTER-chartcalcs.ods,2006yearend,49,12,inverse_points_preserve_position
2006,2006-08,8,17,9,Oban Star Racers,9.0,yearendMASTER-chartcalcs.ods,2006yearend,44,12,inverse_points_preserve_position
2006,2006-08,8,18,8,WWE Raw,8.0,yearendMASTER-chartcalcs.ods,2006yearend,67,12,inverse_points_preserve_position
2006,2006-08,8,19,7,Divorce Court,7.0,yearendMASTER-chartcalcs.ods,2006yearend,23,12,inverse_points_preserve_position
2006,2006-08,8,20,6,The Littles,6.0,yearendMASTER-chartcalcs.ods,2006yearend,60,12,inverse_points_preserve_position
2006,2006-08,8,21,5,Law & Order: Special Victims Unit,5.0,yearendMASTER-chartcalcs.ods,2006yearend,36,12,inverse_points_preserve_position
2006,2006-08,8,22,4,Trigun,4.0,yearendMASTER-chartcalcs.ods,2006yearend,63,12,inverse_points_preserve_position
2006,2006-08,8,23,3,Eureka Seven,3.0,yearendMASTER-chartcalcs.ods,2006yearend,24,12,inverse_points_preserve_position
2006,2006-08,8,24,2,WWE Smackdown!,2.0,yearendMASTER-chartcalcs.ods,2006yearend,68,12,inverse_points_preserve_position
2006,2006-08,8,25,1,Samurai Champloo,1.0,yearendMASTER-chartcalcs.ods,2006yearend,51,12,inverse_points_preserve_position
2006,2006-09,9,1,25,Negima,25.0,yearendMASTER-chartcalcs.ods,2006yearend,42,13,inverse_points_preserve_position
2006,2006-09,9,2,24,Peacemaker Kurogane,24.0,yearendMASTER-chartcalcs.ods,2006yearend,46,13,inverse_points_preserve_position
2006,2006-09,9,3,23,The Young and the Restless,23.0,yearendMASTER-chartcalcs.ods,2006yearend,62,13,inverse_points_preserve_position
2006,2006-09,9,4,22,Code LYOKO,22.0,yearendMASTER-chartcalcs.ods,2006yearend,19,13,inverse_points_preserve_position
2006,2006-09,9,5,21,Chobits,21.0,yearendMASTER-chartcalcs.ods,2006yearend,17,13,inverse_points_preserve_position
2006,2006-09,9,6,20,Zatch Bell,20.0,yearendMASTER-chartcalcs.ods,2006yearend,70,13,inverse_points_preserve_position
2006,2006-09,9,7,19,Case Closed,19.0,yearendMASTER-chartcalcs.ods,2006yearend,16,13,inverse_points_preserve_position
2006,2006-09,9,8,18,Pimp My Ride,18.0,yearendMASTER-chartcalcs.ods,2006yearend,47,13,inverse_points_preserve_position
2006,2006-09,9,9,17,Naruto,17.0,yearendMASTER-chartcalcs.ods,2006yearend,41,13,inverse_points_preserve_position
2006,2006-09,9,10,16,Bulls & Bears,16.0,yearendMASTER-chartcalcs.ods,2006yearend,15,13,inverse_points_preserve_position
2006,2006-09,9,11,15,Samurai Deeper Kyo,15.0,yearendMASTER-chartcalcs.ods,2006yearend,52,13,inverse_points_preserve_position
2006,2006-09,9,12,14,Chrono Crusade,14.0,yearendMASTER-chartcalcs.ods,2006yearend,18,13,inverse_points_preserve_position
2006,2006-09,9,13,13,Blue Gender,13.0,yearendMASTER-chartcalcs.ods,2006yearend,14,13,inverse_points_preserve_position
2006,2006-09,9,14,12,Fruits Basket,12.0,yearendMASTER-chartcalcs.ods,2006yearend,26,13,inverse_points_preserve_position
2006,2006-09,9,15,11,Mew Mew Power,11.0,yearendMASTER-chartcalcs.ods,2006yearend,39,13,inverse_points_preserve_position
2006,2006-09,9,16,10,Days of Our Lives,10.0,yearendMASTER-chartcalcs.ods,2006yearend,20,13,inverse_points_preserve_position
2006,2006-09,9,17,9,IGPX: Immortal Grand Prix,9.0,yearendMASTER-chartcalcs.ods,2006yearend,32,13,inverse_points_preserve_position
2006,2006-09,9,18,8,Vandread,8.0,yearendMASTER-chartcalcs.ods,2006yearend,65,13,inverse_points_preserve_position
2006,2006-09,9,19,7,Franklin,7.0,yearendMASTER-chartcalcs.ods,2006yearend,25,13,inverse_points_preserve_position
2006,2006-09,9,20,6,Gokusen,6.0,yearendMASTER-chartcalcs.ods,2006yearend,29,13,inverse_points_preserve_position
2006,2006-09,9,21,5,Samurai 7,5.0,yearendMASTER-chartcalcs.ods,2006yearend,50,13,inverse_points_preserve_position
2006,2006-09,9,22,4,Oban Star Racers,4.0,yearendMASTER-chartcalcs.ods,2006yearend,44,13,inverse_points_preserve_position
2006,2006-09,9,23,3,WWE Raw,3.0,yearendMASTER-chartcalcs.ods,2006yearend,67,13,inverse_points_preserve_position
2006,2006-09,9,24,2,Divorce Court,2.0,yearendMASTER-chartcalcs.ods,2006yearend,23,13,inverse_points_preserve_position
2006,2006-09,9,25,1,Law & Order: Special Victims Unit,1.0,yearendMASTER-chartcalcs.ods,2006yearend,36,13,inverse_points_preserve_position
2006,2006-10,10,1,25,Negima,25.0,yearendMASTER-chartcalcs.ods,2006yearend,42,14,inverse_points_preserve_position
2006,2006-10,10,2,24,Peacemaker Kurogane,24.0,yearendMASTER-chartcalcs.ods,2006yearend,46,14,inverse_points_preserve_position
2006,2006-10,10,3,23,Bulls & Bears,23.0,yearendMASTER-chartcalcs.ods,2006yearend,15,14,inverse_points_preserve_position
2006,2006-10,10,4,22,Spiral,22.0,yearendMASTER-chartcalcs.ods,2006yearend,55,14,inverse_points_preserve_position
2006,2006-10,10,5,21,Chobits,21.0,yearendMASTER-chartcalcs.ods,2006yearend,17,14,inverse_points_preserve_position
2006,2006-10,10,6,20,The Young and the Restless,20.0,yearendMASTER-chartcalcs.ods,2006yearend,62,14,inverse_points_preserve_position
2006,2006-10,10,7,19,Blue Gender,19.0,yearendMASTER-chartcalcs.ods,2006yearend,14,14,inverse_points_preserve_position
2006,2006-10,10,8,18,Trinity Blood,18.0,yearendMASTER-chartcalcs.ods,2006yearend,64,14,inverse_points_preserve_position
2006,2006-10,10,9,17,Case Closed,17.0,yearendMASTER-chartcalcs.ods,2006yearend,16,14,inverse_points_preserve_position
2006,2006-10,10,10,16,Fruits Basket,16.0,yearendMASTER-chartcalcs.ods,2006yearend,26,14,inverse_points_preserve_position
2006,2006-10,10,11,15,Kodocha,15.0,yearendMASTER-chartcalcs.ods,2006yearend,35,14,inverse_points_preserve_position
2006,2006-10,10,12,14,The Wire,14.0,yearendMASTER-chartcalcs.ods,2006yearend,61,14,inverse_points_preserve_position
2006,2006-10,10,13,13,Divorce Court,13.0,yearendMASTER-chartcalcs.ods,2006yearend,23,14,inverse_points_preserve_position
2006,2006-10,10,14,12,Pimp My Ride,12.0,yearendMASTER-chartcalcs.ods,2006yearend,47,14,inverse_points_preserve_position
2006,2006-10,10,15,11,Code LYOKO,11.0,yearendMASTER-chartcalcs.ods,2006yearend,19,14,inverse_points_preserve_position
2006,2006-10,10,16,10,Days of Our Lives,10.0,yearendMASTER-chartcalcs.ods,2006yearend,20,14,inverse_points_preserve_position
2006,2006-10,10,17,9,Babar,9.0,yearendMASTER-chartcalcs.ods,2006yearend,11,14,inverse_points_preserve_position
2006,2006-10,10,18,8,Yu Yu Hakusho,8.0,yearendMASTER-chartcalcs.ods,2006yearend,69,14,inverse_points_preserve_position
2006,2006-10,10,19,7,Naruto,7.0,yearendMASTER-chartcalcs.ods,2006yearend,41,14,inverse_points_preserve_position
2006,2006-10,10,20,6,Chrono Crusade,6.0,yearendMASTER-chartcalcs.ods,2006yearend,18,14,inverse_points_preserve_position
2006,2006-10,10,21,5,Zatch Bell,5.0,yearendMASTER-chartcalcs.ods,2006yearend,70,14,inverse_points_preserve_position
2006,2006-10,10,22,4,Oban Star Racers,4.0,yearendMASTER-chartcalcs.ods,2006yearend,44,14,inverse_points_preserve_position
2006,2006-10,10,23,3,Law & Order: Special Victims Unit,3.0,yearendMASTER-chartcalcs.ods,2006yearend,36,14,inverse_points_preserve_position
2006,2006-10,10,24,2,WWE Raw,2.0,yearendMASTER-chartcalcs.ods,2006yearend,67,14,inverse_points_preserve_position
2006,2006-10,10,25,1,Vandread,1.0,yearendMASTER-chartcalcs.ods,2006yearend,65,14,inverse_points_preserve_position
2006,2006-11,11,1,25,Trinity Blood,25.0,yearendMASTER-chartcalcs.ods,2006yearend,64,15,inverse_points_preserve_position
2006,2006-11,11,2,24,Bulls & Bears,24.0,yearendMASTER-chartcalcs.ods,2006yearend,15,15,inverse_points_preserve_position
2006,2006-11,11,3,23,Negima,23.0,yearendMASTER-chartcalcs.ods,2006yearend,42,15,inverse_points_preserve_position
2006,2006-11,11,4,22,Blue Gender,22.0,yearendMASTER-chartcalcs.ods,2006yearend,14,15,inverse_points_preserve_position
2006,2006-11,11,5,21,Bleach,21.0,yearendMASTER-chartcalcs.ods,2006yearend,13,15,inverse_points_preserve_position
2006,2006-11,11,6,20,Chobits,20.0,yearendMASTER-chartcalcs.ods,2006yearend,17,15,inverse_points_preserve_position
2006,2006-11,11,7,19,Spiral,19.0,yearendMASTER-chartcalcs.ods,2006yearend,55,15,inverse_points_preserve_position
2006,2006-11,11,8,18,Code LYOKO,18.0,yearendMASTER-chartcalcs.ods,2006yearend,19,15,inverse_points_preserve_position
2006,2006-11,11,9,17,Fruits Basket,17.0,yearendMASTER-chartcalcs.ods,2006yearend,26,15,inverse_points_preserve_position
2006,2006-11,11,10,16,Divorce Court,16.0,yearendMASTER-chartcalcs.ods,2006yearend,23,15,inverse_points_preserve_position
2006,2006-11,11,11,15,The Young and the Restless,15.0,yearendMASTER-chartcalcs.ods,2006yearend,62,15,inverse_points_preserve_position
2006,2006-11,11,12,14,Kodocha,14.0,yearendMASTER-chartcalcs.ods,2006yearend,35,15,inverse_points_preserve_position
2006,2006-11,11,13,13,Basilisk,13.0,yearendMASTER-chartcalcs.ods,2006yearend,12,15,inverse_points_preserve_position
2006,2006-11,11,14,12,Peacemaker Kurogane,12.0,yearendMASTER-chartcalcs.ods,2006yearend,46,15,inverse_points_preserve_position
2006,2006-11,11,15,11,Case Closed,11.0,yearendMASTER-chartcalcs.ods,2006yearend,16,15,inverse_points_preserve_position
2006,2006-11,11,16,10,Kiddy Grade,10.0,yearendMASTER-chartcalcs.ods,2006yearend,34,15,inverse_points_preserve_position
2006,2006-11,11,17,9,Days of Our Lives,9.0,yearendMASTER-chartcalcs.ods,2006yearend,20,15,inverse_points_preserve_position
2006,2006-11,11,18,8,Babar,8.0,yearendMASTER-chartcalcs.ods,2006yearend,11,15,inverse_points_preserve_position
2006,2006-11,11,19,7,The Galaxy Railways,7.0,yearendMASTER-chartcalcs.ods,2006yearend,59,15,inverse_points_preserve_position
2006,2006-11,11,20,6,Def Comedy Jam,6.0,yearendMASTER-chartcalcs.ods,2006yearend,21,15,inverse_points_preserve_position
2006,2006-11,11,21,5,Law & Order: Special Victims Unit,5.0,yearendMASTER-chartcalcs.ods,2006yearend,36,15,inverse_points_preserve_position
2006,2006-11,11,22,4,Zatch Bell,4.0,yearendMASTER-chartcalcs.ods,2006yearend,70,15,inverse_points_preserve_position
2006,2006-11,11,23,3,Yu Yu Hakusho,3.0,yearendMASTER-chartcalcs.ods,2006yearend,69,15,inverse_points_preserve_position
2006,2006-11,11,24,2,WWE Raw,2.0,yearendMASTER-chartcalcs.ods,2006yearend,67,15,inverse_points_preserve_position
2006,2006-11,11,25,1,Chrono Crusade,1.0,yearendMASTER-chartcalcs.ods,2006yearend,18,15,inverse_points_preserve_position
2006,2006-12,12,1,25,Negima,25.0,yearendMASTER-chartcalcs.ods,2006yearend,42,16,inverse_points_preserve_position
2006,2006-12,12,2,24,Bleach,24.0,yearendMASTER-chartcalcs.ods,2006yearend,13,16,inverse_points_preserve_position
2006,2006-12,12,3,23,Bulls & Bears,23.0,yearendMASTER-chartcalcs.ods,2006yearend,15,16,inverse_points_preserve_position
2006,2006-12,12,4,22,Trinity Blood,22.0,yearendMASTER-chartcalcs.ods,2006yearend,64,16,inverse_points_preserve_position
2006,2006-12,12,5,21,Blue Gender,21.0,yearendMASTER-chartcalcs.ods,2006yearend,14,16,inverse_points_preserve_position
2006,2006-12,12,6,20,Def Comedy Jam,20.0,yearendMASTER-chartcalcs.ods,2006yearend,21,16,inverse_points_preserve_position
2006,2006-12,12,7,19,Horseland,19.0,yearendMASTER-chartcalcs.ods,2006yearend,30,16,inverse_points_preserve_position
2006,2006-12,12,8,18,Samurai 7,18.0,yearendMASTER-chartcalcs.ods,2006yearend,50,16,inverse_points_preserve_position
2006,2006-12,12,9,17,Law & Order: Special Victims Unit,17.0,yearendMASTER-chartcalcs.ods,2006yearend,36,16,inverse_points_preserve_position
2006,2006-12,12,10,16,Moon Phase,16.0,yearendMASTER-chartcalcs.ods,2006yearend,40,16,inverse_points_preserve_position
2006,2006-12,12,11,15,Spiral,15.0,yearendMASTER-chartcalcs.ods,2006yearend,55,16,inverse_points_preserve_position
2006,2006-12,12,12,14,.hack//Roots,14.0,yearendMASTER-chartcalcs.ods,2006yearend,10,16,inverse_points_preserve_position
2006,2006-12,12,13,13,Kodocha,13.0,yearendMASTER-chartcalcs.ods,2006yearend,35,16,inverse_points_preserve_position
2006,2006-12,12,14,12,Divorce Court,12.0,yearendMASTER-chartcalcs.ods,2006yearend,23,16,inverse_points_preserve_position
2006,2006-12,12,15,11,Days of Our Lives,11.0,yearendMASTER-chartcalcs.ods,2006yearend,20,16,inverse_points_preserve_position
2006,2006-12,12,16,10,Chobits,10.0,yearendMASTER-chartcalcs.ods,2006yearend,17,16,inverse_points_preserve_position
2006,2006-12,12,17,9,Fruits Basket,9.0,yearendMASTER-chartcalcs.ods,2006yearend,26,16,inverse_points_preserve_position
2006,2006-12,12,18,8,Kiddy Grade,8.0,yearendMASTER-chartcalcs.ods,2006yearend,34,16,inverse_points_preserve_position
2006,2006-12,12,19,7,Code LYOKO,7.0,yearendMASTER-chartcalcs.ods,2006yearend,19,16,inverse_points_preserve_position
2006,2006-12,12,20,6,Chrono Crusade,6.0,yearendMASTER-chartcalcs.ods,2006yearend,18,16,inverse_points_preserve_position
2006,2006-12,12,21,5,The Young and the Restless,5.0,yearendMASTER-chartcalcs.ods,2006yearend,62,16,inverse_points_preserve_position
2006,2006-12,12,22,4,Yu Yu Hakusho,4.0,yearendMASTER-chartcalcs.ods,2006yearend,69,16,inverse_points_preserve_position
2006,2006-12,12,23,3,Basilisk,3.0,yearendMASTER-chartcalcs.ods,2006yearend,12,16,inverse_points_preserve_position
2006,2006-12,12,24,2,Peacemaker Kurogane,2.0,yearendMASTER-chartcalcs.ods,2006yearend,46,16,inverse_points_preserve_position
2006,2006-12,12,25,1,The Galaxy Railways,1.0,yearendMASTER-chartcalcs.ods,2006yearend,59,16,inverse_points_preserve_position
2007,2007-01,1,1,25,.hack//Roots,25.0,yearendMASTER-chartcalcs.ods,2007yearend,10,5,inverse_points_preserve_position
2007,2007-01,1,2,24,Negima,24.0,yearendMASTER-chartcalcs.ods,2007yearend,51,5,inverse_points_preserve_position
2007,2007-01,1,3,23,Moon Phase,23.0,yearendMASTER-chartcalcs.ods,2007yearend,48,5,inverse_points_preserve_position
2007,2007-01,1,4,22,Horseland,22.0,yearendMASTER-chartcalcs.ods,2007yearend,37,5,inverse_points_preserve_position
2007,2007-01,1,5,21,Bleach,21.0,yearendMASTER-chartcalcs.ods,2007yearend,14,5,inverse_points_preserve_position
2007,2007-01,1,6,20,Noir,20.0,yearendMASTER-chartcalcs.ods,2007yearend,53,5,inverse_points_preserve_position
2007,2007-01,1,7,19,Bulls & Bears,19.0,yearendMASTER-chartcalcs.ods,2007yearend,18,5,inverse_points_preserve_position
2007,2007-01,1,8,18,Law & Order: Special Victims Unit,18.0,yearendMASTER-chartcalcs.ods,2007yearend,43,5,inverse_points_preserve_position
2007,2007-01,1,9,17,Silverwing,17.0,yearendMASTER-chartcalcs.ods,2007yearend,59,5,inverse_points_preserve_position
2007,2007-01,1,10,16,Spiral,16.0,yearendMASTER-chartcalcs.ods,2007yearend,64,5,inverse_points_preserve_position
2007,2007-01,1,11,15,Samurai 7,15.0,yearendMASTER-chartcalcs.ods,2007yearend,57,5,inverse_points_preserve_position
2007,2007-01,1,12,14,Trinity Blood,14.0,yearendMASTER-chartcalcs.ods,2007yearend,68,5,inverse_points_preserve_position
2007,2007-01,1,13,13,MÄR: Marchen Awakens Romance,13.0,yearendMASTER-chartcalcs.ods,2007yearend,44,5,inverse_points_preserve_position
2007,2007-01,1,14,12,InuYasha,12.0,yearendMASTER-chartcalcs.ods,2007yearend,38,5,inverse_points_preserve_position
2007,2007-01,1,15,11,Blue Gender,11.0,yearendMASTER-chartcalcs.ods,2007yearend,16,5,inverse_points_preserve_position
2007,2007-01,1,16,10,Divorce Court,10.0,yearendMASTER-chartcalcs.ods,2007yearend,30,5,inverse_points_preserve_position
2007,2007-01,1,17,9,Chrono Crusade,9.0,yearendMASTER-chartcalcs.ods,2007yearend,22,5,inverse_points_preserve_position
2007,2007-01,1,18,8,Days of Our Lives,8.0,yearendMASTER-chartcalcs.ods,2007yearend,26,5,inverse_points_preserve_position
2007,2007-01,1,19,7,Chobits,7.0,yearendMASTER-chartcalcs.ods,2007yearend,21,5,inverse_points_preserve_position
2007,2007-01,1,20,6,Fruits Basket,6.0,yearendMASTER-chartcalcs.ods,2007yearend,31,5,inverse_points_preserve_position
2007,2007-01,1,21,5,Kiddy Grade,5.0,yearendMASTER-chartcalcs.ods,2007yearend,40,5,inverse_points_preserve_position
2007,2007-01,1,22,4,Vandread,4.0,yearendMASTER-chartcalcs.ods,2007yearend,70,5,inverse_points_preserve_position
2007,2007-01,1,23,3,Kodocha,3.0,yearendMASTER-chartcalcs.ods,2007yearend,41,5,inverse_points_preserve_position
2007,2007-01,1,24,2,The Young and the Restless,2.0,yearendMASTER-chartcalcs.ods,2007yearend,67,5,inverse_points_preserve_position
2007,2007-01,1,25,1,Basilisk,1.0,yearendMASTER-chartcalcs.ods,2007yearend,12,5,inverse_points_preserve_position
2007,2007-02,2,1,25,Bleach,25.0,yearendMASTER-chartcalcs.ods,2007yearend,14,6,inverse_points_preserve_position
2007,2007-02,2,2,24,Gunslinger Girl,24.0,yearendMASTER-chartcalcs.ods,2007yearend,35,6,inverse_points_preserve_position
2007,2007-02,2,3,23,Law & Order: Special Victims Unit,23.0,yearendMASTER-chartcalcs.ods,2007yearend,43,6,inverse_points_preserve_position
2007,2007-02,2,4,22,Horseland,22.0,yearendMASTER-chartcalcs.ods,2007yearend,37,6,inverse_points_preserve_position
2007,2007-02,2,5,21,Kiddy Grade,21.0,yearendMASTER-chartcalcs.ods,2007yearend,40,6,inverse_points_preserve_position
2007,2007-02,2,6,20,Negima,20.0,yearendMASTER-chartcalcs.ods,2007yearend,51,6,inverse_points_preserve_position
2007,2007-02,2,7,19,MÄR: Marchen Awakens Romance,19.0,yearendMASTER-chartcalcs.ods,2007yearend,44,6,inverse_points_preserve_position
2007,2007-02,2,8,18,Moon Phase,18.0,yearendMASTER-chartcalcs.ods,2007yearend,48,6,inverse_points_preserve_position
2007,2007-02,2,9,17,.hack//Roots,17.0,yearendMASTER-chartcalcs.ods,2007yearend,10,6,inverse_points_preserve_position
2007,2007-02,2,10,16,Trinity Blood,16.0,yearendMASTER-chartcalcs.ods,2007yearend,68,6,inverse_points_preserve_position
2007,2007-02,2,11,15,Noir,15.0,yearendMASTER-chartcalcs.ods,2007yearend,53,6,inverse_points_preserve_position
2007,2007-02,2,12,14,Spiral,14.0,yearendMASTER-chartcalcs.ods,2007yearend,64,6,inverse_points_preserve_position
2007,2007-02,2,13,13,Divorce Court,13.0,yearendMASTER-chartcalcs.ods,2007yearend,30,6,inverse_points_preserve_position
2007,2007-02,2,14,12,Chobits,12.0,yearendMASTER-chartcalcs.ods,2007yearend,21,6,inverse_points_preserve_position
2007,2007-02,2,15,11,Galaxy Angel,11.0,yearendMASTER-chartcalcs.ods,2007yearend,33,6,inverse_points_preserve_position
2007,2007-02,2,16,10,Basilisk,10.0,yearendMASTER-chartcalcs.ods,2007yearend,12,6,inverse_points_preserve_position
2007,2007-02,2,17,9,InuYasha,9.0,yearendMASTER-chartcalcs.ods,2007yearend,38,6,inverse_points_preserve_position
2007,2007-02,2,18,8,Silverwing,8.0,yearendMASTER-chartcalcs.ods,2007yearend,59,6,inverse_points_preserve_position
2007,2007-02,2,19,7,Bulls & Bears,7.0,yearendMASTER-chartcalcs.ods,2007yearend,18,6,inverse_points_preserve_position
2007,2007-02,2,20,6,Days of Our Lives,6.0,yearendMASTER-chartcalcs.ods,2007yearend,26,6,inverse_points_preserve_position
2007,2007-02,2,21,5,Blue Gender,5.0,yearendMASTER-chartcalcs.ods,2007yearend,16,6,inverse_points_preserve_position
2007,2007-02,2,22,4,Fruits Basket,4.0,yearendMASTER-chartcalcs.ods,2007yearend,31,6,inverse_points_preserve_position
2007,2007-02,2,23,3,Chrono Crusade,3.0,yearendMASTER-chartcalcs.ods,2007yearend,22,6,inverse_points_preserve_position
2007,2007-02,2,24,2,The Young and the Restless,2.0,yearendMASTER-chartcalcs.ods,2007yearend,67,6,inverse_points_preserve_position
2007,2007-02,2,25,1,Naruto,1.0,yearendMASTER-chartcalcs.ods,2007yearend,50,6,inverse_points_preserve_position
2007,2007-03,3,1,25,Gunslinger Girl,25.0,yearendMASTER-chartcalcs.ods,2007yearend,35,7,inverse_points_preserve_position
2007,2007-03,3,2,24,Kiddy Grade,24.0,yearendMASTER-chartcalcs.ods,2007yearend,40,7,inverse_points_preserve_position
2007,2007-03,3,3,23,Bleach,23.0,yearendMASTER-chartcalcs.ods,2007yearend,14,7,inverse_points_preserve_position
2007,2007-03,3,4,22,Trinity Blood,22.0,yearendMASTER-chartcalcs.ods,2007yearend,68,7,inverse_points_preserve_position
2007,2007-03,3,5,21,Basilisk,21.0,yearendMASTER-chartcalcs.ods,2007yearend,12,7,inverse_points_preserve_position
2007,2007-03,3,6,20,Divorce Court,20.0,yearendMASTER-chartcalcs.ods,2007yearend,30,7,inverse_points_preserve_position
2007,2007-03,3,7,19,Negima,19.0,yearendMASTER-chartcalcs.ods,2007yearend,51,7,inverse_points_preserve_position
2007,2007-03,3,8,18,.hack//Roots,18.0,yearendMASTER-chartcalcs.ods,2007yearend,10,7,inverse_points_preserve_position
2007,2007-03,3,9,17,MÄR: Marchen Awakens Romance,17.0,yearendMASTER-chartcalcs.ods,2007yearend,44,7,inverse_points_preserve_position
2007,2007-03,3,10,16,Law & Order: Special Victims Unit,16.0,yearendMASTER-chartcalcs.ods,2007yearend,43,7,inverse_points_preserve_position
2007,2007-03,3,11,15,Ghost Hunt,15.0,yearendMASTER-chartcalcs.ods,2007yearend,34,7,inverse_points_preserve_position
2007,2007-03,3,12,14,Spiral,14.0,yearendMASTER-chartcalcs.ods,2007yearend,64,7,inverse_points_preserve_position
2007,2007-03,3,13,13,Digimon,13.0,yearendMASTER-chartcalcs.ods,2007yearend,28,7,inverse_points_preserve_position
2007,2007-03,3,14,12,Moon Phase,12.0,yearendMASTER-chartcalcs.ods,2007yearend,48,7,inverse_points_preserve_position
2007,2007-03,3,15,11,Horseland,11.0,yearendMASTER-chartcalcs.ods,2007yearend,37,7,inverse_points_preserve_position
2007,2007-03,3,16,10,Noir,10.0,yearendMASTER-chartcalcs.ods,2007yearend,53,7,inverse_points_preserve_position
2007,2007-03,3,17,9,Hanoka,9.0,yearendMASTER-chartcalcs.ods,2007yearend,36,7,inverse_points_preserve_position
2007,2007-03,3,18,8,InuYasha,8.0,yearendMASTER-chartcalcs.ods,2007yearend,38,7,inverse_points_preserve_position
2007,2007-03,3,19,7,Galaxy Angel,7.0,yearendMASTER-chartcalcs.ods,2007yearend,33,7,inverse_points_preserve_position
2007,2007-03,3,20,6,Chobits,6.0,yearendMASTER-chartcalcs.ods,2007yearend,21,7,inverse_points_preserve_position
2007,2007-03,3,21,5,The Young and the Restless,5.0,yearendMASTER-chartcalcs.ods,2007yearend,67,7,inverse_points_preserve_position
2007,2007-03,3,22,4,Case Closed,4.0,yearendMASTER-chartcalcs.ods,2007yearend,20,7,inverse_points_preserve_position
2007,2007-03,3,23,3,Days of Our Lives,3.0,yearendMASTER-chartcalcs.ods,2007yearend,26,7,inverse_points_preserve_position
2007,2007-03,3,24,2,Blue Gender,2.0,yearendMASTER-chartcalcs.ods,2007yearend,16,7,inverse_points_preserve_position
2007,2007-03,3,25,1,Chrono Crusade,1.0,yearendMASTER-chartcalcs.ods,2007yearend,22,7,inverse_points_preserve_position
2007,2007-04,4,1,25,Kiddy Grade,25.0,yearendMASTER-chartcalcs.ods,2007yearend,40,8,inverse_points_preserve_position
2007,2007-04,4,2,24,Gunslinger Girl,24.0,yearendMASTER-chartcalcs.ods,2007yearend,35,8,inverse_points_preserve_position
2007,2007-04,4,3,23,.hack//Roots,23.0,yearendMASTER-chartcalcs.ods,2007yearend,10,8,inverse_points_preserve_position
2007,2007-04,4,4,22,Divorce Court,22.0,yearendMASTER-chartcalcs.ods,2007yearend,30,8,inverse_points_preserve_position
2007,2007-04,4,5,21,Bleach,21.0,yearendMASTER-chartcalcs.ods,2007yearend,14,8,inverse_points_preserve_position
2007,2007-04,4,6,20,Negima,20.0,yearendMASTER-chartcalcs.ods,2007yearend,51,8,inverse_points_preserve_position
2007,2007-04,4,7,19,Ghost Hunt,19.0,yearendMASTER-chartcalcs.ods,2007yearend,34,8,inverse_points_preserve_position
2007,2007-04,4,8,18,Blood+,18.0,yearendMASTER-chartcalcs.ods,2007yearend,15,8,inverse_points_preserve_position
2007,2007-04,4,9,17,Moon Phase,17.0,yearendMASTER-chartcalcs.ods,2007yearend,48,8,inverse_points_preserve_position
2007,2007-04,4,10,16,Digimon,16.0,yearendMASTER-chartcalcs.ods,2007yearend,28,8,inverse_points_preserve_position
2007,2007-04,4,11,15,Basilisk,15.0,yearendMASTER-chartcalcs.ods,2007yearend,12,8,inverse_points_preserve_position
2007,2007-04,4,12,14,InuYasha,14.0,yearendMASTER-chartcalcs.ods,2007yearend,38,8,inverse_points_preserve_position
2007,2007-04,4,13,13,The Young and the Restless,13.0,yearendMASTER-chartcalcs.ods,2007yearend,67,8,inverse_points_preserve_position
2007,2007-04,4,14,12,Trinity Blood,12.0,yearendMASTER-chartcalcs.ods,2007yearend,68,8,inverse_points_preserve_position
2007,2007-04,4,15,11,Law & Order: Special Victims Unit,11.0,yearendMASTER-chartcalcs.ods,2007yearend,43,8,inverse_points_preserve_position
2007,2007-04,4,16,10,Spiral,10.0,yearendMASTER-chartcalcs.ods,2007yearend,64,8,inverse_points_preserve_position
2007,2007-04,4,17,9,Case Closed,9.0,yearendMASTER-chartcalcs.ods,2007yearend,20,8,inverse_points_preserve_position
2007,2007-04,4,18,8,MÄR: Marchen Awakens Romance,8.0,yearendMASTER-chartcalcs.ods,2007yearend,44,8,inverse_points_preserve_position
2007,2007-04,4,19,7,Solty Rei,7.0,yearendMASTER-chartcalcs.ods,2007yearend,62,8,inverse_points_preserve_position
2007,2007-04,4,20,6,Chobits,6.0,yearendMASTER-chartcalcs.ods,2007yearend,21,8,inverse_points_preserve_position
2007,2007-04,4,21,5,Horseland,5.0,yearendMASTER-chartcalcs.ods,2007yearend,37,8,inverse_points_preserve_position
2007,2007-04,4,22,4,Hanoka,4.0,yearendMASTER-chartcalcs.ods,2007yearend,36,8,inverse_points_preserve_position
2007,2007-04,4,23,3,Noir,3.0,yearendMASTER-chartcalcs.ods,2007yearend,53,8,inverse_points_preserve_position
2007,2007-04,4,24,2,Galaxy Angel,2.0,yearendMASTER-chartcalcs.ods,2007yearend,33,8,inverse_points_preserve_position
2007,2007-04,4,25,1,Chrono Crusade,1.0,yearendMASTER-chartcalcs.ods,2007yearend,22,8,inverse_points_preserve_position
2007,2007-05,5,1,25,Da Capo,25.0,yearendMASTER-chartcalcs.ods,2007yearend,25,9,inverse_points_preserve_position
2007,2007-05,5,2,24,Bottle Fairy,24.0,yearendMASTER-chartcalcs.ods,2007yearend,17,9,inverse_points_preserve_position
2007,2007-05,5,3,23,Case Closed,23.0,yearendMASTER-chartcalcs.ods,2007yearend,20,9,inverse_points_preserve_position
2007,2007-05,5,4,22,Blood+,22.0,yearendMASTER-chartcalcs.ods,2007yearend,15,9,inverse_points_preserve_position
2007,2007-05,5,5,21,Divorce Court,21.0,yearendMASTER-chartcalcs.ods,2007yearend,30,9,inverse_points_preserve_position
2007,2007-05,5,6,20,Bleach,20.0,yearendMASTER-chartcalcs.ods,2007yearend,14,9,inverse_points_preserve_position
2007,2007-05,5,7,19,.hack//Roots,19.0,yearendMASTER-chartcalcs.ods,2007yearend,10,9,inverse_points_preserve_position
2007,2007-05,5,8,18,Ghost Hunt,18.0,yearendMASTER-chartcalcs.ods,2007yearend,34,9,inverse_points_preserve_position
2007,2007-05,5,9,17,Digimon,17.0,yearendMASTER-chartcalcs.ods,2007yearend,28,9,inverse_points_preserve_position
2007,2007-05,5,10,16,Negima,16.0,yearendMASTER-chartcalcs.ods,2007yearend,51,9,inverse_points_preserve_position
2007,2007-05,5,11,15,Spiral,15.0,yearendMASTER-chartcalcs.ods,2007yearend,64,9,inverse_points_preserve_position
2007,2007-05,5,12,14,Kiddy Grade,14.0,yearendMASTER-chartcalcs.ods,2007yearend,40,9,inverse_points_preserve_position
2007,2007-05,5,13,13,Moon Phase,13.0,yearendMASTER-chartcalcs.ods,2007yearend,48,9,inverse_points_preserve_position
2007,2007-05,5,14,12,Countdown with Keith Olbermann,12.0,yearendMASTER-chartcalcs.ods,2007yearend,24,9,inverse_points_preserve_position
2007,2007-05,5,15,11,Chrono Crusade,11.0,yearendMASTER-chartcalcs.ods,2007yearend,22,9,inverse_points_preserve_position
2007,2007-05,5,16,10,Gunslinger Girl,10.0,yearendMASTER-chartcalcs.ods,2007yearend,35,9,inverse_points_preserve_position
2007,2007-05,5,17,9,The Bad Boys of Comedy,9.0,yearendMASTER-chartcalcs.ods,2007yearend,65,9,inverse_points_preserve_position
2007,2007-05,5,18,8,Solty Rei,8.0,yearendMASTER-chartcalcs.ods,2007yearend,62,9,inverse_points_preserve_position
2007,2007-05,5,19,7,The Young and the Restless,7.0,yearendMASTER-chartcalcs.ods,2007yearend,67,9,inverse_points_preserve_position
2007,2007-05,5,20,6,Law & Order: Special Victims Unit,6.0,yearendMASTER-chartcalcs.ods,2007yearend,43,9,inverse_points_preserve_position
2007,2007-05,5,21,5,Trinity Blood,5.0,yearendMASTER-chartcalcs.ods,2007yearend,68,9,inverse_points_preserve_position
2007,2007-05,5,22,4,MÄR: Marchen Awakens Romance,4.0,yearendMASTER-chartcalcs.ods,2007yearend,44,9,inverse_points_preserve_position
2007,2007-05,5,23,3,InuYasha,3.0,yearendMASTER-chartcalcs.ods,2007yearend,38,9,inverse_points_preserve_position
2007,2007-05,5,24,2,Noir,2.0,yearendMASTER-chartcalcs.ods,2007yearend,53,9,inverse_points_preserve_position
2007,2007-05,5,25,1,Chobits,1.0,yearendMASTER-chartcalcs.ods,2007yearend,21,9,inverse_points_preserve_position
2007,2007-06,6,1,25,sola,25.0,yearendMASTER-chartcalcs.ods,2007yearend,61,10,inverse_points_preserve_position
2007,2007-06,6,2,24,Blood+,24.0,yearendMASTER-chartcalcs.ods,2007yearend,15,10,inverse_points_preserve_position
2007,2007-06,6,3,23,World of Narue,23.0,yearendMASTER-chartcalcs.ods,2007yearend,71,10,inverse_points_preserve_position
2007,2007-06,6,4,22,Bottle Fairy,22.0,yearendMASTER-chartcalcs.ods,2007yearend,17,10,inverse_points_preserve_position
2007,2007-06,6,5,21,Moon Phase,21.0,yearendMASTER-chartcalcs.ods,2007yearend,48,10,inverse_points_preserve_position
2007,2007-06,6,6,20,Da Capo,20.0,yearendMASTER-chartcalcs.ods,2007yearend,25,10,inverse_points_preserve_position
2007,2007-06,6,7,19,Divorce Court,19.0,yearendMASTER-chartcalcs.ods,2007yearend,30,10,inverse_points_preserve_position
2007,2007-06,6,8,18,Chrono Crusade,18.0,yearendMASTER-chartcalcs.ods,2007yearend,22,10,inverse_points_preserve_position
2007,2007-06,6,9,17,Countdown with Keith Olbermann,17.0,yearendMASTER-chartcalcs.ods,2007yearend,24,10,inverse_points_preserve_position
2007,2007-06,6,10,16,Negima,16.0,yearendMASTER-chartcalcs.ods,2007yearend,51,10,inverse_points_preserve_position
2007,2007-06,6,11,15,.hack//Roots,15.0,yearendMASTER-chartcalcs.ods,2007yearend,10,10,inverse_points_preserve_position
2007,2007-06,6,12,14,Ghost Hunt,14.0,yearendMASTER-chartcalcs.ods,2007yearend,34,10,inverse_points_preserve_position
2007,2007-06,6,13,13,Bleach,13.0,yearendMASTER-chartcalcs.ods,2007yearend,14,10,inverse_points_preserve_position
2007,2007-06,6,14,12,Mirage of Blaze,12.0,yearendMASTER-chartcalcs.ods,2007yearend,47,10,inverse_points_preserve_position
2007,2007-06,6,15,11,Digimon,11.0,yearendMASTER-chartcalcs.ods,2007yearend,28,10,inverse_points_preserve_position
2007,2007-06,6,16,10,Trinity Blood,10.0,yearendMASTER-chartcalcs.ods,2007yearend,68,10,inverse_points_preserve_position
2007,2007-06,6,17,9,Real Time with Bill Maher,9.0,yearendMASTER-chartcalcs.ods,2007yearend,54,10,inverse_points_preserve_position
2007,2007-06,6,18,8,Solty Rei,8.0,yearendMASTER-chartcalcs.ods,2007yearend,62,10,inverse_points_preserve_position
2007,2007-06,6,19,7,Spiral,7.0,yearendMASTER-chartcalcs.ods,2007yearend,64,10,inverse_points_preserve_position
2007,2007-06,6,20,6,Kiddy Grade,6.0,yearendMASTER-chartcalcs.ods,2007yearend,40,10,inverse_points_preserve_position
2007,2007-06,6,21,5,Gunslinger Girl,5.0,yearendMASTER-chartcalcs.ods,2007yearend,35,10,inverse_points_preserve_position
2007,2007-06,6,22,4,The Young and the Restless,4.0,yearendMASTER-chartcalcs.ods,2007yearend,67,10,inverse_points_preserve_position
2007,2007-06,6,23,3,InuYasha,3.0,yearendMASTER-chartcalcs.ods,2007yearend,38,10,inverse_points_preserve_position
2007,2007-06,6,24,2,Law & Order: Special Victims Unit,2.0,yearendMASTER-chartcalcs.ods,2007yearend,43,10,inverse_points_preserve_position
2007,2007-06,6,25,1,Sonic X,1.0,yearendMASTER-chartcalcs.ods,2007yearend,63,10,inverse_points_preserve_position
2007,2007-07,7,1,25,Real Time with Bill Maher,25.0,yearendMASTER-chartcalcs.ods,2007yearend,54,11,inverse_points_preserve_position
2007,2007-07,7,2,24,sola,24.0,yearendMASTER-chartcalcs.ods,2007yearend,61,11,inverse_points_preserve_position
2007,2007-07,7,3,23,Moon Phase,23.0,yearendMASTER-chartcalcs.ods,2007yearend,48,11,inverse_points_preserve_position
2007,2007-07,7,4,22,Blood+,22.0,yearendMASTER-chartcalcs.ods,2007yearend,15,11,inverse_points_preserve_position
2007,2007-07,7,5,21,Trinity Blood,21.0,yearendMASTER-chartcalcs.ods,2007yearend,68,11,inverse_points_preserve_position
2007,2007-07,7,6,20,Last Exile,20.0,yearendMASTER-chartcalcs.ods,2007yearend,42,11,inverse_points_preserve_position
2007,2007-07,7,7,19,World of Narue,19.0,yearendMASTER-chartcalcs.ods,2007yearend,71,11,inverse_points_preserve_position
2007,2007-07,7,8,18,.hack//Roots,18.0,yearendMASTER-chartcalcs.ods,2007yearend,10,11,inverse_points_preserve_position
2007,2007-07,7,9,17,Divorce Court,17.0,yearendMASTER-chartcalcs.ods,2007yearend,30,11,inverse_points_preserve_position
2007,2007-07,7,10,16,Naruto,16.0,yearendMASTER-chartcalcs.ods,2007yearend,50,11,inverse_points_preserve_position
2007,2007-07,7,11,15,Da Capo,15.0,yearendMASTER-chartcalcs.ods,2007yearend,25,11,inverse_points_preserve_position
2007,2007-07,7,12,14,Negima,14.0,yearendMASTER-chartcalcs.ods,2007yearend,51,11,inverse_points_preserve_position
2007,2007-07,7,13,13,Samurai 7,13.0,yearendMASTER-chartcalcs.ods,2007yearend,57,11,inverse_points_preserve_position
2007,2007-07,7,14,12,Kiddy Grade,12.0,yearendMASTER-chartcalcs.ods,2007yearend,40,11,inverse_points_preserve_position
2007,2007-07,7,15,11,Ghost Hunt,11.0,yearendMASTER-chartcalcs.ods,2007yearend,34,11,inverse_points_preserve_position
2007,2007-07,7,16,10,Bottle Fairy,10.0,yearendMASTER-chartcalcs.ods,2007yearend,17,11,inverse_points_preserve_position
2007,2007-07,7,17,9,Countdown with Keith Olbermann,9.0,yearendMASTER-chartcalcs.ods,2007yearend,24,11,inverse_points_preserve_position
2007,2007-07,7,18,8,Samurai Deeper Kyo,8.0,yearendMASTER-chartcalcs.ods,2007yearend,58,11,inverse_points_preserve_position
2007,2007-07,7,19,7,Chrono Crusade,7.0,yearendMASTER-chartcalcs.ods,2007yearend,22,11,inverse_points_preserve_position
2007,2007-07,7,20,6,Mirage of Blaze,6.0,yearendMASTER-chartcalcs.ods,2007yearend,47,11,inverse_points_preserve_position
2007,2007-07,7,21,5,Bleach,5.0,yearendMASTER-chartcalcs.ods,2007yearend,14,11,inverse_points_preserve_position
2007,2007-07,7,22,4,Sonic X,4.0,yearendMASTER-chartcalcs.ods,2007yearend,63,11,inverse_points_preserve_position
2007,2007-07,7,23,3,InuYasha,3.0,yearendMASTER-chartcalcs.ods,2007yearend,38,11,inverse_points_preserve_position
2007,2007-07,7,24,2,Rurouni Kenshin,2.0,yearendMASTER-chartcalcs.ods,2007yearend,56,11,inverse_points_preserve_position
2007,2007-07,7,25,1,Spiral,1.0,yearendMASTER-chartcalcs.ods,2007yearend,64,11,inverse_points_preserve_position
2007,2007-08,8,1,25,Last Exile,25.0,yearendMASTER-chartcalcs.ods,2007yearend,42,12,inverse_points_preserve_position
2007,2007-08,8,2,24,Blood+,24.0,yearendMASTER-chartcalcs.ods,2007yearend,15,12,inverse_points_preserve_position
2007,2007-08,8,3,23,Samurai 7,23.0,yearendMASTER-chartcalcs.ods,2007yearend,57,12,inverse_points_preserve_position
2007,2007-08,8,4,22,Trinity Blood,22.0,yearendMASTER-chartcalcs.ods,2007yearend,68,12,inverse_points_preserve_position
2007,2007-08,8,5,21,Real Time with Bill Maher,21.0,yearendMASTER-chartcalcs.ods,2007yearend,54,12,inverse_points_preserve_position
2007,2007-08,8,6,20,Moon Phase,20.0,yearendMASTER-chartcalcs.ods,2007yearend,48,12,inverse_points_preserve_position
2007,2007-08,8,7,19,Divorce Court,19.0,yearendMASTER-chartcalcs.ods,2007yearend,30,12,inverse_points_preserve_position
2007,2007-08,8,8,18,Nagasarete Airantou,18.0,yearendMASTER-chartcalcs.ods,2007yearend,49,12,inverse_points_preserve_position
2007,2007-08,8,9,17,Naruto,17.0,yearendMASTER-chartcalcs.ods,2007yearend,50,12,inverse_points_preserve_position
2007,2007-08,8,10,16,Black Cat,16.0,yearendMASTER-chartcalcs.ods,2007yearend,13,12,inverse_points_preserve_position
2007,2007-08,8,11,15,sola,15.0,yearendMASTER-chartcalcs.ods,2007yearend,61,12,inverse_points_preserve_position
2007,2007-08,8,12,14,Mirage of Blaze,14.0,yearendMASTER-chartcalcs.ods,2007yearend,47,12,inverse_points_preserve_position
2007,2007-08,8,13,13,Rurouni Kenshin,13.0,yearendMASTER-chartcalcs.ods,2007yearend,56,12,inverse_points_preserve_position
2007,2007-08,8,14,12,Countdown with Keith Olbermann,12.0,yearendMASTER-chartcalcs.ods,2007yearend,24,12,inverse_points_preserve_position
2007,2007-08,8,15,11,Negima,11.0,yearendMASTER-chartcalcs.ods,2007yearend,51,12,inverse_points_preserve_position
2007,2007-08,8,16,10,Fullmetal Alchemist,10.0,yearendMASTER-chartcalcs.ods,2007yearend,32,12,inverse_points_preserve_position
2007,2007-08,8,17,9,Kiddy Grade,9.0,yearendMASTER-chartcalcs.ods,2007yearend,40,12,inverse_points_preserve_position
2007,2007-08,8,18,8,World of Narue,8.0,yearendMASTER-chartcalcs.ods,2007yearend,71,12,inverse_points_preserve_position
2007,2007-08,8,19,7,InuYasha,7.0,yearendMASTER-chartcalcs.ods,2007yearend,38,12,inverse_points_preserve_position
2007,2007-08,8,20,6,Bleach,6.0,yearendMASTER-chartcalcs.ods,2007yearend,14,12,inverse_points_preserve_position
2007,2007-08,8,21,5,Samurai Deeper Kyo,5.0,yearendMASTER-chartcalcs.ods,2007yearend,58,12,inverse_points_preserve_position
2007,2007-08,8,22,4,Sonic X,4.0,yearendMASTER-chartcalcs.ods,2007yearend,63,12,inverse_points_preserve_position
2007,2007-08,8,23,3,Da Capo,3.0,yearendMASTER-chartcalcs.ods,2007yearend,25,12,inverse_points_preserve_position
2007,2007-08,8,24,2,Ghost Hunt,2.0,yearendMASTER-chartcalcs.ods,2007yearend,34,12,inverse_points_preserve_position
2007,2007-08,8,25,1,Spiral,1.0,yearendMASTER-chartcalcs.ods,2007yearend,64,12,inverse_points_preserve_position
2007,2007-09,9,1,25,Blood+,25.0,yearendMASTER-chartcalcs.ods,2007yearend,15,13,inverse_points_preserve_position
2007,2007-09,9,2,24,Samurai 7,24.0,yearendMASTER-chartcalcs.ods,2007yearend,57,13,inverse_points_preserve_position
2007,2007-09,9,3,23,Moon Phase,23.0,yearendMASTER-chartcalcs.ods,2007yearend,48,13,inverse_points_preserve_position
2007,2007-09,9,4,22,Real Time with Bill Maher,22.0,yearendMASTER-chartcalcs.ods,2007yearend,54,13,inverse_points_preserve_position
2007,2007-09,9,5,21,Black Cat,21.0,yearendMASTER-chartcalcs.ods,2007yearend,13,13,inverse_points_preserve_position
2007,2007-09,9,6,20,Nagasarete Airantou,20.0,yearendMASTER-chartcalcs.ods,2007yearend,49,13,inverse_points_preserve_position
2007,2007-09,9,7,19,Code LYOKO,19.0,yearendMASTER-chartcalcs.ods,2007yearend,23,13,inverse_points_preserve_position
2007,2007-09,9,8,18,Samurai Deeper Kyo,18.0,yearendMASTER-chartcalcs.ods,2007yearend,58,13,inverse_points_preserve_position
2007,2007-09,9,9,17,Last Exile,17.0,yearendMASTER-chartcalcs.ods,2007yearend,42,13,inverse_points_preserve_position
2007,2007-09,9,10,16,Countdown with Keith Olbermann,16.0,yearendMASTER-chartcalcs.ods,2007yearend,24,13,inverse_points_preserve_position
2007,2007-09,9,11,15,Martin Lawrence's 1st Amendment,15.0,yearendMASTER-chartcalcs.ods,2007yearend,45,13,inverse_points_preserve_position
2007,2007-09,9,12,14,Naruto,14.0,yearendMASTER-chartcalcs.ods,2007yearend,50,13,inverse_points_preserve_position
2007,2007-09,9,13,13,Negima,13.0,yearendMASTER-chartcalcs.ods,2007yearend,51,13,inverse_points_preserve_position
2007,2007-09,9,14,12,Trinity Blood,12.0,yearendMASTER-chartcalcs.ods,2007yearend,68,13,inverse_points_preserve_position
2007,2007-09,9,15,11,Avatar: The Last Airbender,11.0,yearendMASTER-chartcalcs.ods,2007yearend,11,13,inverse_points_preserve_position
2007,2007-09,9,16,10,Rurouni Kenshin,10.0,yearendMASTER-chartcalcs.ods,2007yearend,56,13,inverse_points_preserve_position
2007,2007-09,9,17,9,Divorce Court,9.0,yearendMASTER-chartcalcs.ods,2007yearend,30,13,inverse_points_preserve_position
2007,2007-09,9,18,8,Skyland,8.0,yearendMASTER-chartcalcs.ods,2007yearend,60,13,inverse_points_preserve_position
2007,2007-09,9,19,7,World of Narue,7.0,yearendMASTER-chartcalcs.ods,2007yearend,71,13,inverse_points_preserve_position
2007,2007-09,9,20,6,Fullmetal Alchemist,6.0,yearendMASTER-chartcalcs.ods,2007yearend,32,13,inverse_points_preserve_position
2007,2007-09,9,21,5,Sonic X,5.0,yearendMASTER-chartcalcs.ods,2007yearend,63,13,inverse_points_preserve_position
2007,2007-09,9,22,4,Kiddy Grade,4.0,yearendMASTER-chartcalcs.ods,2007yearend,40,13,inverse_points_preserve_position
2007,2007-09,9,23,3,Spiral,3.0,yearendMASTER-chartcalcs.ods,2007yearend,64,13,inverse_points_preserve_position
2007,2007-09,9,24,2,sola,2.0,yearendMASTER-chartcalcs.ods,2007yearend,61,13,inverse_points_preserve_position
2007,2007-09,9,25,1,Da Capo,1.0,yearendMASTER-chartcalcs.ods,2007yearend,25,13,inverse_points_preserve_position
2007,2007-10,10,1,25,Moon Phase,25.0,yearendMASTER-chartcalcs.ods,2007yearend,48,14,inverse_points_preserve_position
2007,2007-10,10,2,24,Blood+,24.0,yearendMASTER-chartcalcs.ods,2007yearend,15,14,inverse_points_preserve_position
2007,2007-10,10,3,23,Real Time with Bill Maher,23.0,yearendMASTER-chartcalcs.ods,2007yearend,54,14,inverse_points_preserve_position
2007,2007-10,10,4,22,Avatar: The Last Airbender,22.0,yearendMASTER-chartcalcs.ods,2007yearend,11,14,inverse_points_preserve_position
2007,2007-10,10,5,21,Samurai 7,21.0,yearendMASTER-chartcalcs.ods,2007yearend,57,14,inverse_points_preserve_position
2007,2007-10,10,6,20,Countdown with Keith Olbermann,20.0,yearendMASTER-chartcalcs.ods,2007yearend,24,14,inverse_points_preserve_position
2007,2007-10,10,7,19,Black Cat,19.0,yearendMASTER-chartcalcs.ods,2007yearend,13,14,inverse_points_preserve_position
2007,2007-10,10,8,18,Dinosaur King,18.0,yearendMASTER-chartcalcs.ods,2007yearend,29,14,inverse_points_preserve_position
2007,2007-10,10,9,17,Divorce Court,17.0,yearendMASTER-chartcalcs.ods,2007yearend,30,14,inverse_points_preserve_position
2007,2007-10,10,10,16,Rurouni Kenshin,16.0,yearendMASTER-chartcalcs.ods,2007yearend,56,14,inverse_points_preserve_position
2007,2007-10,10,11,15,Care Bears: Adventures in Care-a-Lot,15.0,yearendMASTER-chartcalcs.ods,2007yearend,19,14,inverse_points_preserve_position
2007,2007-10,10,12,14,Nagasarete Airantou,14.0,yearendMASTER-chartcalcs.ods,2007yearend,49,14,inverse_points_preserve_position
2007,2007-10,10,13,13,Kiddy Grade,13.0,yearendMASTER-chartcalcs.ods,2007yearend,40,14,inverse_points_preserve_position
2007,2007-10,10,14,12,Naruto,12.0,yearendMASTER-chartcalcs.ods,2007yearend,50,14,inverse_points_preserve_position
2007,2007-10,10,15,11,Solty Rei,11.0,yearendMASTER-chartcalcs.ods,2007yearend,62,14,inverse_points_preserve_position
2007,2007-10,10,16,10,Rumbling Hearts,10.0,yearendMASTER-chartcalcs.ods,2007yearend,55,14,inverse_points_preserve_position
2007,2007-10,10,17,9,Samurai Deeper Kyo,9.0,yearendMASTER-chartcalcs.ods,2007yearend,58,14,inverse_points_preserve_position
2007,2007-10,10,18,8,Negima,8.0,yearendMASTER-chartcalcs.ods,2007yearend,51,14,inverse_points_preserve_position
2007,2007-10,10,19,7,Code LYOKO,7.0,yearendMASTER-chartcalcs.ods,2007yearend,23,14,inverse_points_preserve_position
2007,2007-10,10,20,6,Skyland,6.0,yearendMASTER-chartcalcs.ods,2007yearend,60,14,inverse_points_preserve_position
2007,2007-10,10,21,5,Spiral,5.0,yearendMASTER-chartcalcs.ods,2007yearend,64,14,inverse_points_preserve_position
2007,2007-10,10,22,4,Last Exile,4.0,yearendMASTER-chartcalcs.ods,2007yearend,42,14,inverse_points_preserve_position
2007,2007-10,10,23,3,Noir,3.0,yearendMASTER-chartcalcs.ods,2007yearend,53,14,inverse_points_preserve_position
2007,2007-10,10,24,2,Fullmetal Alchemist,2.0,yearendMASTER-chartcalcs.ods,2007yearend,32,14,inverse_points_preserve_position
2007,2007-10,10,25,1,World of Narue,1.0,yearendMASTER-chartcalcs.ods,2007yearend,71,14,inverse_points_preserve_position
2007,2007-11,11,1,25,Vampire Princess Miyu,25.0,yearendMASTER-chartcalcs.ods,2007yearend,69,15,inverse_points_preserve_position
2007,2007-11,11,2,24,Real Time with Bill Maher,24.0,yearendMASTER-chartcalcs.ods,2007yearend,54,15,inverse_points_preserve_position
2007,2007-11,11,3,23,Countdown with Keith Olbermann,23.0,yearendMASTER-chartcalcs.ods,2007yearend,24,15,inverse_points_preserve_position
2007,2007-11,11,4,22,Dinosaur King,22.0,yearendMASTER-chartcalcs.ods,2007yearend,29,15,inverse_points_preserve_position
2007,2007-11,11,5,21,Noein,21.0,yearendMASTER-chartcalcs.ods,2007yearend,52,15,inverse_points_preserve_position
2007,2007-11,11,6,20,Blood+,20.0,yearendMASTER-chartcalcs.ods,2007yearend,15,15,inverse_points_preserve_position
2007,2007-11,11,7,19,Care Bears: Adventures in Care-a-Lot,19.0,yearendMASTER-chartcalcs.ods,2007yearend,19,15,inverse_points_preserve_position
2007,2007-11,11,8,18,Moon Phase,18.0,yearendMASTER-chartcalcs.ods,2007yearend,48,15,inverse_points_preserve_position
2007,2007-11,11,9,17,The Melancholy of Haruhi Suzumiya,17.0,yearendMASTER-chartcalcs.ods,2007yearend,66,15,inverse_points_preserve_position
2007,2007-11,11,10,16,Samurai 7,16.0,yearendMASTER-chartcalcs.ods,2007yearend,57,15,inverse_points_preserve_position
2007,2007-11,11,11,15,Solty Rei,15.0,yearendMASTER-chartcalcs.ods,2007yearend,62,15,inverse_points_preserve_position
2007,2007-11,11,12,14,Rurouni Kenshin,14.0,yearendMASTER-chartcalcs.ods,2007yearend,56,15,inverse_points_preserve_position
2007,2007-11,11,13,13,Kiddy Grade,13.0,yearendMASTER-chartcalcs.ods,2007yearend,40,15,inverse_points_preserve_position
2007,2007-11,11,14,12,Spiral,12.0,yearendMASTER-chartcalcs.ods,2007yearend,64,15,inverse_points_preserve_position
2007,2007-11,11,15,11,Nagasarete Airantou,11.0,yearendMASTER-chartcalcs.ods,2007yearend,49,15,inverse_points_preserve_position
2007,2007-11,11,16,10,Divorce Court,10.0,yearendMASTER-chartcalcs.ods,2007yearend,30,15,inverse_points_preserve_position
2007,2007-11,11,17,9,Jubei-chan: The Ninja Girl,9.0,yearendMASTER-chartcalcs.ods,2007yearend,39,15,inverse_points_preserve_position
2007,2007-11,11,18,8,Black Cat,8.0,yearendMASTER-chartcalcs.ods,2007yearend,13,15,inverse_points_preserve_position
2007,2007-11,11,19,7,Naruto,7.0,yearendMASTER-chartcalcs.ods,2007yearend,50,15,inverse_points_preserve_position
2007,2007-11,11,20,6,Death Note,6.0,yearendMASTER-chartcalcs.ods,2007yearend,27,15,inverse_points_preserve_position
2007,2007-11,11,21,5,Negima,5.0,yearendMASTER-chartcalcs.ods,2007yearend,51,15,inverse_points_preserve_position
2007,2007-11,11,22,4,Avatar: The Last Airbender,4.0,yearendMASTER-chartcalcs.ods,2007yearend,11,15,inverse_points_preserve_position
2007,2007-11,11,23,3,Rumbling Hearts,3.0,yearendMASTER-chartcalcs.ods,2007yearend,55,15,inverse_points_preserve_position
2007,2007-11,11,24,2,Last Exile,2.0,yearendMASTER-chartcalcs.ods,2007yearend,42,15,inverse_points_preserve_position
2007,2007-11,11,25,1,World of Narue,1.0,yearendMASTER-chartcalcs.ods,2007yearend,71,15,inverse_points_preserve_position
2007,2007-12,12,1,25,Vampire Princess Miyu,25.0,yearendMASTER-chartcalcs.ods,2007yearend,69,16,inverse_points_preserve_position
2007,2007-12,12,2,24,Countdown with Keith Olbermann,24.0,yearendMASTER-chartcalcs.ods,2007yearend,24,16,inverse_points_preserve_position
2007,2007-12,12,3,23,Real Time with Bill Maher,23.0,yearendMASTER-chartcalcs.ods,2007yearend,54,16,inverse_points_preserve_position
2007,2007-12,12,4,22,Dinosaur King,22.0,yearendMASTER-chartcalcs.ods,2007yearend,29,16,inverse_points_preserve_position
2007,2007-12,12,5,21,Noein,21.0,yearendMASTER-chartcalcs.ods,2007yearend,52,16,inverse_points_preserve_position
2007,2007-12,12,6,20,Spiral,20.0,yearendMASTER-chartcalcs.ods,2007yearend,64,16,inverse_points_preserve_position
2007,2007-12,12,7,19,Care Bears: Adventures in Care-a-Lot,19.0,yearendMASTER-chartcalcs.ods,2007yearend,19,16,inverse_points_preserve_position
2007,2007-12,12,8,18,Blood+,18.0,yearendMASTER-chartcalcs.ods,2007yearend,15,16,inverse_points_preserve_position
2007,2007-12,12,9,17,Vandread,17.0,yearendMASTER-chartcalcs.ods,2007yearend,70,16,inverse_points_preserve_position
2007,2007-12,12,10,16,.hack//Roots,16.0,yearendMASTER-chartcalcs.ods,2007yearend,10,16,inverse_points_preserve_position
2007,2007-12,12,11,15,The Melancholy of Haruhi Suzumiya,15.0,yearendMASTER-chartcalcs.ods,2007yearend,66,16,inverse_points_preserve_position
2007,2007-12,12,12,14,Moon Phase,14.0,yearendMASTER-chartcalcs.ods,2007yearend,48,16,inverse_points_preserve_position
2007,2007-12,12,13,13,Mew Mew Power,13.0,yearendMASTER-chartcalcs.ods,2007yearend,46,16,inverse_points_preserve_position
2007,2007-12,12,14,12,.hack//Legend of the Twilight Bracelet,12.0,yearendMASTER-chartcalcs.ods,2007yearend,9,16,inverse_points_preserve_position
2007,2007-12,12,15,11,Rurouni Kenshin,11.0,yearendMASTER-chartcalcs.ods,2007yearend,56,16,inverse_points_preserve_position
2007,2007-12,12,16,10,Solty Rei,10.0,yearendMASTER-chartcalcs.ods,2007yearend,62,16,inverse_points_preserve_position
2007,2007-12,12,17,9,Trinity Blood,9.0,yearendMASTER-chartcalcs.ods,2007yearend,68,16,inverse_points_preserve_position
2007,2007-12,12,18,8,Divorce Court,8.0,yearendMASTER-chartcalcs.ods,2007yearend,30,16,inverse_points_preserve_position
2007,2007-12,12,19,7,Samurai 7,7.0,yearendMASTER-chartcalcs.ods,2007yearend,57,16,inverse_points_preserve_position
2007,2007-12,12,20,6,Kiddy Grade,6.0,yearendMASTER-chartcalcs.ods,2007yearend,40,16,inverse_points_preserve_position
2007,2007-12,12,21,5,Nagasarete Airantou,5.0,yearendMASTER-chartcalcs.ods,2007yearend,49,16,inverse_points_preserve_position
2007,2007-12,12,22,4,Death Note,4.0,yearendMASTER-chartcalcs.ods,2007yearend,27,16,inverse_points_preserve_position
2007,2007-12,12,23,3,Negima,3.0,yearendMASTER-chartcalcs.ods,2007yearend,51,16,inverse_points_preserve_position
2007,2007-12,12,24,2,Naruto,2.0,yearendMASTER-chartcalcs.ods,2007yearend,50,16,inverse_points_preserve_position
2007,2007-12,12,25,1,Black Cat,1.0,yearendMASTER-chartcalcs.ods,2007yearend,13,16,inverse_points_preserve_position
2008,2008-01,1,1,25,Vampire Princess Miyu,25.0,yearendMASTER-chartcalcs.ods,2008yearend,76,5,inverse_points_preserve_position
2008,2008-01,1,2,24,Countdown with Keith Olbermann,24.0,yearendMASTER-chartcalcs.ods,2008yearend,28,5,inverse_points_preserve_position
2008,2008-01,1,3,23,Dinosaur King,23.0,yearendMASTER-chartcalcs.ods,2008yearend,31,5,inverse_points_preserve_position
2008,2008-01,1,4,22,Blue Drop,22.0,yearendMASTER-chartcalcs.ods,2008yearend,22,5,inverse_points_preserve_position
2008,2008-01,1,5,21,Vandread,21.0,yearendMASTER-chartcalcs.ods,2008yearend,77,5,inverse_points_preserve_position
2008,2008-01,1,6,20,Real Time with Bill Maher,20.0,yearendMASTER-chartcalcs.ods,2008yearend,57,5,inverse_points_preserve_position
2008,2008-01,1,7,19,Care Bears: Adventures of Care-A-Lot,19.0,yearendMASTER-chartcalcs.ods,2008yearend,24,5,inverse_points_preserve_position
2008,2008-01,1,8,18,Digimon Data Squad,18.0,yearendMASTER-chartcalcs.ods,2008yearend,30,5,inverse_points_preserve_position
2008,2008-01,1,9,17,Noein,17.0,yearendMASTER-chartcalcs.ods,2008yearend,53,5,inverse_points_preserve_position
2008,2008-01,1,10,16,Blood+,16.0,yearendMASTER-chartcalcs.ods,2008yearend,21,5,inverse_points_preserve_position
2008,2008-01,1,11,15,.hack//Roots,15.0,yearendMASTER-chartcalcs.ods,2008yearend,10,5,inverse_points_preserve_position
2008,2008-01,1,12,14,Spiral,14.0,yearendMASTER-chartcalcs.ods,2008yearend,64,5,inverse_points_preserve_position
2008,2008-01,1,13,13,Divorce Court,13.0,yearendMASTER-chartcalcs.ods,2008yearend,32,5,inverse_points_preserve_position
2008,2008-01,1,14,12,Moon Phase,12.0,yearendMASTER-chartcalcs.ods,2008yearend,46,5,inverse_points_preserve_position
2008,2008-01,1,15,11,Witchblade,11.0,yearendMASTER-chartcalcs.ods,2008yearend,79,5,inverse_points_preserve_position
2008,2008-01,1,16,10,Mew Mew Power,10.0,yearendMASTER-chartcalcs.ods,2008yearend,45,5,inverse_points_preserve_position
2008,2008-01,1,17,9,Solty Rei,9.0,yearendMASTER-chartcalcs.ods,2008yearend,62,5,inverse_points_preserve_position
2008,2008-01,1,18,8,The Melancholy of Haruhi Suzumiya,8.0,yearendMASTER-chartcalcs.ods,2008yearend,70,5,inverse_points_preserve_position
2008,2008-01,1,19,7,Rurouni Kenshin,7.0,yearendMASTER-chartcalcs.ods,2008yearend,58,5,inverse_points_preserve_position
2008,2008-01,1,20,6,.hack//Legend of the Twilight Bracelet,6.0,yearendMASTER-chartcalcs.ods,2008yearend,9,5,inverse_points_preserve_position
2008,2008-01,1,21,5,Nagasarete Airantou,5.0,yearendMASTER-chartcalcs.ods,2008yearend,49,5,inverse_points_preserve_position
2008,2008-01,1,22,4,Nick Cannon's Wild 'n Out,4.0,yearendMASTER-chartcalcs.ods,2008yearend,52,5,inverse_points_preserve_position
2008,2008-01,1,23,3,Death Note,3.0,yearendMASTER-chartcalcs.ods,2008yearend,29,5,inverse_points_preserve_position
2008,2008-01,1,24,2,Kiddy Grade,2.0,yearendMASTER-chartcalcs.ods,2008yearend,41,5,inverse_points_preserve_position
2008,2008-01,1,25,1,Black Cat,1.0,yearendMASTER-chartcalcs.ods,2008yearend,18,5,inverse_points_preserve_position
2008,2008-02,2,1,25,Blue Drop,25.0,yearendMASTER-chartcalcs.ods,2008yearend,22,6,inverse_points_preserve_position
2008,2008-02,2,2,24,Noein,24.0,yearendMASTER-chartcalcs.ods,2008yearend,53,6,inverse_points_preserve_position
2008,2008-02,2,3,23,Vampire Princess Miyu,23.0,yearendMASTER-chartcalcs.ods,2008yearend,76,6,inverse_points_preserve_position
2008,2008-02,2,4,22,Witchblade,22.0,yearendMASTER-chartcalcs.ods,2008yearend,79,6,inverse_points_preserve_position
2008,2008-02,2,5,21,Countdown with Keith Olbermann,21.0,yearendMASTER-chartcalcs.ods,2008yearend,28,6,inverse_points_preserve_position
2008,2008-02,2,6,20,Digimon Data Squad,20.0,yearendMASTER-chartcalcs.ods,2008yearend,30,6,inverse_points_preserve_position
2008,2008-02,2,7,19,Real Time with Bill Maher,19.0,yearendMASTER-chartcalcs.ods,2008yearend,57,6,inverse_points_preserve_position
2008,2008-02,2,8,18,Horseland,18.0,yearendMASTER-chartcalcs.ods,2008yearend,37,6,inverse_points_preserve_position
2008,2008-02,2,9,17,Blood+,17.0,yearendMASTER-chartcalcs.ods,2008yearend,21,6,inverse_points_preserve_position
2008,2008-02,2,10,16,Law & Order: Special Victims Unit,16.0,yearendMASTER-chartcalcs.ods,2008yearend,43,6,inverse_points_preserve_position
2008,2008-02,2,11,15,Vandread,15.0,yearendMASTER-chartcalcs.ods,2008yearend,77,6,inverse_points_preserve_position
2008,2008-02,2,12,14,Akage no Anne,14.0,yearendMASTER-chartcalcs.ods,2008yearend,13,6,inverse_points_preserve_position
2008,2008-02,2,13,13,Death Note,13.0,yearendMASTER-chartcalcs.ods,2008yearend,29,6,inverse_points_preserve_position
2008,2008-02,2,14,12,Care Bears: Adventures of Care-A-Lot,12.0,yearendMASTER-chartcalcs.ods,2008yearend,24,6,inverse_points_preserve_position
2008,2008-02,2,15,11,ToHeart: Remember My Memories,11.0,yearendMASTER-chartcalcs.ods,2008yearend,73,6,inverse_points_preserve_position
2008,2008-02,2,16,10,Dinosaur King,10.0,yearendMASTER-chartcalcs.ods,2008yearend,31,6,inverse_points_preserve_position
2008,2008-02,2,17,9,Last Exile,9.0,yearendMASTER-chartcalcs.ods,2008yearend,42,6,inverse_points_preserve_position
2008,2008-02,2,18,8,Moon Phase,8.0,yearendMASTER-chartcalcs.ods,2008yearend,46,6,inverse_points_preserve_position
2008,2008-02,2,19,7,Spiral,7.0,yearendMASTER-chartcalcs.ods,2008yearend,64,6,inverse_points_preserve_position
2008,2008-02,2,20,6,Divorce Court,6.0,yearendMASTER-chartcalcs.ods,2008yearend,32,6,inverse_points_preserve_position
2008,2008-02,2,21,5,Gunslinger Girl,5.0,yearendMASTER-chartcalcs.ods,2008yearend,36,6,inverse_points_preserve_position
2008,2008-02,2,22,4,Rurouni Kenshin,4.0,yearendMASTER-chartcalcs.ods,2008yearend,58,6,inverse_points_preserve_position
2008,2008-02,2,23,3,Nick Cannon's Wild 'n Out,3.0,yearendMASTER-chartcalcs.ods,2008yearend,52,6,inverse_points_preserve_position
2008,2008-02,2,24,2,Sailor Moon,2.0,yearendMASTER-chartcalcs.ods,2008yearend,59,6,inverse_points_preserve_position
2008,2008-02,2,25,1,Nagasarete Airantou,1.0,yearendMASTER-chartcalcs.ods,2008yearend,49,6,inverse_points_preserve_position
2008,2008-03,3,1,25,Blue Drop,25.0,yearendMASTER-chartcalcs.ods,2008yearend,22,7,inverse_points_preserve_position
2008,2008-03,3,2,24,Witchblade,24.0,yearendMASTER-chartcalcs.ods,2008yearend,79,7,inverse_points_preserve_position
2008,2008-03,3,3,23,Tactics,23.0,yearendMASTER-chartcalcs.ods,2008yearend,68,7,inverse_points_preserve_position
2008,2008-03,3,4,22,Real Time with Bill Maher,22.0,yearendMASTER-chartcalcs.ods,2008yearend,57,7,inverse_points_preserve_position
2008,2008-03,3,5,21,Vampire Princess Miyu,21.0,yearendMASTER-chartcalcs.ods,2008yearend,76,7,inverse_points_preserve_position
2008,2008-03,3,6,20,Horseland,20.0,yearendMASTER-chartcalcs.ods,2008yearend,37,7,inverse_points_preserve_position
2008,2008-03,3,7,19,Noein,19.0,yearendMASTER-chartcalcs.ods,2008yearend,53,7,inverse_points_preserve_position
2008,2008-03,3,8,18,Shrine of the Morning Mist,18.0,yearendMASTER-chartcalcs.ods,2008yearend,60,7,inverse_points_preserve_position
2008,2008-03,3,9,17,Digimon Data Squad,17.0,yearendMASTER-chartcalcs.ods,2008yearend,30,7,inverse_points_preserve_position
2008,2008-03,3,10,16,Countdown with Keith Olbermann,16.0,yearendMASTER-chartcalcs.ods,2008yearend,28,7,inverse_points_preserve_position
2008,2008-03,3,11,15,ToHeart: Remember My Memories,15.0,yearendMASTER-chartcalcs.ods,2008yearend,73,7,inverse_points_preserve_position
2008,2008-03,3,12,14,Spiral,14.0,yearendMASTER-chartcalcs.ods,2008yearend,64,7,inverse_points_preserve_position
2008,2008-03,3,13,13,Black Cat,13.0,yearendMASTER-chartcalcs.ods,2008yearend,18,7,inverse_points_preserve_position
2008,2008-03,3,14,12,Dinosaur King,12.0,yearendMASTER-chartcalcs.ods,2008yearend,31,7,inverse_points_preserve_position
2008,2008-03,3,15,11,Death Note,11.0,yearendMASTER-chartcalcs.ods,2008yearend,29,7,inverse_points_preserve_position
2008,2008-03,3,16,10,Last Exile,10.0,yearendMASTER-chartcalcs.ods,2008yearend,42,7,inverse_points_preserve_position
2008,2008-03,3,17,9,Gunslinger Girl,9.0,yearendMASTER-chartcalcs.ods,2008yearend,36,7,inverse_points_preserve_position
2008,2008-03,3,18,8,Blood+,8.0,yearendMASTER-chartcalcs.ods,2008yearend,21,7,inverse_points_preserve_position
2008,2008-03,3,19,7,Care Bears: Adventures of Care-A-Lot,7.0,yearendMASTER-chartcalcs.ods,2008yearend,24,7,inverse_points_preserve_position
2008,2008-03,3,20,6,Akage no Anne,6.0,yearendMASTER-chartcalcs.ods,2008yearend,13,7,inverse_points_preserve_position
2008,2008-03,3,21,5,Law & Order: Special Victims Unit,5.0,yearendMASTER-chartcalcs.ods,2008yearend,43,7,inverse_points_preserve_position
2008,2008-03,3,22,4,Vandread,4.0,yearendMASTER-chartcalcs.ods,2008yearend,77,7,inverse_points_preserve_position
2008,2008-03,3,23,3,Divorce Court,3.0,yearendMASTER-chartcalcs.ods,2008yearend,32,7,inverse_points_preserve_position
2008,2008-03,3,24,2,Rurouni Kenshin,2.0,yearendMASTER-chartcalcs.ods,2008yearend,58,7,inverse_points_preserve_position
2008,2008-03,3,25,1,Sailor Moon,1.0,yearendMASTER-chartcalcs.ods,2008yearend,59,7,inverse_points_preserve_position
2008,2008-04,4,1,25,Tactics,25.0,yearendMASTER-chartcalcs.ods,2008yearend,68,8,inverse_points_preserve_position
2008,2008-04,4,2,24,Witchblade,24.0,yearendMASTER-chartcalcs.ods,2008yearend,79,8,inverse_points_preserve_position
2008,2008-04,4,3,23,Shrine of the Morning Mist,23.0,yearendMASTER-chartcalcs.ods,2008yearend,60,8,inverse_points_preserve_position
2008,2008-04,4,4,22,Countdown with Keith Olbermann,22.0,yearendMASTER-chartcalcs.ods,2008yearend,28,8,inverse_points_preserve_position
2008,2008-04,4,5,21,Murder Princess,21.0,yearendMASTER-chartcalcs.ods,2008yearend,48,8,inverse_points_preserve_position
2008,2008-04,4,6,20,Digimon Data Squad,20.0,yearendMASTER-chartcalcs.ods,2008yearend,30,8,inverse_points_preserve_position
2008,2008-04,4,7,19,Blue Drop,19.0,yearendMASTER-chartcalcs.ods,2008yearend,22,8,inverse_points_preserve_position
2008,2008-04,4,8,18,Horseland,18.0,yearendMASTER-chartcalcs.ods,2008yearend,37,8,inverse_points_preserve_position
2008,2008-04,4,9,17,Bleach,17.0,yearendMASTER-chartcalcs.ods,2008yearend,20,8,inverse_points_preserve_position
2008,2008-04,4,10,16,Vampire Princess Miyu,16.0,yearendMASTER-chartcalcs.ods,2008yearend,76,8,inverse_points_preserve_position
2008,2008-04,4,11,15,Dinosaur King,15.0,yearendMASTER-chartcalcs.ods,2008yearend,31,8,inverse_points_preserve_position
2008,2008-04,4,12,14,Speed Grapher,14.0,yearendMASTER-chartcalcs.ods,2008yearend,63,8,inverse_points_preserve_position
2008,2008-04,4,13,13,Real Time with Bill Maher,13.0,yearendMASTER-chartcalcs.ods,2008yearend,57,8,inverse_points_preserve_position
2008,2008-04,4,14,12,ToHeart: Remember My Memories,12.0,yearendMASTER-chartcalcs.ods,2008yearend,73,8,inverse_points_preserve_position
2008,2008-04,4,15,11,Noein,11.0,yearendMASTER-chartcalcs.ods,2008yearend,53,8,inverse_points_preserve_position
2008,2008-04,4,16,10,Moon Phase,10.0,yearendMASTER-chartcalcs.ods,2008yearend,46,8,inverse_points_preserve_position
2008,2008-04,4,17,9,Spiral,9.0,yearendMASTER-chartcalcs.ods,2008yearend,64,8,inverse_points_preserve_position
2008,2008-04,4,18,8,Death Note,8.0,yearendMASTER-chartcalcs.ods,2008yearend,29,8,inverse_points_preserve_position
2008,2008-04,4,19,7,Cash Cab,7.0,yearendMASTER-chartcalcs.ods,2008yearend,25,8,inverse_points_preserve_position
2008,2008-04,4,20,6,A Little Snow Fairy Sugar,6.0,yearendMASTER-chartcalcs.ods,2008yearend,11,8,inverse_points_preserve_position
2008,2008-04,4,21,5,Black Cat,5.0,yearendMASTER-chartcalcs.ods,2008yearend,18,8,inverse_points_preserve_position
2008,2008-04,4,22,4,Blood+,4.0,yearendMASTER-chartcalcs.ods,2008yearend,21,8,inverse_points_preserve_position
2008,2008-04,4,23,3,Gunslinger Girl,3.0,yearendMASTER-chartcalcs.ods,2008yearend,36,8,inverse_points_preserve_position
2008,2008-04,4,24,2,Solty Rei,2.0,yearendMASTER-chartcalcs.ods,2008yearend,62,8,inverse_points_preserve_position
2008,2008-04,4,25,1,Care Bears: Adventures of Care-A-Lot,1.0,yearendMASTER-chartcalcs.ods,2008yearend,24,8,inverse_points_preserve_position
2008,2008-05,5,1,25,Code Geass,25.0,yearendMASTER-chartcalcs.ods,2008yearend,26,9,inverse_points_preserve_position
2008,2008-05,5,2,24,Tactics,24.0,yearendMASTER-chartcalcs.ods,2008yearend,68,9,inverse_points_preserve_position
2008,2008-05,5,3,23,Bleach,23.0,yearendMASTER-chartcalcs.ods,2008yearend,20,9,inverse_points_preserve_position
2008,2008-05,5,4,22,Countdown with Keith Olbermann,22.0,yearendMASTER-chartcalcs.ods,2008yearend,28,9,inverse_points_preserve_position
2008,2008-05,5,5,21,Blue Drop,21.0,yearendMASTER-chartcalcs.ods,2008yearend,22,9,inverse_points_preserve_position
2008,2008-05,5,6,20,Murder Princess,20.0,yearendMASTER-chartcalcs.ods,2008yearend,48,9,inverse_points_preserve_position
2008,2008-05,5,7,19,Shrine of the Morning Mist,19.0,yearendMASTER-chartcalcs.ods,2008yearend,60,9,inverse_points_preserve_position
2008,2008-05,5,8,18,Real Time with Bill Maher,18.0,yearendMASTER-chartcalcs.ods,2008yearend,57,9,inverse_points_preserve_position
2008,2008-05,5,9,17,Witch Hunter Robin,17.0,yearendMASTER-chartcalcs.ods,2008yearend,78,9,inverse_points_preserve_position
2008,2008-05,5,10,16,Witchblade,16.0,yearendMASTER-chartcalcs.ods,2008yearend,79,9,inverse_points_preserve_position
2008,2008-05,5,11,15,Digimon Data Squad,15.0,yearendMASTER-chartcalcs.ods,2008yearend,30,9,inverse_points_preserve_position
2008,2008-05,5,12,14,Horseland,14.0,yearendMASTER-chartcalcs.ods,2008yearend,37,9,inverse_points_preserve_position
2008,2008-05,5,13,13,Vampire Princess Miyu,13.0,yearendMASTER-chartcalcs.ods,2008yearend,76,9,inverse_points_preserve_position
2008,2008-05,5,14,12,Speed Grapher,12.0,yearendMASTER-chartcalcs.ods,2008yearend,63,9,inverse_points_preserve_position
2008,2008-05,5,15,11,Noein,11.0,yearendMASTER-chartcalcs.ods,2008yearend,53,9,inverse_points_preserve_position
2008,2008-05,5,16,10,Tokko,10.0,yearendMASTER-chartcalcs.ods,2008yearend,74,9,inverse_points_preserve_position
2008,2008-05,5,17,9,Last Exile,9.0,yearendMASTER-chartcalcs.ods,2008yearend,42,9,inverse_points_preserve_position
2008,2008-05,5,18,8,Naruto,8.0,yearendMASTER-chartcalcs.ods,2008yearend,50,9,inverse_points_preserve_position
2008,2008-05,5,19,7,ToHeart: Remember My Memories,7.0,yearendMASTER-chartcalcs.ods,2008yearend,73,9,inverse_points_preserve_position
2008,2008-05,5,20,6,Black Cat,6.0,yearendMASTER-chartcalcs.ods,2008yearend,18,9,inverse_points_preserve_position
2008,2008-05,5,21,5,Strawberry Shortcake,5.0,yearendMASTER-chartcalcs.ods,2008yearend,66,9,inverse_points_preserve_position
2008,2008-05,5,22,4,Blood+,4.0,yearendMASTER-chartcalcs.ods,2008yearend,21,9,inverse_points_preserve_position
2008,2008-05,5,23,3,Solty Rei,3.0,yearendMASTER-chartcalcs.ods,2008yearend,62,9,inverse_points_preserve_position
2008,2008-05,5,24,2,Dinosaur King,2.0,yearendMASTER-chartcalcs.ods,2008yearend,31,9,inverse_points_preserve_position
2008,2008-05,5,25,1,Death Note,1.0,yearendMASTER-chartcalcs.ods,2008yearend,29,9,inverse_points_preserve_position
2008,2008-06,6,1,25,Witch Hunter Robin,25.0,yearendMASTER-chartcalcs.ods,2008yearend,78,10,inverse_points_preserve_position
2008,2008-06,6,2,24,Emily of New Moon,24.0,yearendMASTER-chartcalcs.ods,2008yearend,33,10,inverse_points_preserve_position
2008,2008-06,6,3,23,Countdown with Keith Olbermann,23.0,yearendMASTER-chartcalcs.ods,2008yearend,28,10,inverse_points_preserve_position
2008,2008-06,6,4,22,Code Geass,22.0,yearendMASTER-chartcalcs.ods,2008yearend,26,10,inverse_points_preserve_position
2008,2008-06,6,5,21,Tactics,21.0,yearendMASTER-chartcalcs.ods,2008yearend,68,10,inverse_points_preserve_position
2008,2008-06,6,6,20,Shrine of the Morning Mist,20.0,yearendMASTER-chartcalcs.ods,2008yearend,60,10,inverse_points_preserve_position
2008,2008-06,6,7,19,Vampire Knight,19.0,yearendMASTER-chartcalcs.ods,2008yearend,75,10,inverse_points_preserve_position
2008,2008-06,6,8,18,Bleach,18.0,yearendMASTER-chartcalcs.ods,2008yearend,20,10,inverse_points_preserve_position
2008,2008-06,6,9,17,Blue Drop,17.0,yearendMASTER-chartcalcs.ods,2008yearend,22,10,inverse_points_preserve_position
2008,2008-06,6,10,16,Sitting Ducks,16.0,yearendMASTER-chartcalcs.ods,2008yearend,61,10,inverse_points_preserve_position
2008,2008-06,6,11,15,Witchblade,15.0,yearendMASTER-chartcalcs.ods,2008yearend,79,10,inverse_points_preserve_position
2008,2008-06,6,12,14,Digimon Data Squad,14.0,yearendMASTER-chartcalcs.ods,2008yearend,30,10,inverse_points_preserve_position
2008,2008-06,6,13,13,Murder Princess,13.0,yearendMASTER-chartcalcs.ods,2008yearend,48,10,inverse_points_preserve_position
2008,2008-06,6,14,12,Aishiteruze Baby,12.0,yearendMASTER-chartcalcs.ods,2008yearend,12,10,inverse_points_preserve_position
2008,2008-06,6,15,11,Vampire Princess Miyu,11.0,yearendMASTER-chartcalcs.ods,2008yearend,76,10,inverse_points_preserve_position
2008,2008-06,6,16,10,Naruto,10.0,yearendMASTER-chartcalcs.ods,2008yearend,50,10,inverse_points_preserve_position
2008,2008-06,6,17,9,ToHeart: Remember My Memories,9.0,yearendMASTER-chartcalcs.ods,2008yearend,73,10,inverse_points_preserve_position
2008,2008-06,6,18,8,Blood+,8.0,yearendMASTER-chartcalcs.ods,2008yearend,21,10,inverse_points_preserve_position
2008,2008-06,6,19,7,Speed Grapher,7.0,yearendMASTER-chartcalcs.ods,2008yearend,63,10,inverse_points_preserve_position
2008,2008-06,6,20,6,The Galaxy Railways: Crossroads to Eternity,6.0,yearendMASTER-chartcalcs.ods,2008yearend,69,10,inverse_points_preserve_position
2008,2008-06,6,21,5,Death Note,5.0,yearendMASTER-chartcalcs.ods,2008yearend,29,10,inverse_points_preserve_position
2008,2008-06,6,22,4,Last Exile,4.0,yearendMASTER-chartcalcs.ods,2008yearend,42,10,inverse_points_preserve_position
2008,2008-06,6,23,3,Noein,3.0,yearendMASTER-chartcalcs.ods,2008yearend,53,10,inverse_points_preserve_position
2008,2008-06,6,24,2,Solty Rei,2.0,yearendMASTER-chartcalcs.ods,2008yearend,62,10,inverse_points_preserve_position
2008,2008-06,6,25,1,Tokko,1.0,yearendMASTER-chartcalcs.ods,2008yearend,74,10,inverse_points_preserve_position
2008,2008-07,7,1,25,Speed Grapher,25.0,yearendMASTER-chartcalcs.ods,2008yearend,63,11,inverse_points_preserve_position
2008,2008-07,7,2,24,Witch Hunter Robin,24.0,yearendMASTER-chartcalcs.ods,2008yearend,78,11,inverse_points_preserve_position
2008,2008-07,7,3,23,Countdown with Keith Olbermann,23.0,yearendMASTER-chartcalcs.ods,2008yearend,28,11,inverse_points_preserve_position
2008,2008-07,7,4,22,Cash Cab,22.0,yearendMASTER-chartcalcs.ods,2008yearend,25,11,inverse_points_preserve_position
2008,2008-07,7,5,21,Tactics,21.0,yearendMASTER-chartcalcs.ods,2008yearend,68,11,inverse_points_preserve_position
2008,2008-07,7,6,20,Vampire Knight,20.0,yearendMASTER-chartcalcs.ods,2008yearend,75,11,inverse_points_preserve_position
2008,2008-07,7,7,19,Code Geass,19.0,yearendMASTER-chartcalcs.ods,2008yearend,26,11,inverse_points_preserve_position
2008,2008-07,7,8,18,Bleach,18.0,yearendMASTER-chartcalcs.ods,2008yearend,20,11,inverse_points_preserve_position
2008,2008-07,7,9,17,Emily of New Moon,17.0,yearendMASTER-chartcalcs.ods,2008yearend,33,11,inverse_points_preserve_position
2008,2008-07,7,10,16,Digimon Data Squad,16.0,yearendMASTER-chartcalcs.ods,2008yearend,30,11,inverse_points_preserve_position
2008,2008-07,7,11,15,Blue Drop,15.0,yearendMASTER-chartcalcs.ods,2008yearend,22,11,inverse_points_preserve_position
2008,2008-07,7,12,14,The Snow Queen,14.0,yearendMASTER-chartcalcs.ods,2008yearend,72,11,inverse_points_preserve_position
2008,2008-07,7,13,13,Witchblade,13.0,yearendMASTER-chartcalcs.ods,2008yearend,79,11,inverse_points_preserve_position
2008,2008-07,7,14,12,Shrine of the Morning Mist,12.0,yearendMASTER-chartcalcs.ods,2008yearend,60,11,inverse_points_preserve_position
2008,2008-07,7,15,11,Pound Puppies,11.0,yearendMASTER-chartcalcs.ods,2008yearend,56,11,inverse_points_preserve_position
2008,2008-07,7,16,10,Vampire Princess Miyu,10.0,yearendMASTER-chartcalcs.ods,2008yearend,76,11,inverse_points_preserve_position
2008,2008-07,7,17,9,SWAT Kats: The Radical Squadron,9.0,yearendMASTER-chartcalcs.ods,2008yearend,67,11,inverse_points_preserve_position
2008,2008-07,7,18,8,Bill Moyers Journal,8.0,yearendMASTER-chartcalcs.ods,2008yearend,16,11,inverse_points_preserve_position
2008,2008-07,7,19,7,Sitting Ducks,7.0,yearendMASTER-chartcalcs.ods,2008yearend,61,11,inverse_points_preserve_position
2008,2008-07,7,20,6,Noein,6.0,yearendMASTER-chartcalcs.ods,2008yearend,53,11,inverse_points_preserve_position
2008,2008-07,7,21,5,The Galaxy Railways: Crossroads to Eternity,5.0,yearendMASTER-chartcalcs.ods,2008yearend,69,11,inverse_points_preserve_position
2008,2008-07,7,22,4,InuYasha,4.0,yearendMASTER-chartcalcs.ods,2008yearend,38,11,inverse_points_preserve_position
2008,2008-07,7,23,3,Murder Princess,3.0,yearendMASTER-chartcalcs.ods,2008yearend,48,11,inverse_points_preserve_position
2008,2008-07,7,24,2,Aishiteruze Baby,2.0,yearendMASTER-chartcalcs.ods,2008yearend,12,11,inverse_points_preserve_position
2008,2008-07,7,25,1,ToHeart: Remember My Memories,1.0,yearendMASTER-chartcalcs.ods,2008yearend,73,11,inverse_points_preserve_position
2008,2008-08,8,1,25,Bleach,25.0,yearendMASTER-chartcalcs.ods,2008yearend,20,12,inverse_points_preserve_position
2008,2008-08,8,2,24,Tactics,24.0,yearendMASTER-chartcalcs.ods,2008yearend,68,12,inverse_points_preserve_position
2008,2008-08,8,3,23,Witch Hunter Robin,23.0,yearendMASTER-chartcalcs.ods,2008yearend,78,12,inverse_points_preserve_position
2008,2008-08,8,4,22,Vampire Knight,22.0,yearendMASTER-chartcalcs.ods,2008yearend,75,12,inverse_points_preserve_position
2008,2008-08,8,5,21,Speed Grapher,21.0,yearendMASTER-chartcalcs.ods,2008yearend,63,12,inverse_points_preserve_position
2008,2008-08,8,6,20,Countdown with Keith Olbermann,20.0,yearendMASTER-chartcalcs.ods,2008yearend,28,12,inverse_points_preserve_position
2008,2008-08,8,7,19,Cash Cab,19.0,yearendMASTER-chartcalcs.ods,2008yearend,25,12,inverse_points_preserve_position
2008,2008-08,8,8,18,Code Geass,18.0,yearendMASTER-chartcalcs.ods,2008yearend,26,12,inverse_points_preserve_position
2008,2008-08,8,9,17,Emily of New Moon,17.0,yearendMASTER-chartcalcs.ods,2008yearend,33,12,inverse_points_preserve_position
2008,2008-08,8,10,16,Allison & Lillia,16.0,yearendMASTER-chartcalcs.ods,2008yearend,15,12,inverse_points_preserve_position
2008,2008-08,8,11,15,Blue Drop,15.0,yearendMASTER-chartcalcs.ods,2008yearend,22,12,inverse_points_preserve_position
2008,2008-08,8,12,14,Vampire Princess Miyu,14.0,yearendMASTER-chartcalcs.ods,2008yearend,76,12,inverse_points_preserve_position
2008,2008-08,8,13,13,Bill Moyers Journal,13.0,yearendMASTER-chartcalcs.ods,2008yearend,16,12,inverse_points_preserve_position
2008,2008-08,8,14,12,The Snow Queen,12.0,yearendMASTER-chartcalcs.ods,2008yearend,72,12,inverse_points_preserve_position
2008,2008-08,8,15,11,Shrine of the Morning Mist,11.0,yearendMASTER-chartcalcs.ods,2008yearend,60,12,inverse_points_preserve_position
2008,2008-08,8,16,10,Black Cat,10.0,yearendMASTER-chartcalcs.ods,2008yearend,18,12,inverse_points_preserve_position
2008,2008-08,8,17,9,Pound Puppies,9.0,yearendMASTER-chartcalcs.ods,2008yearend,56,12,inverse_points_preserve_position
2008,2008-08,8,18,8,Digimon Data Squad,8.0,yearendMASTER-chartcalcs.ods,2008yearend,30,12,inverse_points_preserve_position
2008,2008-08,8,19,7,Kiddy Grade,7.0,yearendMASTER-chartcalcs.ods,2008yearend,41,12,inverse_points_preserve_position
2008,2008-08,8,20,6,Aishiteruze Baby,6.0,yearendMASTER-chartcalcs.ods,2008yearend,12,12,inverse_points_preserve_position
2008,2008-08,8,21,5,Witchblade,5.0,yearendMASTER-chartcalcs.ods,2008yearend,79,12,inverse_points_preserve_position
2008,2008-08,8,22,4,SWAT Kats: The Radical Squadron,4.0,yearendMASTER-chartcalcs.ods,2008yearend,67,12,inverse_points_preserve_position
2008,2008-08,8,23,3,InuYasha,3.0,yearendMASTER-chartcalcs.ods,2008yearend,38,12,inverse_points_preserve_position
2008,2008-08,8,24,2,Noein,2.0,yearendMASTER-chartcalcs.ods,2008yearend,53,12,inverse_points_preserve_position
2008,2008-08,8,25,1,Murder Princess,1.0,yearendMASTER-chartcalcs.ods,2008yearend,48,12,inverse_points_preserve_position
2008,2008-09,9,1,25,Cardcaptor Sakura,25.0,yearendMASTER-chartcalcs.ods,2008yearend,23,13,inverse_points_preserve_position
2008,2008-09,9,2,24,Bleach,24.0,yearendMASTER-chartcalcs.ods,2008yearend,20,13,inverse_points_preserve_position
2008,2008-09,9,3,23,Tactics,23.0,yearendMASTER-chartcalcs.ods,2008yearend,68,13,inverse_points_preserve_position
2008,2008-09,9,4,22,Speed Grapher,22.0,yearendMASTER-chartcalcs.ods,2008yearend,63,13,inverse_points_preserve_position
2008,2008-09,9,5,21,Vampire Knight,21.0,yearendMASTER-chartcalcs.ods,2008yearend,75,13,inverse_points_preserve_position
2008,2008-09,9,6,20,Countdown with Keith Olbermann,20.0,yearendMASTER-chartcalcs.ods,2008yearend,28,13,inverse_points_preserve_position
2008,2008-09,9,7,19,Emily of New Moon,19.0,yearendMASTER-chartcalcs.ods,2008yearend,33,13,inverse_points_preserve_position
2008,2008-09,9,8,18,Witch Hunter Robin,18.0,yearendMASTER-chartcalcs.ods,2008yearend,78,13,inverse_points_preserve_position
2008,2008-09,9,9,17,Allison & Lillia,17.0,yearendMASTER-chartcalcs.ods,2008yearend,15,13,inverse_points_preserve_position
2008,2008-09,9,10,16,Blue Drop,16.0,yearendMASTER-chartcalcs.ods,2008yearend,22,13,inverse_points_preserve_position
2008,2008-09,9,11,15,Code Geass,15.0,yearendMASTER-chartcalcs.ods,2008yearend,26,13,inverse_points_preserve_position
2008,2008-09,9,12,14,Black Cat,14.0,yearendMASTER-chartcalcs.ods,2008yearend,18,13,inverse_points_preserve_position
2008,2008-09,9,13,13,Cash Cab,13.0,yearendMASTER-chartcalcs.ods,2008yearend,25,13,inverse_points_preserve_position
2008,2008-09,9,14,12,Fruits Basket,12.0,yearendMASTER-chartcalcs.ods,2008yearend,34,13,inverse_points_preserve_position
2008,2008-09,9,15,11,Vampire Princess Miyu,11.0,yearendMASTER-chartcalcs.ods,2008yearend,76,13,inverse_points_preserve_position
2008,2008-09,9,16,10,The Snow Queen,10.0,yearendMASTER-chartcalcs.ods,2008yearend,72,13,inverse_points_preserve_position
2008,2008-09,9,17,9,Digimon Data Squad,9.0,yearendMASTER-chartcalcs.ods,2008yearend,30,13,inverse_points_preserve_position
2008,2008-09,9,18,8,Shrine of the Morning Mist,8.0,yearendMASTER-chartcalcs.ods,2008yearend,60,13,inverse_points_preserve_position
2008,2008-09,9,19,7,Kiddy Grade,7.0,yearendMASTER-chartcalcs.ods,2008yearend,41,13,inverse_points_preserve_position
2008,2008-09,9,20,6,Bill Moyers Journal,6.0,yearendMASTER-chartcalcs.ods,2008yearend,16,13,inverse_points_preserve_position
2008,2008-09,9,21,5,Real Time with Bill Maher,5.0,yearendMASTER-chartcalcs.ods,2008yearend,57,13,inverse_points_preserve_position
2008,2008-09,9,22,4,Witchblade,4.0,yearendMASTER-chartcalcs.ods,2008yearend,79,13,inverse_points_preserve_position
2008,2008-09,9,23,3,InuYasha,3.0,yearendMASTER-chartcalcs.ods,2008yearend,38,13,inverse_points_preserve_position
2008,2008-09,9,24,2,Murder Princess,2.0,yearendMASTER-chartcalcs.ods,2008yearend,48,13,inverse_points_preserve_position
2008,2008-09,9,25,1,Pokemon,1.0,yearendMASTER-chartcalcs.ods,2008yearend,55,13,inverse_points_preserve_position
2008,2008-10,10,1,25,Blue Drop,25.0,yearendMASTER-chartcalcs.ods,2008yearend,22,14,inverse_points_preserve_position
2008,2008-10,10,2,24,Cardcaptor Sakura,24.0,yearendMASTER-chartcalcs.ods,2008yearend,23,14,inverse_points_preserve_position
2008,2008-10,10,3,23,Vampire Knight,23.0,yearendMASTER-chartcalcs.ods,2008yearend,75,14,inverse_points_preserve_position
2008,2008-10,10,4,22,Allison & Lillia,22.0,yearendMASTER-chartcalcs.ods,2008yearend,15,14,inverse_points_preserve_position
2008,2008-10,10,5,21,Countdown with Keith Olbermann,21.0,yearendMASTER-chartcalcs.ods,2008yearend,28,14,inverse_points_preserve_position
2008,2008-10,10,6,20,The Rachel Maddow Show,20.0,yearendMASTER-chartcalcs.ods,2008yearend,71,14,inverse_points_preserve_position
2008,2008-10,10,7,19,Emily of New Moon,19.0,yearendMASTER-chartcalcs.ods,2008yearend,33,14,inverse_points_preserve_position
2008,2008-10,10,8,18,Fruits Basket,18.0,yearendMASTER-chartcalcs.ods,2008yearend,34,14,inverse_points_preserve_position
2008,2008-10,10,9,17,Speed Grapher,17.0,yearendMASTER-chartcalcs.ods,2008yearend,63,14,inverse_points_preserve_position
2008,2008-10,10,10,16,Bleach,16.0,yearendMASTER-chartcalcs.ods,2008yearend,20,14,inverse_points_preserve_position
2008,2008-10,10,11,15,Moribito: Guardian of the Spirit,15.0,yearendMASTER-chartcalcs.ods,2008yearend,47,14,inverse_points_preserve_position
2008,2008-10,10,12,14,Tactics,14.0,yearendMASTER-chartcalcs.ods,2008yearend,68,14,inverse_points_preserve_position
2008,2008-10,10,13,13,Witch Hunter Robin,13.0,yearendMASTER-chartcalcs.ods,2008yearend,78,14,inverse_points_preserve_position
2008,2008-10,10,14,12,Bill Nye the Science Guy,12.0,yearendMASTER-chartcalcs.ods,2008yearend,17,14,inverse_points_preserve_position
2008,2008-10,10,15,11,Black Men Revealed,11.0,yearendMASTER-chartcalcs.ods,2008yearend,19,14,inverse_points_preserve_position
2008,2008-10,10,16,10,Code Geass,10.0,yearendMASTER-chartcalcs.ods,2008yearend,26,14,inverse_points_preserve_position
2008,2008-10,10,17,9,Kiddy Grade,9.0,yearendMASTER-chartcalcs.ods,2008yearend,41,14,inverse_points_preserve_position
2008,2008-10,10,18,8,Ouran High School Host Club,8.0,yearendMASTER-chartcalcs.ods,2008yearend,54,14,inverse_points_preserve_position
2008,2008-10,10,19,7,Real Time with Bill Maher,7.0,yearendMASTER-chartcalcs.ods,2008yearend,57,14,inverse_points_preserve_position
2008,2008-10,10,20,6,Vampire Princess Miyu,6.0,yearendMASTER-chartcalcs.ods,2008yearend,76,14,inverse_points_preserve_position
2008,2008-10,10,21,5,Digimon Data Squad,5.0,yearendMASTER-chartcalcs.ods,2008yearend,30,14,inverse_points_preserve_position
2008,2008-10,10,22,4,Jigoku Shoujo Futakomori,4.0,yearendMASTER-chartcalcs.ods,2008yearend,40,14,inverse_points_preserve_position
2008,2008-10,10,23,3,The Snow Queen,3.0,yearendMASTER-chartcalcs.ods,2008yearend,72,14,inverse_points_preserve_position
2008,2008-10,10,24,2,InuYasha,2.0,yearendMASTER-chartcalcs.ods,2008yearend,38,14,inverse_points_preserve_position
2008,2008-10,10,25,1,Cash Cab,1.0,yearendMASTER-chartcalcs.ods,2008yearend,25,14,inverse_points_preserve_position
2008,2008-11,11,1,25,Countdown with Keith Olbermann,25.0,yearendMASTER-chartcalcs.ods,2008yearend,28,15,inverse_points_preserve_position
2008,2008-11,11,2,24,Jigoku Shoujo Futakomori,24.0,yearendMASTER-chartcalcs.ods,2008yearend,40,15,inverse_points_preserve_position
2008,2008-11,11,3,23,Moribito: Guardian of the Spirit,23.0,yearendMASTER-chartcalcs.ods,2008yearend,47,15,inverse_points_preserve_position
2008,2008-11,11,4,22,Blue Drop,22.0,yearendMASTER-chartcalcs.ods,2008yearend,22,15,inverse_points_preserve_position
2008,2008-11,11,5,21,Bill Nye the Science Guy,21.0,yearendMASTER-chartcalcs.ods,2008yearend,17,15,inverse_points_preserve_position
2008,2008-11,11,6,20,Cardcaptor Sakura,20.0,yearendMASTER-chartcalcs.ods,2008yearend,23,15,inverse_points_preserve_position
2008,2008-11,11,7,19,The Rachel Maddow Show,19.0,yearendMASTER-chartcalcs.ods,2008yearend,71,15,inverse_points_preserve_position
2008,2008-11,11,8,18,Murder Princess,18.0,yearendMASTER-chartcalcs.ods,2008yearend,48,15,inverse_points_preserve_position
2008,2008-11,11,9,17,Bleach,17.0,yearendMASTER-chartcalcs.ods,2008yearend,20,15,inverse_points_preserve_position
2008,2008-11,11,10,16,Emily of New Moon,16.0,yearendMASTER-chartcalcs.ods,2008yearend,33,15,inverse_points_preserve_position
2008,2008-11,11,11,15,Fruits Basket,15.0,yearendMASTER-chartcalcs.ods,2008yearend,34,15,inverse_points_preserve_position
2008,2008-11,11,12,14,Real Time with Bill Maher,14.0,yearendMASTER-chartcalcs.ods,2008yearend,57,15,inverse_points_preserve_position
2008,2008-11,11,13,13,Vampire Knight,13.0,yearendMASTER-chartcalcs.ods,2008yearend,75,15,inverse_points_preserve_position
2008,2008-11,11,14,12,Kiddy Grade,12.0,yearendMASTER-chartcalcs.ods,2008yearend,41,15,inverse_points_preserve_position
2008,2008-11,11,15,11,ALF,11.0,yearendMASTER-chartcalcs.ods,2008yearend,14,15,inverse_points_preserve_position
2008,2008-11,11,16,10,Allison & Lillia,10.0,yearendMASTER-chartcalcs.ods,2008yearend,15,15,inverse_points_preserve_position
2008,2008-11,11,17,9,Itazura na Kiss,9.0,yearendMASTER-chartcalcs.ods,2008yearend,39,15,inverse_points_preserve_position
2008,2008-11,11,18,8,Speed Grapher,8.0,yearendMASTER-chartcalcs.ods,2008yearend,63,15,inverse_points_preserve_position
2008,2008-11,11,19,7,Vampire Princess Miyu,7.0,yearendMASTER-chartcalcs.ods,2008yearend,76,15,inverse_points_preserve_position
2008,2008-11,11,20,6,InuYasha,6.0,yearendMASTER-chartcalcs.ods,2008yearend,38,15,inverse_points_preserve_position
2008,2008-11,11,21,5,The Snow Queen,5.0,yearendMASTER-chartcalcs.ods,2008yearend,72,15,inverse_points_preserve_position
2008,2008-11,11,22,4,Tactics,4.0,yearendMASTER-chartcalcs.ods,2008yearend,68,15,inverse_points_preserve_position
2008,2008-11,11,23,3,Witchblade,3.0,yearendMASTER-chartcalcs.ods,2008yearend,79,15,inverse_points_preserve_position
2008,2008-11,11,24,2,Witch Hunter Robin,2.0,yearendMASTER-chartcalcs.ods,2008yearend,78,15,inverse_points_preserve_position
2008,2008-11,11,25,1,Aishiteruze Baby,1.0,yearendMASTER-chartcalcs.ods,2008yearend,12,15,inverse_points_preserve_position
2008,2008-12,12,1,25,Storm Chasers,25.0,yearendMASTER-chartcalcs.ods,2008yearend,65,16,inverse_points_preserve_position
2008,2008-12,12,2,24,xxxHOLiC: Kei,24.0,yearendMASTER-chartcalcs.ods,2008yearend,80,16,inverse_points_preserve_position
2008,2008-12,12,3,23,Fruits Basket,23.0,yearendMASTER-chartcalcs.ods,2008yearend,34,16,inverse_points_preserve_position
2008,2008-12,12,4,22,Moribito: Guardian of the Spirit,22.0,yearendMASTER-chartcalcs.ods,2008yearend,47,16,inverse_points_preserve_position
2008,2008-12,12,5,21,Jigoku Shoujo Futakomori,21.0,yearendMASTER-chartcalcs.ods,2008yearend,40,16,inverse_points_preserve_position
2008,2008-12,12,6,20,Countdown with Keith Olbermann,20.0,yearendMASTER-chartcalcs.ods,2008yearend,28,16,inverse_points_preserve_position
2008,2008-12,12,7,19,Real Time with Bill Maher,19.0,yearendMASTER-chartcalcs.ods,2008yearend,57,16,inverse_points_preserve_position
2008,2008-12,12,8,18,Bleach,18.0,yearendMASTER-chartcalcs.ods,2008yearend,20,16,inverse_points_preserve_position
2008,2008-12,12,9,17,The Rachel Maddow Show,17.0,yearendMASTER-chartcalcs.ods,2008yearend,71,16,inverse_points_preserve_position
2008,2008-12,12,10,16,Blue Drop,16.0,yearendMASTER-chartcalcs.ods,2008yearend,22,16,inverse_points_preserve_position
2008,2008-12,12,11,15,Bill Nye the Science Guy,15.0,yearendMASTER-chartcalcs.ods,2008yearend,17,16,inverse_points_preserve_position
2008,2008-12,12,12,14,Magical DoReMi,14.0,yearendMASTER-chartcalcs.ods,2008yearend,44,16,inverse_points_preserve_position
2008,2008-12,12,13,13,Cardcaptor Sakura,13.0,yearendMASTER-chartcalcs.ods,2008yearend,23,16,inverse_points_preserve_position
2008,2008-12,12,14,12,Vampire Knight,12.0,yearendMASTER-chartcalcs.ods,2008yearend,75,16,inverse_points_preserve_position
2008,2008-12,12,15,11,Negima,11.0,yearendMASTER-chartcalcs.ods,2008yearend,51,16,inverse_points_preserve_position
2008,2008-12,12,16,10,Dinosaur King,10.0,yearendMASTER-chartcalcs.ods,2008yearend,31,16,inverse_points_preserve_position
2008,2008-12,12,17,9,Murder Princess,9.0,yearendMASTER-chartcalcs.ods,2008yearend,48,16,inverse_points_preserve_position
2008,2008-12,12,18,8,Tactics,8.0,yearendMASTER-chartcalcs.ods,2008yearend,68,16,inverse_points_preserve_position
2008,2008-12,12,19,7,Fushigi Yuugi,7.0,yearendMASTER-chartcalcs.ods,2008yearend,35,16,inverse_points_preserve_position
2008,2008-12,12,20,6,Code-E,6.0,yearendMASTER-chartcalcs.ods,2008yearend,27,16,inverse_points_preserve_position
2008,2008-12,12,21,5,Aishiteruze Baby,5.0,yearendMASTER-chartcalcs.ods,2008yearend,12,16,inverse_points_preserve_position
2008,2008-12,12,22,4,Emily of New Moon,4.0,yearendMASTER-chartcalcs.ods,2008yearend,33,16,inverse_points_preserve_position
2008,2008-12,12,23,3,Vampire Princess Miyu,3.0,yearendMASTER-chartcalcs.ods,2008yearend,76,16,inverse_points_preserve_position
2008,2008-12,12,24,2,Witchblade,2.0,yearendMASTER-chartcalcs.ods,2008yearend,79,16,inverse_points_preserve_position
2008,2008-12,12,25,1,Speed Grapher,1.0,yearendMASTER-chartcalcs.ods,2008yearend,63,16,inverse_points_preserve_position
2009,2009-01,1,1,25,Code-E,25.0,yearendMASTER-chartcalcs.ods,2009yearend,19,5,inverse_points_preserve_position
2009,2009-01,1,2,24,xxxHOLiC: Kei,24.0,yearendMASTER-chartcalcs.ods,2009yearend,66,5,inverse_points_preserve_position
2009,2009-01,1,3,23,Bill Nye the Science Guy,23.0,yearendMASTER-chartcalcs.ods,2009yearend,13,5,inverse_points_preserve_position
2009,2009-01,1,4,22,Fruits Basket,22.0,yearendMASTER-chartcalcs.ods,2009yearend,23,5,inverse_points_preserve_position
2009,2009-01,1,5,21,Storm Chasers,21.0,yearendMASTER-chartcalcs.ods,2009yearend,54,5,inverse_points_preserve_position
2009,2009-01,1,6,20,Countdown with Keith Olbermann,20.0,yearendMASTER-chartcalcs.ods,2009yearend,20,5,inverse_points_preserve_position
2009,2009-01,1,7,19,Black Cat,19.0,yearendMASTER-chartcalcs.ods,2009yearend,14,5,inverse_points_preserve_position
2009,2009-01,1,8,18,Vampire Princess Miyu,18.0,yearendMASTER-chartcalcs.ods,2009yearend,62,5,inverse_points_preserve_position
2009,2009-01,1,9,17,Soul Eater,17.0,yearendMASTER-chartcalcs.ods,2009yearend,53,5,inverse_points_preserve_position
2009,2009-01,1,10,16,Tactics,16.0,yearendMASTER-chartcalcs.ods,2009yearend,55,5,inverse_points_preserve_position
2009,2009-01,1,11,15,Blue Drop: Tenshi-tachi no Gikyoku,15.0,yearendMASTER-chartcalcs.ods,2009yearend,16,5,inverse_points_preserve_position
2009,2009-01,1,12,14,Jigoku Shoujo Futakomori,14.0,yearendMASTER-chartcalcs.ods,2009yearend,27,5,inverse_points_preserve_position
2009,2009-01,1,13,13,Bleach,13.0,yearendMASTER-chartcalcs.ods,2009yearend,15,5,inverse_points_preserve_position
2009,2009-01,1,14,12,Fushigi Yuugi,12.0,yearendMASTER-chartcalcs.ods,2009yearend,24,5,inverse_points_preserve_position
2009,2009-01,1,15,11,Vampire Knight,11.0,yearendMASTER-chartcalcs.ods,2009yearend,61,5,inverse_points_preserve_position
2009,2009-01,1,16,10,The Rachel Maddow Show,10.0,yearendMASTER-chartcalcs.ods,2009yearend,56,5,inverse_points_preserve_position
2009,2009-01,1,17,9,Cardcaptor Sakura,9.0,yearendMASTER-chartcalcs.ods,2009yearend,18,5,inverse_points_preserve_position
2009,2009-01,1,18,8,Mobile Suit Gundam 00,8.0,yearendMASTER-chartcalcs.ods,2009yearend,36,5,inverse_points_preserve_position
2009,2009-01,1,19,7,Avatar: The Last Airbender,7.0,yearendMASTER-chartcalcs.ods,2009yearend,12,5,inverse_points_preserve_position
2009,2009-01,1,20,6,Moribito: Guardian of the Spirit,6.0,yearendMASTER-chartcalcs.ods,2009yearend,38,5,inverse_points_preserve_position
2009,2009-01,1,21,5,Horseland,5.0,yearendMASTER-chartcalcs.ods,2009yearend,25,5,inverse_points_preserve_position
2009,2009-01,1,22,4,You're Under Arrest!,4.0,yearendMASTER-chartcalcs.ods,2009yearend,67,5,inverse_points_preserve_position
2009,2009-01,1,23,3,Murder Princess,3.0,yearendMASTER-chartcalcs.ods,2009yearend,39,5,inverse_points_preserve_position
2009,2009-01,1,24,2,Dinosaur King,2.0,yearendMASTER-chartcalcs.ods,2009yearend,21,5,inverse_points_preserve_position
2009,2009-01,1,25,1,Witchblade,1.0,yearendMASTER-chartcalcs.ods,2009yearend,64,5,inverse_points_preserve_position
2009,2009-02,2,1,25,xxxHOLiC: Kei,25.0,yearendMASTER-chartcalcs.ods,2009yearend,66,6,inverse_points_preserve_position
2009,2009-02,2,2,24,Mobile Suit Gundam 00,24.0,yearendMASTER-chartcalcs.ods,2009yearend,36,6,inverse_points_preserve_position
2009,2009-02,2,3,23,Code-E,23.0,yearendMASTER-chartcalcs.ods,2009yearend,19,6,inverse_points_preserve_position
2009,2009-02,2,4,22,Moon Phase,22.0,yearendMASTER-chartcalcs.ods,2009yearend,37,6,inverse_points_preserve_position
2009,2009-02,2,5,21,Bill Nye the Science Guy,21.0,yearendMASTER-chartcalcs.ods,2009yearend,13,6,inverse_points_preserve_position
2009,2009-02,2,6,20,Jigoku Shoujo Futakomori,20.0,yearendMASTER-chartcalcs.ods,2009yearend,27,6,inverse_points_preserve_position
2009,2009-02,2,7,19,Soul Eater,19.0,yearendMASTER-chartcalcs.ods,2009yearend,53,6,inverse_points_preserve_position
2009,2009-02,2,8,18,Fruits Basket,18.0,yearendMASTER-chartcalcs.ods,2009yearend,23,6,inverse_points_preserve_position
2009,2009-02,2,9,17,Bleach,17.0,yearendMASTER-chartcalcs.ods,2009yearend,15,6,inverse_points_preserve_position
2009,2009-02,2,10,16,Blue Drop: Tenshi-tachi no Gikyoku,16.0,yearendMASTER-chartcalcs.ods,2009yearend,16,6,inverse_points_preserve_position
2009,2009-02,2,11,15,Black Cat,15.0,yearendMASTER-chartcalcs.ods,2009yearend,14,6,inverse_points_preserve_position
2009,2009-02,2,12,14,Kikaider,14.0,yearendMASTER-chartcalcs.ods,2009yearend,30,6,inverse_points_preserve_position
2009,2009-02,2,13,13,Horseland,13.0,yearendMASTER-chartcalcs.ods,2009yearend,25,6,inverse_points_preserve_position
2009,2009-02,2,14,12,Countdown with Keith Olbermann,12.0,yearendMASTER-chartcalcs.ods,2009yearend,20,6,inverse_points_preserve_position
2009,2009-02,2,15,11,Vampire Knight,11.0,yearendMASTER-chartcalcs.ods,2009yearend,61,6,inverse_points_preserve_position
2009,2009-02,2,16,10,Storm Chasers,10.0,yearendMASTER-chartcalcs.ods,2009yearend,54,6,inverse_points_preserve_position
2009,2009-02,2,17,9,You're Under Arrest!,9.0,yearendMASTER-chartcalcs.ods,2009yearend,67,6,inverse_points_preserve_position
2009,2009-02,2,18,8,Vampire Princess Miyu,8.0,yearendMASTER-chartcalcs.ods,2009yearend,62,6,inverse_points_preserve_position
2009,2009-02,2,19,7,Tactics,7.0,yearendMASTER-chartcalcs.ods,2009yearend,55,6,inverse_points_preserve_position
2009,2009-02,2,20,6,The Rachel Maddow Show,6.0,yearendMASTER-chartcalcs.ods,2009yearend,56,6,inverse_points_preserve_position
2009,2009-02,2,21,5,Huntik,5.0,yearendMASTER-chartcalcs.ods,2009yearend,26,6,inverse_points_preserve_position
2009,2009-02,2,22,4,Fushigi Yuugi,4.0,yearendMASTER-chartcalcs.ods,2009yearend,24,6,inverse_points_preserve_position
2009,2009-02,2,23,3,Cardcaptor Sakura,3.0,yearendMASTER-chartcalcs.ods,2009yearend,18,6,inverse_points_preserve_position
2009,2009-02,2,24,2,Murder Princess,2.0,yearendMASTER-chartcalcs.ods,2009yearend,39,6,inverse_points_preserve_position
2009,2009-02,2,25,1,Moribito: Guardian of the Spirit,1.0,yearendMASTER-chartcalcs.ods,2009yearend,38,6,inverse_points_preserve_position
2009,2009-03,3,1,25,xxxHOLiC: Kei,25.0,yearendMASTER-chartcalcs.ods,2009yearend,66,7,inverse_points_preserve_position
2009,2009-03,3,2,24,Mobile Suit Gundam 00,24.0,yearendMASTER-chartcalcs.ods,2009yearend,36,7,inverse_points_preserve_position
2009,2009-03,3,3,23,Nagasarete Airantou,23.0,yearendMASTER-chartcalcs.ods,2009yearend,41,7,inverse_points_preserve_position
2009,2009-03,3,4,22,Karin,22.0,yearendMASTER-chartcalcs.ods,2009yearend,28,7,inverse_points_preserve_position
2009,2009-03,3,5,21,Fruits Basket,21.0,yearendMASTER-chartcalcs.ods,2009yearend,23,7,inverse_points_preserve_position
2009,2009-03,3,6,20,Bleach,20.0,yearendMASTER-chartcalcs.ods,2009yearend,15,7,inverse_points_preserve_position
2009,2009-03,3,7,19,Code-E,19.0,yearendMASTER-chartcalcs.ods,2009yearend,19,7,inverse_points_preserve_position
2009,2009-03,3,8,18,Soul Eater,18.0,yearendMASTER-chartcalcs.ods,2009yearend,53,7,inverse_points_preserve_position
2009,2009-03,3,9,17,You're Under Arrest!,17.0,yearendMASTER-chartcalcs.ods,2009yearend,67,7,inverse_points_preserve_position
2009,2009-03,3,10,16,Cardcaptor Sakura,16.0,yearendMASTER-chartcalcs.ods,2009yearend,18,7,inverse_points_preserve_position
2009,2009-03,3,11,15,Countdown with Keith Olbermann,15.0,yearendMASTER-chartcalcs.ods,2009yearend,20,7,inverse_points_preserve_position
2009,2009-03,3,12,14,Bill Nye the Science Guy,14.0,yearendMASTER-chartcalcs.ods,2009yearend,13,7,inverse_points_preserve_position
2009,2009-03,3,13,13,Moon Phase,13.0,yearendMASTER-chartcalcs.ods,2009yearend,37,7,inverse_points_preserve_position
2009,2009-03,3,14,12,The Snow Queen,12.0,yearendMASTER-chartcalcs.ods,2009yearend,58,7,inverse_points_preserve_position
2009,2009-03,3,15,11,Tactics,11.0,yearendMASTER-chartcalcs.ods,2009yearend,55,7,inverse_points_preserve_position
2009,2009-03,3,16,10,Blue Drop: Tenshi-tachi no Gikyoku,10.0,yearendMASTER-chartcalcs.ods,2009yearend,16,7,inverse_points_preserve_position
2009,2009-03,3,17,9,Jigoku Shoujo Futakomori,9.0,yearendMASTER-chartcalcs.ods,2009yearend,27,7,inverse_points_preserve_position
2009,2009-03,3,18,8,The Rachel Maddow Show,8.0,yearendMASTER-chartcalcs.ods,2009yearend,56,7,inverse_points_preserve_position
2009,2009-03,3,19,7,Black Cat,7.0,yearendMASTER-chartcalcs.ods,2009yearend,14,7,inverse_points_preserve_position
2009,2009-03,3,20,6,Kikaider,6.0,yearendMASTER-chartcalcs.ods,2009yearend,30,7,inverse_points_preserve_position
2009,2009-03,3,21,5,Vampire Knight,5.0,yearendMASTER-chartcalcs.ods,2009yearend,61,7,inverse_points_preserve_position
2009,2009-03,3,22,4,Mushishi,4.0,yearendMASTER-chartcalcs.ods,2009yearend,40,7,inverse_points_preserve_position
2009,2009-03,3,23,3,Vampire Princess Miyu,3.0,yearendMASTER-chartcalcs.ods,2009yearend,62,7,inverse_points_preserve_position
2009,2009-03,3,24,2,Storm Chasers,2.0,yearendMASTER-chartcalcs.ods,2009yearend,54,7,inverse_points_preserve_position
2009,2009-03,3,25,1,Horseland,1.0,yearendMASTER-chartcalcs.ods,2009yearend,25,7,inverse_points_preserve_position
2009,2009-04,4,1,25,Red Garden,25.0,yearendMASTER-chartcalcs.ods,2009yearend,45,8,inverse_points_preserve_position
2009,2009-04,4,2,24,Mushishi,24.0,yearendMASTER-chartcalcs.ods,2009yearend,40,8,inverse_points_preserve_position
2009,2009-04,4,3,23,xxxHOLiC: Kei,23.0,yearendMASTER-chartcalcs.ods,2009yearend,66,8,inverse_points_preserve_position
2009,2009-04,4,4,22,Code-E,22.0,yearendMASTER-chartcalcs.ods,2009yearend,19,8,inverse_points_preserve_position
2009,2009-04,4,5,21,Countdown with Keith Olbermann,21.0,yearendMASTER-chartcalcs.ods,2009yearend,20,8,inverse_points_preserve_position
2009,2009-04,4,6,20,Mobile Suit Gundam 00,20.0,yearendMASTER-chartcalcs.ods,2009yearend,36,8,inverse_points_preserve_position
2009,2009-04,4,7,19,Fruits Basket,19.0,yearendMASTER-chartcalcs.ods,2009yearend,23,8,inverse_points_preserve_position
2009,2009-04,4,8,18,Nagasarete Airantou,18.0,yearendMASTER-chartcalcs.ods,2009yearend,41,8,inverse_points_preserve_position
2009,2009-04,4,9,17,Real Time with Bill Maher,17.0,yearendMASTER-chartcalcs.ods,2009yearend,44,8,inverse_points_preserve_position
2009,2009-04,4,10,16,Soul Eater,16.0,yearendMASTER-chartcalcs.ods,2009yearend,53,8,inverse_points_preserve_position
2009,2009-04,4,11,15,Moon Phase,15.0,yearendMASTER-chartcalcs.ods,2009yearend,37,8,inverse_points_preserve_position
2009,2009-04,4,12,14,Karin,14.0,yearendMASTER-chartcalcs.ods,2009yearend,28,8,inverse_points_preserve_position
2009,2009-04,4,13,13,Lamune,13.0,yearendMASTER-chartcalcs.ods,2009yearend,31,8,inverse_points_preserve_position
2009,2009-04,4,14,12,The Snow Queen,12.0,yearendMASTER-chartcalcs.ods,2009yearend,58,8,inverse_points_preserve_position
2009,2009-04,4,15,11,You're Under Arrest!,11.0,yearendMASTER-chartcalcs.ods,2009yearend,67,8,inverse_points_preserve_position
2009,2009-04,4,16,10,Blue Drop: Tenshi-tachi no Gikyoku,10.0,yearendMASTER-chartcalcs.ods,2009yearend,16,8,inverse_points_preserve_position
2009,2009-04,4,17,9,Cardcaptor Sakura,9.0,yearendMASTER-chartcalcs.ods,2009yearend,18,8,inverse_points_preserve_position
2009,2009-04,4,18,8,The Rachel Maddow Show,8.0,yearendMASTER-chartcalcs.ods,2009yearend,56,8,inverse_points_preserve_position
2009,2009-04,4,19,7,Bill Nye the Science Guy,7.0,yearendMASTER-chartcalcs.ods,2009yearend,13,8,inverse_points_preserve_position
2009,2009-04,4,20,6,Murder Princess,6.0,yearendMASTER-chartcalcs.ods,2009yearend,39,8,inverse_points_preserve_position
2009,2009-04,4,21,5,Tactics,5.0,yearendMASTER-chartcalcs.ods,2009yearend,55,8,inverse_points_preserve_position
2009,2009-04,4,22,4,Black Cat,4.0,yearendMASTER-chartcalcs.ods,2009yearend,14,8,inverse_points_preserve_position
2009,2009-04,4,23,3,Vampire Knight,3.0,yearendMASTER-chartcalcs.ods,2009yearend,61,8,inverse_points_preserve_position
2009,2009-04,4,24,2,Jigoku Shoujo Futakomori,2.0,yearendMASTER-chartcalcs.ods,2009yearend,27,8,inverse_points_preserve_position
2009,2009-04,4,25,1,Vampire Princess Miyu,1.0,yearendMASTER-chartcalcs.ods,2009yearend,62,8,inverse_points_preserve_position
2009,2009-05,5,1,25,Red Garden,25.0,yearendMASTER-chartcalcs.ods,2009yearend,45,9,inverse_points_preserve_position
2009,2009-05,5,2,24,Lamune,24.0,yearendMASTER-chartcalcs.ods,2009yearend,31,9,inverse_points_preserve_position
2009,2009-05,5,3,23,xxxHOLiC: Kei,23.0,yearendMASTER-chartcalcs.ods,2009yearend,66,9,inverse_points_preserve_position
2009,2009-05,5,4,22,Sister Princess,22.0,yearendMASTER-chartcalcs.ods,2009yearend,52,9,inverse_points_preserve_position
2009,2009-05,5,5,21,Mushishi,21.0,yearendMASTER-chartcalcs.ods,2009yearend,40,9,inverse_points_preserve_position
2009,2009-05,5,6,20,Scrapped Princess,20.0,yearendMASTER-chartcalcs.ods,2009yearend,47,9,inverse_points_preserve_position
2009,2009-05,5,7,19,Countdown with Keith Olbermann,19.0,yearendMASTER-chartcalcs.ods,2009yearend,20,9,inverse_points_preserve_position
2009,2009-05,5,8,18,Nagasarete Airantou,18.0,yearendMASTER-chartcalcs.ods,2009yearend,41,9,inverse_points_preserve_position
2009,2009-05,5,9,17,Shrine of the Morning Mist,17.0,yearendMASTER-chartcalcs.ods,2009yearend,51,9,inverse_points_preserve_position
2009,2009-05,5,10,16,You're Under Arrest!,16.0,yearendMASTER-chartcalcs.ods,2009yearend,67,9,inverse_points_preserve_position
2009,2009-05,5,11,15,Shikabane Hime,15.0,yearendMASTER-chartcalcs.ods,2009yearend,49,9,inverse_points_preserve_position
2009,2009-05,5,12,14,Code-E,14.0,yearendMASTER-chartcalcs.ods,2009yearend,19,9,inverse_points_preserve_position
2009,2009-05,5,13,13,Fruits Basket,13.0,yearendMASTER-chartcalcs.ods,2009yearend,23,9,inverse_points_preserve_position
2009,2009-05,5,14,12,Moon Phase,12.0,yearendMASTER-chartcalcs.ods,2009yearend,37,9,inverse_points_preserve_position
2009,2009-05,5,15,11,Soul Eater,11.0,yearendMASTER-chartcalcs.ods,2009yearend,53,9,inverse_points_preserve_position
2009,2009-05,5,16,10,Wolverine and the X-Men,10.0,yearendMASTER-chartcalcs.ods,2009yearend,65,9,inverse_points_preserve_position
2009,2009-05,5,17,9,The Spectacular Spider-Man,9.0,yearendMASTER-chartcalcs.ods,2009yearend,59,9,inverse_points_preserve_position
2009,2009-05,5,18,8,Blue Drop: Tenshi-tachi no Gikyoku,8.0,yearendMASTER-chartcalcs.ods,2009yearend,16,9,inverse_points_preserve_position
2009,2009-05,5,19,7,Bill Nye the Science Guy,7.0,yearendMASTER-chartcalcs.ods,2009yearend,13,9,inverse_points_preserve_position
2009,2009-05,5,20,6,The Snow Queen,6.0,yearendMASTER-chartcalcs.ods,2009yearend,58,9,inverse_points_preserve_position
2009,2009-05,5,21,5,Real Time with Bill Maher,5.0,yearendMASTER-chartcalcs.ods,2009yearend,44,9,inverse_points_preserve_position
2009,2009-05,5,22,4,Mobile Suit Gundam 00,4.0,yearendMASTER-chartcalcs.ods,2009yearend,36,9,inverse_points_preserve_position
2009,2009-05,5,23,3,Kiddy Grade,3.0,yearendMASTER-chartcalcs.ods,2009yearend,29,9,inverse_points_preserve_position
2009,2009-05,5,24,2,Murder Princess,2.0,yearendMASTER-chartcalcs.ods,2009yearend,39,9,inverse_points_preserve_position
2009,2009-05,5,25,1,Vampire Knight,1.0,yearendMASTER-chartcalcs.ods,2009yearend,61,9,inverse_points_preserve_position
2009,2009-06,6,1,25,Sister Princess,25.0,yearendMASTER-chartcalcs.ods,2009yearend,52,10,inverse_points_preserve_position
2009,2009-06,6,2,24,Mushishi,24.0,yearendMASTER-chartcalcs.ods,2009yearend,40,10,inverse_points_preserve_position
2009,2009-06,6,3,23,xxxHOLiC: Kei,23.0,yearendMASTER-chartcalcs.ods,2009yearend,66,10,inverse_points_preserve_position
2009,2009-06,6,4,22,Aishiteruze Baby,22.0,yearendMASTER-chartcalcs.ods,2009yearend,10,10,inverse_points_preserve_position
2009,2009-06,6,5,21,R.O.D the TV,21.0,yearendMASTER-chartcalcs.ods,2009yearend,42,10,inverse_points_preserve_position
2009,2009-06,6,6,20,Shikabane Hime,20.0,yearendMASTER-chartcalcs.ods,2009yearend,49,10,inverse_points_preserve_position
2009,2009-06,6,7,19,Lamune,19.0,yearendMASTER-chartcalcs.ods,2009yearend,31,10,inverse_points_preserve_position
2009,2009-06,6,8,18,Law & Order,18.0,yearendMASTER-chartcalcs.ods,2009yearend,32,10,inverse_points_preserve_position
2009,2009-06,6,9,17,Red Garden,17.0,yearendMASTER-chartcalcs.ods,2009yearend,45,10,inverse_points_preserve_position
2009,2009-06,6,10,16,Bill Nye the Science Guy,16.0,yearendMASTER-chartcalcs.ods,2009yearend,13,10,inverse_points_preserve_position
2009,2009-06,6,11,15,Moon Phase,15.0,yearendMASTER-chartcalcs.ods,2009yearend,37,10,inverse_points_preserve_position
2009,2009-06,6,12,14,Shrine of the Morning Mist,14.0,yearendMASTER-chartcalcs.ods,2009yearend,51,10,inverse_points_preserve_position
2009,2009-06,6,13,13,Countdown with Keith Olbermann,13.0,yearendMASTER-chartcalcs.ods,2009yearend,20,10,inverse_points_preserve_position
2009,2009-06,6,14,12,Scrapped Princess,12.0,yearendMASTER-chartcalcs.ods,2009yearend,47,10,inverse_points_preserve_position
2009,2009-06,6,15,11,Nagasarete Airantou,11.0,yearendMASTER-chartcalcs.ods,2009yearend,41,10,inverse_points_preserve_position
2009,2009-06,6,16,10,Code-E,10.0,yearendMASTER-chartcalcs.ods,2009yearend,19,10,inverse_points_preserve_position
2009,2009-06,6,17,9,You're Under Arrest!,9.0,yearendMASTER-chartcalcs.ods,2009yearend,67,10,inverse_points_preserve_position
2009,2009-06,6,18,8,Blue Drop: Tenshi-tachi no Gikyoku,8.0,yearendMASTER-chartcalcs.ods,2009yearend,16,10,inverse_points_preserve_position
2009,2009-06,6,19,7,Mobile Suit Gundam 00,7.0,yearendMASTER-chartcalcs.ods,2009yearend,36,10,inverse_points_preserve_position
2009,2009-06,6,20,6,Magic Knight Rayearth,6.0,yearendMASTER-chartcalcs.ods,2009yearend,34,10,inverse_points_preserve_position
2009,2009-06,6,21,5,Soul Eater,5.0,yearendMASTER-chartcalcs.ods,2009yearend,53,10,inverse_points_preserve_position
2009,2009-06,6,22,4,Fruits Basket,4.0,yearendMASTER-chartcalcs.ods,2009yearend,23,10,inverse_points_preserve_position
2009,2009-06,6,23,3,The Young and the Restless,3.0,yearendMASTER-chartcalcs.ods,2009yearend,60,10,inverse_points_preserve_position
2009,2009-06,6,24,2,Murder Princess,2.0,yearendMASTER-chartcalcs.ods,2009yearend,39,10,inverse_points_preserve_position
2009,2009-06,6,25,1,Kiddy Grade,1.0,yearendMASTER-chartcalcs.ods,2009yearend,29,10,inverse_points_preserve_position
2009,2009-07,7,1,25,R.O.D the TV,25.0,yearendMASTER-chartcalcs.ods,2009yearend,42,11,inverse_points_preserve_position
2009,2009-07,7,2,24,Sister Princess,24.0,yearendMASTER-chartcalcs.ods,2009yearend,52,11,inverse_points_preserve_position
2009,2009-07,7,3,23,Shikabane Hime,23.0,yearendMASTER-chartcalcs.ods,2009yearend,49,11,inverse_points_preserve_position
2009,2009-07,7,4,22,Mushishi,22.0,yearendMASTER-chartcalcs.ods,2009yearend,40,11,inverse_points_preserve_position
2009,2009-07,7,5,21,Law & Order,21.0,yearendMASTER-chartcalcs.ods,2009yearend,32,11,inverse_points_preserve_position
2009,2009-07,7,6,20,Countdown with Keith Olbermann,20.0,yearendMASTER-chartcalcs.ods,2009yearend,20,11,inverse_points_preserve_position
2009,2009-07,7,7,19,Ranma ½,19.0,yearendMASTER-chartcalcs.ods,2009yearend,43,11,inverse_points_preserve_position
2009,2009-07,7,8,18,xxxHOLiC: Kei,18.0,yearendMASTER-chartcalcs.ods,2009yearend,66,11,inverse_points_preserve_position
2009,2009-07,7,9,17,Bill Nye the Science Guy,17.0,yearendMASTER-chartcalcs.ods,2009yearend,13,11,inverse_points_preserve_position
2009,2009-07,7,10,16,Red Garden,16.0,yearendMASTER-chartcalcs.ods,2009yearend,45,11,inverse_points_preserve_position
2009,2009-07,7,11,15,Aishiteruze Baby,15.0,yearendMASTER-chartcalcs.ods,2009yearend,10,11,inverse_points_preserve_position
2009,2009-07,7,12,14,The Smoking Gun Presents: World's Dumbest...,14.0,yearendMASTER-chartcalcs.ods,2009yearend,57,11,inverse_points_preserve_position
2009,2009-07,7,13,13,The Young and the Restless,13.0,yearendMASTER-chartcalcs.ods,2009yearend,60,11,inverse_points_preserve_position
2009,2009-07,7,14,12,Lamune,12.0,yearendMASTER-chartcalcs.ods,2009yearend,31,11,inverse_points_preserve_position
2009,2009-07,7,15,11,Code-E,11.0,yearendMASTER-chartcalcs.ods,2009yearend,19,11,inverse_points_preserve_position
2009,2009-07,7,16,10,Moon Phase,10.0,yearendMASTER-chartcalcs.ods,2009yearend,37,11,inverse_points_preserve_position
2009,2009-07,7,17,9,Blue Drop: Tenshi-tachi no Gikyoku,9.0,yearendMASTER-chartcalcs.ods,2009yearend,16,11,inverse_points_preserve_position
2009,2009-07,7,18,8,Magic Knight Rayearth,8.0,yearendMASTER-chartcalcs.ods,2009yearend,34,11,inverse_points_preserve_position
2009,2009-07,7,19,7,Nagasarete Airantou,7.0,yearendMASTER-chartcalcs.ods,2009yearend,41,11,inverse_points_preserve_position
2009,2009-07,7,20,6,Shrine of the Morning Mist,6.0,yearendMASTER-chartcalcs.ods,2009yearend,51,11,inverse_points_preserve_position
2009,2009-07,7,21,5,Fruits Basket,5.0,yearendMASTER-chartcalcs.ods,2009yearend,23,11,inverse_points_preserve_position
2009,2009-07,7,22,4,Scrapped Princess,4.0,yearendMASTER-chartcalcs.ods,2009yearend,47,11,inverse_points_preserve_position
2009,2009-07,7,23,3,Mobile Suit Gundam 00,3.0,yearendMASTER-chartcalcs.ods,2009yearend,36,11,inverse_points_preserve_position
2009,2009-07,7,24,2,Soul Eater,2.0,yearendMASTER-chartcalcs.ods,2009yearend,53,11,inverse_points_preserve_position
2009,2009-07,7,25,1,You're Under Arrest!,1.0,yearendMASTER-chartcalcs.ods,2009yearend,67,11,inverse_points_preserve_position
2009,2009-08,8,1,25,Sister Princess,25.0,yearendMASTER-chartcalcs.ods,2009yearend,52,12,inverse_points_preserve_position
2009,2009-08,8,2,24,The Smoking Gun Presents: World's Dumbest...,24.0,yearendMASTER-chartcalcs.ods,2009yearend,57,12,inverse_points_preserve_position
2009,2009-08,8,3,23,R.O.D the TV,23.0,yearendMASTER-chartcalcs.ods,2009yearend,42,12,inverse_points_preserve_position
2009,2009-08,8,4,22,The Young and the Restless,22.0,yearendMASTER-chartcalcs.ods,2009yearend,60,12,inverse_points_preserve_position
2009,2009-08,8,5,21,Scrapped Princess,21.0,yearendMASTER-chartcalcs.ods,2009yearend,47,12,inverse_points_preserve_position
2009,2009-08,8,6,20,Lucky Star,20.0,yearendMASTER-chartcalcs.ods,2009yearend,33,12,inverse_points_preserve_position
2009,2009-08,8,7,19,Mushishi,19.0,yearendMASTER-chartcalcs.ods,2009yearend,40,12,inverse_points_preserve_position
2009,2009-08,8,8,18,Shikabane Hime,18.0,yearendMASTER-chartcalcs.ods,2009yearend,49,12,inverse_points_preserve_position
2009,2009-08,8,9,17,xxxHOLiC: Kei,17.0,yearendMASTER-chartcalcs.ods,2009yearend,66,12,inverse_points_preserve_position
2009,2009-08,8,10,16,Miami Guns,16.0,yearendMASTER-chartcalcs.ods,2009yearend,35,12,inverse_points_preserve_position
2009,2009-08,8,11,15,Blue Drop: Tenshi-tachi no Gikyoku,15.0,yearendMASTER-chartcalcs.ods,2009yearend,16,12,inverse_points_preserve_position
2009,2009-08,8,12,14,Law & Order,14.0,yearendMASTER-chartcalcs.ods,2009yearend,32,12,inverse_points_preserve_position
2009,2009-08,8,13,13,Bill Nye the Science Guy,13.0,yearendMASTER-chartcalcs.ods,2009yearend,13,12,inverse_points_preserve_position
2009,2009-08,8,14,12,Magic Knight Rayearth,12.0,yearendMASTER-chartcalcs.ods,2009yearend,34,12,inverse_points_preserve_position
2009,2009-08,8,15,11,Red Garden,11.0,yearendMASTER-chartcalcs.ods,2009yearend,45,12,inverse_points_preserve_position
2009,2009-08,8,16,10,Soul Eater,10.0,yearendMASTER-chartcalcs.ods,2009yearend,53,12,inverse_points_preserve_position
2009,2009-08,8,17,9,Aishiteruze Baby,9.0,yearendMASTER-chartcalcs.ods,2009yearend,10,12,inverse_points_preserve_position
2009,2009-08,8,18,8,Ranma ½,8.0,yearendMASTER-chartcalcs.ods,2009yearend,43,12,inverse_points_preserve_position
2009,2009-08,8,19,7,Flame of Recca,7.0,yearendMASTER-chartcalcs.ods,2009yearend,22,12,inverse_points_preserve_position
2009,2009-08,8,20,6,Countdown with Keith Olbermann,6.0,yearendMASTER-chartcalcs.ods,2009yearend,20,12,inverse_points_preserve_position
2009,2009-08,8,21,5,Code-E,5.0,yearendMASTER-chartcalcs.ods,2009yearend,19,12,inverse_points_preserve_position
2009,2009-08,8,22,4,Lamune,4.0,yearendMASTER-chartcalcs.ods,2009yearend,31,12,inverse_points_preserve_position
2009,2009-08,8,23,3,Moon Phase,3.0,yearendMASTER-chartcalcs.ods,2009yearend,37,12,inverse_points_preserve_position
2009,2009-08,8,24,2,You're Under Arrest!,2.0,yearendMASTER-chartcalcs.ods,2009yearend,67,12,inverse_points_preserve_position
2009,2009-08,8,25,1,Bottle Fairy,1.0,yearendMASTER-chartcalcs.ods,2009yearend,17,12,inverse_points_preserve_position
2009,2009-09,9,1,25,Sister Princess,25.0,yearendMASTER-chartcalcs.ods,2009yearend,52,13,inverse_points_preserve_position
2009,2009-09,9,2,24,Lucky Star,24.0,yearendMASTER-chartcalcs.ods,2009yearend,33,13,inverse_points_preserve_position
2009,2009-09,9,3,23,Shonen Onmyouji,23.0,yearendMASTER-chartcalcs.ods,2009yearend,50,13,inverse_points_preserve_position
2009,2009-09,9,4,22,Countdown with Keith Olbermann,22.0,yearendMASTER-chartcalcs.ods,2009yearend,20,13,inverse_points_preserve_position
2009,2009-09,9,5,21,Scrapped Princess,21.0,yearendMASTER-chartcalcs.ods,2009yearend,47,13,inverse_points_preserve_position
2009,2009-09,9,6,20,Magic Knight Rayearth,20.0,yearendMASTER-chartcalcs.ods,2009yearend,34,13,inverse_points_preserve_position
2009,2009-09,9,7,19,Karin,19.0,yearendMASTER-chartcalcs.ods,2009yearend,28,13,inverse_points_preserve_position
2009,2009-09,9,8,18,Seraphim Call,18.0,yearendMASTER-chartcalcs.ods,2009yearend,48,13,inverse_points_preserve_position
2009,2009-09,9,9,17,Miami Guns,17.0,yearendMASTER-chartcalcs.ods,2009yearend,35,13,inverse_points_preserve_position
2009,2009-09,9,10,16,R.O.D the TV,16.0,yearendMASTER-chartcalcs.ods,2009yearend,42,13,inverse_points_preserve_position
2009,2009-09,9,11,15,The Young and the Restless,15.0,yearendMASTER-chartcalcs.ods,2009yearend,60,13,inverse_points_preserve_position
2009,2009-09,9,12,14,Mushishi,14.0,yearendMASTER-chartcalcs.ods,2009yearend,40,13,inverse_points_preserve_position
2009,2009-09,9,13,13,Flame of Recca,13.0,yearendMASTER-chartcalcs.ods,2009yearend,22,13,inverse_points_preserve_position
2009,2009-09,9,14,12,Bill Nye the Science Guy,12.0,yearendMASTER-chartcalcs.ods,2009yearend,13,13,inverse_points_preserve_position
2009,2009-09,9,15,11,xxxHOLiC: Kei,11.0,yearendMASTER-chartcalcs.ods,2009yearend,66,13,inverse_points_preserve_position
2009,2009-09,9,16,10,Shikabane Hime,10.0,yearendMASTER-chartcalcs.ods,2009yearend,49,13,inverse_points_preserve_position
2009,2009-09,9,17,9,Red Garden,9.0,yearendMASTER-chartcalcs.ods,2009yearend,45,13,inverse_points_preserve_position
2009,2009-09,9,18,8,The Rachel Maddow Show,8.0,yearendMASTER-chartcalcs.ods,2009yearend,56,13,inverse_points_preserve_position
2009,2009-09,9,19,7,The Smoking Gun Presents: World's Dumbest...,7.0,yearendMASTER-chartcalcs.ods,2009yearend,57,13,inverse_points_preserve_position
2009,2009-09,9,20,6,Blue Drop: Tenshi-tachi no Gikyoku,6.0,yearendMASTER-chartcalcs.ods,2009yearend,16,13,inverse_points_preserve_position
2009,2009-09,9,21,5,You're Under Arrest!,5.0,yearendMASTER-chartcalcs.ods,2009yearend,67,13,inverse_points_preserve_position
2009,2009-09,9,22,4,Soul Eater,4.0,yearendMASTER-chartcalcs.ods,2009yearend,53,13,inverse_points_preserve_position
2009,2009-09,9,23,3,Aishiteruze Baby,3.0,yearendMASTER-chartcalcs.ods,2009yearend,10,13,inverse_points_preserve_position
2009,2009-09,9,24,2,Code-E,2.0,yearendMASTER-chartcalcs.ods,2009yearend,19,13,inverse_points_preserve_position
2009,2009-09,9,25,1,Lamune,1.0,yearendMASTER-chartcalcs.ods,2009yearend,31,13,inverse_points_preserve_position
2009,2009-10,10,1,25,Lucky Star,25.0,yearendMASTER-chartcalcs.ods,2009yearend,33,14,inverse_points_preserve_position
2009,2009-10,10,2,24,Countdown with Keith Olbermann,24.0,yearendMASTER-chartcalcs.ods,2009yearend,20,14,inverse_points_preserve_position
2009,2009-10,10,3,23,Sister Princess,23.0,yearendMASTER-chartcalcs.ods,2009yearend,52,14,inverse_points_preserve_position
2009,2009-10,10,4,22,Seraphim Call,22.0,yearendMASTER-chartcalcs.ods,2009yearend,48,14,inverse_points_preserve_position
2009,2009-10,10,5,21,Bill Nye the Science Guy,21.0,yearendMASTER-chartcalcs.ods,2009yearend,13,14,inverse_points_preserve_position
2009,2009-10,10,6,20,Shonen Onmyouji,20.0,yearendMASTER-chartcalcs.ods,2009yearend,50,14,inverse_points_preserve_position
2009,2009-10,10,7,19,Scrapped Princess,19.0,yearendMASTER-chartcalcs.ods,2009yearend,47,14,inverse_points_preserve_position
2009,2009-10,10,8,18,R.O.D the TV,18.0,yearendMASTER-chartcalcs.ods,2009yearend,42,14,inverse_points_preserve_position
2009,2009-10,10,9,17,The Young and the Restless,17.0,yearendMASTER-chartcalcs.ods,2009yearend,60,14,inverse_points_preserve_position
2009,2009-10,10,10,16,07-Ghost,16.0,yearendMASTER-chartcalcs.ods,2009yearend,9,14,inverse_points_preserve_position
2009,2009-10,10,11,15,Mushishi,15.0,yearendMASTER-chartcalcs.ods,2009yearend,40,14,inverse_points_preserve_position
2009,2009-10,10,12,14,Magic Knight Rayearth,14.0,yearendMASTER-chartcalcs.ods,2009yearend,34,14,inverse_points_preserve_position
2009,2009-10,10,13,13,Moribito: Guardian of the Spirit,13.0,yearendMASTER-chartcalcs.ods,2009yearend,38,14,inverse_points_preserve_position
2009,2009-10,10,14,12,Karin,12.0,yearendMASTER-chartcalcs.ods,2009yearend,28,14,inverse_points_preserve_position
2009,2009-10,10,15,11,America's Most Wanted,11.0,yearendMASTER-chartcalcs.ods,2009yearend,11,14,inverse_points_preserve_position
2009,2009-10,10,16,10,Miami Guns,10.0,yearendMASTER-chartcalcs.ods,2009yearend,35,14,inverse_points_preserve_position
2009,2009-10,10,17,9,Red Shoe Diaries,9.0,yearendMASTER-chartcalcs.ods,2009yearend,46,14,inverse_points_preserve_position
2009,2009-10,10,18,8,Flame of Recca,8.0,yearendMASTER-chartcalcs.ods,2009yearend,22,14,inverse_points_preserve_position
2009,2009-10,10,19,7,xxxHOLiC: Kei,7.0,yearendMASTER-chartcalcs.ods,2009yearend,66,14,inverse_points_preserve_position
2009,2009-10,10,20,6,Red Garden,6.0,yearendMASTER-chartcalcs.ods,2009yearend,45,14,inverse_points_preserve_position
2009,2009-10,10,21,5,Shikabane Hime,5.0,yearendMASTER-chartcalcs.ods,2009yearend,49,14,inverse_points_preserve_position
2009,2009-10,10,22,4,You're Under Arrest!,4.0,yearendMASTER-chartcalcs.ods,2009yearend,67,14,inverse_points_preserve_position
2009,2009-10,10,23,3,Blue Drop: Tenshi-tachi no Gikyoku,3.0,yearendMASTER-chartcalcs.ods,2009yearend,16,14,inverse_points_preserve_position
2009,2009-10,10,24,2,Code-E,2.0,yearendMASTER-chartcalcs.ods,2009yearend,19,14,inverse_points_preserve_position
2009,2009-10,10,25,1,Aishiteruze Baby,1.0,yearendMASTER-chartcalcs.ods,2009yearend,10,14,inverse_points_preserve_position
2009,2009-11,11,1,25,Lucky Star,25.0,yearendMASTER-chartcalcs.ods,2009yearend,33,15,inverse_points_preserve_position
2009,2009-11,11,2,24,Seraphim Call,24.0,yearendMASTER-chartcalcs.ods,2009yearend,48,15,inverse_points_preserve_position
2009,2009-11,11,3,23,Countdown with Keith Olbermann,23.0,yearendMASTER-chartcalcs.ods,2009yearend,20,15,inverse_points_preserve_position
2009,2009-11,11,4,22,07-Ghost,22.0,yearendMASTER-chartcalcs.ods,2009yearend,9,15,inverse_points_preserve_position
2009,2009-11,11,5,21,Shonen Onmyouji,21.0,yearendMASTER-chartcalcs.ods,2009yearend,50,15,inverse_points_preserve_position
2009,2009-11,11,6,20,Scrapped Princess,20.0,yearendMASTER-chartcalcs.ods,2009yearend,47,15,inverse_points_preserve_position
2009,2009-11,11,7,19,Red Garden,19.0,yearendMASTER-chartcalcs.ods,2009yearend,45,15,inverse_points_preserve_position
2009,2009-11,11,8,18,R.O.D the TV,18.0,yearendMASTER-chartcalcs.ods,2009yearend,42,15,inverse_points_preserve_position
2009,2009-11,11,9,17,Bill Nye the Science Guy,17.0,yearendMASTER-chartcalcs.ods,2009yearend,13,15,inverse_points_preserve_position
2009,2009-11,11,10,16,America's Most Wanted,16.0,yearendMASTER-chartcalcs.ods,2009yearend,11,15,inverse_points_preserve_position
2009,2009-11,11,11,15,Virtua Fighter,15.0,yearendMASTER-chartcalcs.ods,2009yearend,63,15,inverse_points_preserve_position
2009,2009-11,11,12,14,Miami Guns,14.0,yearendMASTER-chartcalcs.ods,2009yearend,35,15,inverse_points_preserve_position
2009,2009-11,11,13,13,Moribito: Guardian of the Spirit,13.0,yearendMASTER-chartcalcs.ods,2009yearend,38,15,inverse_points_preserve_position
2009,2009-11,11,14,12,Sister Princess,12.0,yearendMASTER-chartcalcs.ods,2009yearend,52,15,inverse_points_preserve_position
2009,2009-11,11,15,11,The Young and the Restless,11.0,yearendMASTER-chartcalcs.ods,2009yearend,60,15,inverse_points_preserve_position
2009,2009-11,11,16,10,Magic Knight Rayearth,10.0,yearendMASTER-chartcalcs.ods,2009yearend,34,15,inverse_points_preserve_position
2009,2009-11,11,17,9,The Smoking Gun Presents: World's Dumbest...,9.0,yearendMASTER-chartcalcs.ods,2009yearend,57,15,inverse_points_preserve_position
2009,2009-11,11,18,8,Vampire Princess Miyu,8.0,yearendMASTER-chartcalcs.ods,2009yearend,62,15,inverse_points_preserve_position
2009,2009-11,11,19,7,Mushishi,7.0,yearendMASTER-chartcalcs.ods,2009yearend,40,15,inverse_points_preserve_position
2009,2009-11,11,20,6,Karin,6.0,yearendMASTER-chartcalcs.ods,2009yearend,28,15,inverse_points_preserve_position
2009,2009-11,11,21,5,Soul Eater,5.0,yearendMASTER-chartcalcs.ods,2009yearend,53,15,inverse_points_preserve_position
2009,2009-11,11,22,4,xxxHOLiC: Kei,4.0,yearendMASTER-chartcalcs.ods,2009yearend,66,15,inverse_points_preserve_position
2009,2009-11,11,23,3,Blue Drop: Tenshi-tachi no Gikyoku,3.0,yearendMASTER-chartcalcs.ods,2009yearend,16,15,inverse_points_preserve_position
2009,2009-11,11,24,2,Code-E,2.0,yearendMASTER-chartcalcs.ods,2009yearend,19,15,inverse_points_preserve_position
2009,2009-11,11,25,1,Shikabane Hime,1.0,yearendMASTER-chartcalcs.ods,2009yearend,49,15,inverse_points_preserve_position
2009,2009-12,12,1,25,Lucky Star,25.0,yearendMASTER-chartcalcs.ods,2009yearend,33,16,inverse_points_preserve_position
2009,2009-12,12,2,24,Ghost Stories,24.0,yearendMASTER-chartcalcs.ods,2009yearend,68,16,inverse_points_preserve_position
2009,2009-12,12,3,23,Seraphim Call,23.0,yearendMASTER-chartcalcs.ods,2009yearend,48,16,inverse_points_preserve_position
2009,2009-12,12,4,22,Vampire Princess Miyu,22.0,yearendMASTER-chartcalcs.ods,2009yearend,62,16,inverse_points_preserve_position
2009,2009-12,12,5,21,Scrapped Princess,21.0,yearendMASTER-chartcalcs.ods,2009yearend,47,16,inverse_points_preserve_position
2009,2009-12,12,6,20,Countdown with Keith Olbermann,20.0,yearendMASTER-chartcalcs.ods,2009yearend,20,16,inverse_points_preserve_position
2009,2009-12,12,7,19,Ramen Fighter Miki,19.0,yearendMASTER-chartcalcs.ods,2009yearend,69,16,inverse_points_preserve_position
2009,2009-12,12,8,18,Shonen Onmyouji,18.0,yearendMASTER-chartcalcs.ods,2009yearend,50,16,inverse_points_preserve_position
2009,2009-12,12,9,17,07-Ghost,17.0,yearendMASTER-chartcalcs.ods,2009yearend,9,16,inverse_points_preserve_position
2009,2009-12,12,10,16,Sister Princess,16.0,yearendMASTER-chartcalcs.ods,2009yearend,52,16,inverse_points_preserve_position
2009,2009-12,12,11,15,Virtua Fighter,15.0,yearendMASTER-chartcalcs.ods,2009yearend,63,16,inverse_points_preserve_position
2009,2009-12,12,12,14,Red Garden,14.0,yearendMASTER-chartcalcs.ods,2009yearend,45,16,inverse_points_preserve_position
2009,2009-12,12,13,13,Soul Eater,13.0,yearendMASTER-chartcalcs.ods,2009yearend,53,16,inverse_points_preserve_position
2009,2009-12,12,14,12,R.O.D the TV,12.0,yearendMASTER-chartcalcs.ods,2009yearend,42,16,inverse_points_preserve_position
2009,2009-12,12,15,11,Bill Nye the Science Guy,11.0,yearendMASTER-chartcalcs.ods,2009yearend,13,16,inverse_points_preserve_position
2009,2009-12,12,16,10,xxxHOLiC: Kei,10.0,yearendMASTER-chartcalcs.ods,2009yearend,66,16,inverse_points_preserve_position
2009,2009-12,12,17,9,The Young and the Restless,9.0,yearendMASTER-chartcalcs.ods,2009yearend,60,16,inverse_points_preserve_position
2009,2009-12,12,18,8,Mushishi,8.0,yearendMASTER-chartcalcs.ods,2009yearend,40,16,inverse_points_preserve_position
2009,2009-12,12,19,7,Magic Knight Rayearth,7.0,yearendMASTER-chartcalcs.ods,2009yearend,34,16,inverse_points_preserve_position
2009,2009-12,12,20,6,America's Most Wanted,6.0,yearendMASTER-chartcalcs.ods,2009yearend,11,16,inverse_points_preserve_position
2009,2009-12,12,21,5,Miami Guns,5.0,yearendMASTER-chartcalcs.ods,2009yearend,35,16,inverse_points_preserve_position
2009,2009-12,12,22,4,The Smoking Gun Presents: World's Dumbest...,4.0,yearendMASTER-chartcalcs.ods,2009yearend,57,16,inverse_points_preserve_position
2009,2009-12,12,23,3,Moribito: Guardian of the Spirit,3.0,yearendMASTER-chartcalcs.ods,2009yearend,38,16,inverse_points_preserve_position
2009,2009-12,12,24,2,Code-E,2.0,yearendMASTER-chartcalcs.ods,2009yearend,19,16,inverse_points_preserve_position
2009,2009-12,12,25,1,Shikabane Hime,1.0,yearendMASTER-chartcalcs.ods,2009yearend,49,16,inverse_points_preserve_position
2010,2010-01,1,1,25,Ragnarok the Animation,25.0,yearendMASTER-chartcalcs.ods,2010yearend,43,5,inverse_points_preserve_position
2010,2010-01,1,2,24,Ghost Stories,24.0,yearendMASTER-chartcalcs.ods,2010yearend,29,5,inverse_points_preserve_position
2010,2010-01,1,3,23,Bamboo Blade,23.0,yearendMASTER-chartcalcs.ods,2010yearend,13,5,inverse_points_preserve_position
2010,2010-01,1,4,22,Lucky Star,22.0,yearendMASTER-chartcalcs.ods,2010yearend,36,5,inverse_points_preserve_position
2010,2010-01,1,5,21,Ramen Fighter Miki,21.0,yearendMASTER-chartcalcs.ods,2010yearend,44,5,inverse_points_preserve_position
2010,2010-01,1,6,20,Solty Rei,20.0,yearendMASTER-chartcalcs.ods,2010yearend,54,5,inverse_points_preserve_position
2010,2010-01,1,7,19,Seraphim Call,19.0,yearendMASTER-chartcalcs.ods,2010yearend,50,5,inverse_points_preserve_position
2010,2010-01,1,8,18,Digimon: Digital Monsters,18.0,yearendMASTER-chartcalcs.ods,2010yearend,24,5,inverse_points_preserve_position
2010,2010-01,1,9,17,Sister Princess,17.0,yearendMASTER-chartcalcs.ods,2010yearend,53,5,inverse_points_preserve_position
2010,2010-01,1,10,16,Code-E,16.0,yearendMASTER-chartcalcs.ods,2010yearend,19,5,inverse_points_preserve_position
2010,2010-01,1,11,15,R.O.D the TV,15.0,yearendMASTER-chartcalcs.ods,2010yearend,42,5,inverse_points_preserve_position
2010,2010-01,1,12,14,Vampire Princess Miyu,14.0,yearendMASTER-chartcalcs.ods,2010yearend,63,5,inverse_points_preserve_position
2010,2010-01,1,13,13,xxxHOLiC: Kei,13.0,yearendMASTER-chartcalcs.ods,2010yearend,65,5,inverse_points_preserve_position
2010,2010-01,1,14,12,Scrapped Princess,12.0,yearendMASTER-chartcalcs.ods,2010yearend,49,5,inverse_points_preserve_position
2010,2010-01,1,15,11,Shonen Onmyouji,11.0,yearendMASTER-chartcalcs.ods,2010yearend,52,5,inverse_points_preserve_position
2010,2010-01,1,16,10,Ryoko's Case File,10.0,yearendMASTER-chartcalcs.ods,2010yearend,47,5,inverse_points_preserve_position
2010,2010-01,1,17,9,Mushishi,9.0,yearendMASTER-chartcalcs.ods,2010yearend,39,5,inverse_points_preserve_position
2010,2010-01,1,18,8,Countdown with Keith Olbermann,8.0,yearendMASTER-chartcalcs.ods,2010yearend,20,5,inverse_points_preserve_position
2010,2010-01,1,19,7,Soul Eater,7.0,yearendMASTER-chartcalcs.ods,2010yearend,55,5,inverse_points_preserve_position
2010,2010-01,1,20,6,07-Ghost,6.0,yearendMASTER-chartcalcs.ods,2010yearend,10,5,inverse_points_preserve_position
2010,2010-01,1,21,5,America's Most Wanted,5.0,yearendMASTER-chartcalcs.ods,2010yearend,11,5,inverse_points_preserve_position
2010,2010-01,1,22,4,Red Garden,4.0,yearendMASTER-chartcalcs.ods,2010yearend,46,5,inverse_points_preserve_position
2010,2010-01,1,23,3,The Smoking Gun Presents World's Dumbest,3.0,yearendMASTER-chartcalcs.ods,2010yearend,59,5,inverse_points_preserve_position
2010,2010-01,1,24,2,Bill Nye the Science Guy,2.0,yearendMASTER-chartcalcs.ods,2010yearend,15,5,inverse_points_preserve_position
2010,2010-01,1,25,1,Magic Knight Rayearth,1.0,yearendMASTER-chartcalcs.ods,2010yearend,37,5,inverse_points_preserve_position
2010,2010-02,2,1,25,Ragnarok the Animation,25.0,yearendMASTER-chartcalcs.ods,2010yearend,43,6,inverse_points_preserve_position
2010,2010-02,2,2,24,Sister Princess,24.0,yearendMASTER-chartcalcs.ods,2010yearend,53,6,inverse_points_preserve_position
2010,2010-02,2,3,23,Lucky Star,23.0,yearendMASTER-chartcalcs.ods,2010yearend,36,6,inverse_points_preserve_position
2010,2010-02,2,4,22,Ramen Fighter Miki,22.0,yearendMASTER-chartcalcs.ods,2010yearend,44,6,inverse_points_preserve_position
2010,2010-02,2,5,21,Best Student Council,21.0,yearendMASTER-chartcalcs.ods,2010yearend,14,6,inverse_points_preserve_position
2010,2010-02,2,6,20,Vampire Princess Miyu,20.0,yearendMASTER-chartcalcs.ods,2010yearend,63,6,inverse_points_preserve_position
2010,2010-02,2,7,19,Bamboo Blade,19.0,yearendMASTER-chartcalcs.ods,2010yearend,13,6,inverse_points_preserve_position
2010,2010-02,2,8,18,Ghost Stories,18.0,yearendMASTER-chartcalcs.ods,2010yearend,29,6,inverse_points_preserve_position
2010,2010-02,2,9,17,Seraphim Call,17.0,yearendMASTER-chartcalcs.ods,2010yearend,50,6,inverse_points_preserve_position
2010,2010-02,2,10,16,Digimon: Digital Monsters,16.0,yearendMASTER-chartcalcs.ods,2010yearend,24,6,inverse_points_preserve_position
2010,2010-02,2,11,15,The Smoking Gun Presents World's Dumbest,15.0,yearendMASTER-chartcalcs.ods,2010yearend,59,6,inverse_points_preserve_position
2010,2010-02,2,12,14,El Cazador de la Bruja,14.0,yearendMASTER-chartcalcs.ods,2010yearend,27,6,inverse_points_preserve_position
2010,2010-02,2,13,13,Code-E,13.0,yearendMASTER-chartcalcs.ods,2010yearend,19,6,inverse_points_preserve_position
2010,2010-02,2,14,12,Law & Order: Special Victims Unit,12.0,yearendMASTER-chartcalcs.ods,2010yearend,35,6,inverse_points_preserve_position
2010,2010-02,2,15,11,Countdown with Keith Olbermann,11.0,yearendMASTER-chartcalcs.ods,2010yearend,20,6,inverse_points_preserve_position
2010,2010-02,2,16,10,R.O.D the TV,10.0,yearendMASTER-chartcalcs.ods,2010yearend,42,6,inverse_points_preserve_position
2010,2010-02,2,17,9,Mushishi,9.0,yearendMASTER-chartcalcs.ods,2010yearend,39,6,inverse_points_preserve_position
2010,2010-02,2,18,8,Solty Rei,8.0,yearendMASTER-chartcalcs.ods,2010yearend,54,6,inverse_points_preserve_position
2010,2010-02,2,19,7,Ryoko's Case File,7.0,yearendMASTER-chartcalcs.ods,2010yearend,47,6,inverse_points_preserve_position
2010,2010-02,2,20,6,Scrapped Princess,6.0,yearendMASTER-chartcalcs.ods,2010yearend,49,6,inverse_points_preserve_position
2010,2010-02,2,21,5,Divorce Court,5.0,yearendMASTER-chartcalcs.ods,2010yearend,25,6,inverse_points_preserve_position
2010,2010-02,2,22,4,Soul Eater,4.0,yearendMASTER-chartcalcs.ods,2010yearend,55,6,inverse_points_preserve_position
2010,2010-02,2,23,3,Shonen Onmyouji,3.0,yearendMASTER-chartcalcs.ods,2010yearend,52,6,inverse_points_preserve_position
2010,2010-02,2,24,2,Red Garden,2.0,yearendMASTER-chartcalcs.ods,2010yearend,46,6,inverse_points_preserve_position
2010,2010-02,2,25,1,Shikabane Hime,1.0,yearendMASTER-chartcalcs.ods,2010yearend,51,6,inverse_points_preserve_position
2010,2010-03,3,1,25,Sister Princess,25.0,yearendMASTER-chartcalcs.ods,2010yearend,53,7,inverse_points_preserve_position
2010,2010-03,3,2,24,El Cazador de la Bruja,24.0,yearendMASTER-chartcalcs.ods,2010yearend,27,7,inverse_points_preserve_position
2010,2010-03,3,3,23,Best Student Council,23.0,yearendMASTER-chartcalcs.ods,2010yearend,14,7,inverse_points_preserve_position
2010,2010-03,3,4,22,Lucky Star,22.0,yearendMASTER-chartcalcs.ods,2010yearend,36,7,inverse_points_preserve_position
2010,2010-03,3,5,21,Ragnarok the Animation,21.0,yearendMASTER-chartcalcs.ods,2010yearend,43,7,inverse_points_preserve_position
2010,2010-03,3,6,20,Countdown with Keith Olbermann,20.0,yearendMASTER-chartcalcs.ods,2010yearend,20,7,inverse_points_preserve_position
2010,2010-03,3,7,19,Vampire Princess Miyu,19.0,yearendMASTER-chartcalcs.ods,2010yearend,63,7,inverse_points_preserve_position
2010,2010-03,3,8,18,Solty Rei,18.0,yearendMASTER-chartcalcs.ods,2010yearend,54,7,inverse_points_preserve_position
2010,2010-03,3,9,17,The Smoking Gun Presents World's Dumbest,17.0,yearendMASTER-chartcalcs.ods,2010yearend,59,7,inverse_points_preserve_position
2010,2010-03,3,10,16,Bamboo Blade,16.0,yearendMASTER-chartcalcs.ods,2010yearend,13,7,inverse_points_preserve_position
2010,2010-03,3,11,15,Ramen Fighter Miki,15.0,yearendMASTER-chartcalcs.ods,2010yearend,44,7,inverse_points_preserve_position
2010,2010-03,3,12,14,Samurai Deeper Kyo,14.0,yearendMASTER-chartcalcs.ods,2010yearend,48,7,inverse_points_preserve_position
2010,2010-03,3,13,13,Digimon: Digital Monsters,13.0,yearendMASTER-chartcalcs.ods,2010yearend,24,7,inverse_points_preserve_position
2010,2010-03,3,14,12,Seraphim Call,12.0,yearendMASTER-chartcalcs.ods,2010yearend,50,7,inverse_points_preserve_position
2010,2010-03,3,15,11,Ghost Stories,11.0,yearendMASTER-chartcalcs.ods,2010yearend,29,7,inverse_points_preserve_position
2010,2010-03,3,16,10,Code-E,10.0,yearendMASTER-chartcalcs.ods,2010yearend,19,7,inverse_points_preserve_position
2010,2010-03,3,17,9,Divorce Court,9.0,yearendMASTER-chartcalcs.ods,2010yearend,25,7,inverse_points_preserve_position
2010,2010-03,3,18,8,Soul Eater,8.0,yearendMASTER-chartcalcs.ods,2010yearend,55,7,inverse_points_preserve_position
2010,2010-03,3,19,7,R.O.D the TV,7.0,yearendMASTER-chartcalcs.ods,2010yearend,42,7,inverse_points_preserve_position
2010,2010-03,3,20,6,Real Time with Bill Maher,6.0,yearendMASTER-chartcalcs.ods,2010yearend,45,7,inverse_points_preserve_position
2010,2010-03,3,21,5,Mushishi,5.0,yearendMASTER-chartcalcs.ods,2010yearend,39,7,inverse_points_preserve_position
2010,2010-03,3,22,4,The Young and the Restless,4.0,yearendMASTER-chartcalcs.ods,2010yearend,60,7,inverse_points_preserve_position
2010,2010-03,3,23,3,Scrapped Princess,3.0,yearendMASTER-chartcalcs.ods,2010yearend,49,7,inverse_points_preserve_position
2010,2010-03,3,24,2,Ryoko's Case File,2.0,yearendMASTER-chartcalcs.ods,2010yearend,47,7,inverse_points_preserve_position
2010,2010-03,3,25,1,Shonen Onmyouji,1.0,yearendMASTER-chartcalcs.ods,2010yearend,52,7,inverse_points_preserve_position
2010,2010-04,4,1,25,Kokoro Library,25.0,yearendMASTER-chartcalcs.ods,2010yearend,33,8,inverse_points_preserve_position
2010,2010-04,4,2,24,Sister Princess,24.0,yearendMASTER-chartcalcs.ods,2010yearend,53,8,inverse_points_preserve_position
2010,2010-04,4,3,23,The Rachel Maddow Show,23.0,yearendMASTER-chartcalcs.ods,2010yearend,58,8,inverse_points_preserve_position
2010,2010-04,4,4,22,El Cazador de la Bruja,22.0,yearendMASTER-chartcalcs.ods,2010yearend,27,8,inverse_points_preserve_position
2010,2010-04,4,5,21,Countdown with Keith Olbermann,21.0,yearendMASTER-chartcalcs.ods,2010yearend,20,8,inverse_points_preserve_position
2010,2010-04,4,6,20,The Smoking Gun Presents World's Dumbest,20.0,yearendMASTER-chartcalcs.ods,2010yearend,59,8,inverse_points_preserve_position
2010,2010-04,4,7,19,Lucky Star,19.0,yearendMASTER-chartcalcs.ods,2010yearend,36,8,inverse_points_preserve_position
2010,2010-04,4,8,18,Best Student Council,18.0,yearendMASTER-chartcalcs.ods,2010yearend,14,8,inverse_points_preserve_position
2010,2010-04,4,9,17,Solty Rei,17.0,yearendMASTER-chartcalcs.ods,2010yearend,54,8,inverse_points_preserve_position
2010,2010-04,4,10,16,Ryoko's Case File,16.0,yearendMASTER-chartcalcs.ods,2010yearend,47,8,inverse_points_preserve_position
2010,2010-04,4,11,15,Samurai Deeper Kyo,15.0,yearendMASTER-chartcalcs.ods,2010yearend,48,8,inverse_points_preserve_position
2010,2010-04,4,12,14,Ragnarok the Animation,14.0,yearendMASTER-chartcalcs.ods,2010yearend,43,8,inverse_points_preserve_position
2010,2010-04,4,13,13,Ramen Fighter Miki,13.0,yearendMASTER-chartcalcs.ods,2010yearend,44,8,inverse_points_preserve_position
2010,2010-04,4,14,12,Divorce Court,12.0,yearendMASTER-chartcalcs.ods,2010yearend,25,8,inverse_points_preserve_position
2010,2010-04,4,15,11,Soul Eater,11.0,yearendMASTER-chartcalcs.ods,2010yearend,55,8,inverse_points_preserve_position
2010,2010-04,4,16,10,Bamboo Blade,10.0,yearendMASTER-chartcalcs.ods,2010yearend,13,8,inverse_points_preserve_position
2010,2010-04,4,17,9,Fruits Basket,9.0,yearendMASTER-chartcalcs.ods,2010yearend,28,8,inverse_points_preserve_position
2010,2010-04,4,18,8,Mushishi,8.0,yearendMASTER-chartcalcs.ods,2010yearend,39,8,inverse_points_preserve_position
2010,2010-04,4,19,7,R.O.D the TV,7.0,yearendMASTER-chartcalcs.ods,2010yearend,42,8,inverse_points_preserve_position
2010,2010-04,4,20,6,Scrapped Princess,6.0,yearendMASTER-chartcalcs.ods,2010yearend,49,8,inverse_points_preserve_position
2010,2010-04,4,21,5,Code-E,5.0,yearendMASTER-chartcalcs.ods,2010yearend,19,8,inverse_points_preserve_position
2010,2010-04,4,22,4,Seraphim Call,4.0,yearendMASTER-chartcalcs.ods,2010yearend,50,8,inverse_points_preserve_position
2010,2010-04,4,23,3,Ghost Stories,3.0,yearendMASTER-chartcalcs.ods,2010yearend,29,8,inverse_points_preserve_position
2010,2010-04,4,24,2,The Young and the Restless,2.0,yearendMASTER-chartcalcs.ods,2010yearend,60,8,inverse_points_preserve_position
2010,2010-04,4,25,1,Witchblade,1.0,yearendMASTER-chartcalcs.ods,2010yearend,64,8,inverse_points_preserve_position
2010,2010-05,5,1,25,Sister Princess,25.0,yearendMASTER-chartcalcs.ods,2010yearend,53,9,inverse_points_preserve_position
2010,2010-05,5,2,24,Kokoro Library,24.0,yearendMASTER-chartcalcs.ods,2010yearend,33,9,inverse_points_preserve_position
2010,2010-05,5,3,23,The Rachel Maddow Show,23.0,yearendMASTER-chartcalcs.ods,2010yearend,58,9,inverse_points_preserve_position
2010,2010-05,5,4,22,Countdown with Keith Olbermann,22.0,yearendMASTER-chartcalcs.ods,2010yearend,20,9,inverse_points_preserve_position
2010,2010-05,5,5,21,Da Capo,21.0,yearendMASTER-chartcalcs.ods,2010yearend,22,9,inverse_points_preserve_position
2010,2010-05,5,6,20,Ramen Fighter Miki,20.0,yearendMASTER-chartcalcs.ods,2010yearend,44,9,inverse_points_preserve_position
2010,2010-05,5,7,19,Case Closed,19.0,yearendMASTER-chartcalcs.ods,2010yearend,18,9,inverse_points_preserve_position
2010,2010-05,5,8,18,Lucky Star,18.0,yearendMASTER-chartcalcs.ods,2010yearend,36,9,inverse_points_preserve_position
2010,2010-05,5,9,17,.hack//Legend of the Twilight,17.0,yearendMASTER-chartcalcs.ods,2010yearend,9,9,inverse_points_preserve_position
2010,2010-05,5,10,16,Ragnarok the Animation,16.0,yearendMASTER-chartcalcs.ods,2010yearend,43,9,inverse_points_preserve_position
2010,2010-05,5,11,15,Pani Poni Dash!,15.0,yearendMASTER-chartcalcs.ods,2010yearend,40,9,inverse_points_preserve_position
2010,2010-05,5,12,14,Scrapped Princess,14.0,yearendMASTER-chartcalcs.ods,2010yearend,49,9,inverse_points_preserve_position
2010,2010-05,5,13,13,El Cazador de la Bruja,13.0,yearendMASTER-chartcalcs.ods,2010yearend,27,9,inverse_points_preserve_position
2010,2010-05,5,14,12,Fruits Basket,12.0,yearendMASTER-chartcalcs.ods,2010yearend,28,9,inverse_points_preserve_position
2010,2010-05,5,15,11,Divorce Court,11.0,yearendMASTER-chartcalcs.ods,2010yearend,25,9,inverse_points_preserve_position
2010,2010-05,5,16,10,Best Student Council,10.0,yearendMASTER-chartcalcs.ods,2010yearend,14,9,inverse_points_preserve_position
2010,2010-05,5,17,9,The Smoking Gun Presents World's Dumbest,9.0,yearendMASTER-chartcalcs.ods,2010yearend,59,9,inverse_points_preserve_position
2010,2010-05,5,18,8,Ryoko's Case File,8.0,yearendMASTER-chartcalcs.ods,2010yearend,47,9,inverse_points_preserve_position
2010,2010-05,5,19,7,Samurai Deeper Kyo,7.0,yearendMASTER-chartcalcs.ods,2010yearend,48,9,inverse_points_preserve_position
2010,2010-05,5,20,6,R.O.D the TV,6.0,yearendMASTER-chartcalcs.ods,2010yearend,42,9,inverse_points_preserve_position
2010,2010-05,5,21,5,Soul Eater,5.0,yearendMASTER-chartcalcs.ods,2010yearend,55,9,inverse_points_preserve_position
2010,2010-05,5,22,4,Vampire Princess Miyu,4.0,yearendMASTER-chartcalcs.ods,2010yearend,63,9,inverse_points_preserve_position
2010,2010-05,5,23,3,Code-E,3.0,yearendMASTER-chartcalcs.ods,2010yearend,19,9,inverse_points_preserve_position
2010,2010-05,5,24,2,Mushishi,2.0,yearendMASTER-chartcalcs.ods,2010yearend,39,9,inverse_points_preserve_position
2010,2010-05,5,25,1,Bamboo Blade,1.0,yearendMASTER-chartcalcs.ods,2010yearend,13,9,inverse_points_preserve_position
2010,2010-06,6,1,25,Countdown with Keith Olbermann,25.0,yearendMASTER-chartcalcs.ods,2010yearend,20,10,inverse_points_preserve_position
2010,2010-06,6,2,24,Pani Poni Dash!,24.0,yearendMASTER-chartcalcs.ods,2010yearend,40,10,inverse_points_preserve_position
2010,2010-06,6,3,23,The Rachel Maddow Show,23.0,yearendMASTER-chartcalcs.ods,2010yearend,58,10,inverse_points_preserve_position
2010,2010-06,6,4,22,Best Student Council,22.0,yearendMASTER-chartcalcs.ods,2010yearend,14,10,inverse_points_preserve_position
2010,2010-06,6,5,21,Sister Princess,21.0,yearendMASTER-chartcalcs.ods,2010yearend,53,10,inverse_points_preserve_position
2010,2010-06,6,6,20,Kokoro Library,20.0,yearendMASTER-chartcalcs.ods,2010yearend,33,10,inverse_points_preserve_position
2010,2010-06,6,7,19,The Smoking Gun Presents World's Dumbest,19.0,yearendMASTER-chartcalcs.ods,2010yearend,59,10,inverse_points_preserve_position
2010,2010-06,6,8,18,Deadliest Warrior,18.0,yearendMASTER-chartcalcs.ods,2010yearend,23,10,inverse_points_preserve_position
2010,2010-06,6,9,17,Da Capo,17.0,yearendMASTER-chartcalcs.ods,2010yearend,22,10,inverse_points_preserve_position
2010,2010-06,6,10,16,Ramen Fighter Miki,16.0,yearendMASTER-chartcalcs.ods,2010yearend,44,10,inverse_points_preserve_position
2010,2010-06,6,11,15,Scrapped Princess,15.0,yearendMASTER-chartcalcs.ods,2010yearend,49,10,inverse_points_preserve_position
2010,2010-06,6,12,14,Lucky Star,14.0,yearendMASTER-chartcalcs.ods,2010yearend,36,10,inverse_points_preserve_position
2010,2010-06,6,13,13,07-Ghost,13.0,yearendMASTER-chartcalcs.ods,2010yearend,10,10,inverse_points_preserve_position
2010,2010-06,6,14,12,Fruits Basket,12.0,yearendMASTER-chartcalcs.ods,2010yearend,28,10,inverse_points_preserve_position
2010,2010-06,6,15,11,Divorce Court,11.0,yearendMASTER-chartcalcs.ods,2010yearend,25,10,inverse_points_preserve_position
2010,2010-06,6,16,10,Case Closed,10.0,yearendMASTER-chartcalcs.ods,2010yearend,18,10,inverse_points_preserve_position
2010,2010-06,6,17,9,Ragnarok the Animation,9.0,yearendMASTER-chartcalcs.ods,2010yearend,43,10,inverse_points_preserve_position
2010,2010-06,6,18,8,Vampire Princess Miyu,8.0,yearendMASTER-chartcalcs.ods,2010yearend,63,10,inverse_points_preserve_position
2010,2010-06,6,19,7,El Cazador de la Bruja,7.0,yearendMASTER-chartcalcs.ods,2010yearend,27,10,inverse_points_preserve_position
2010,2010-06,6,20,6,R.O.D the TV,6.0,yearendMASTER-chartcalcs.ods,2010yearend,42,10,inverse_points_preserve_position
2010,2010-06,6,21,5,Soul Eater,5.0,yearendMASTER-chartcalcs.ods,2010yearend,55,10,inverse_points_preserve_position
2010,2010-06,6,22,4,Ryoko's Case File,4.0,yearendMASTER-chartcalcs.ods,2010yearend,47,10,inverse_points_preserve_position
2010,2010-06,6,23,3,Samurai Deeper Kyo,3.0,yearendMASTER-chartcalcs.ods,2010yearend,48,10,inverse_points_preserve_position
2010,2010-06,6,24,2,Code-E,2.0,yearendMASTER-chartcalcs.ods,2010yearend,19,10,inverse_points_preserve_position
2010,2010-06,6,25,1,Bamboo Blade,1.0,yearendMASTER-chartcalcs.ods,2010yearend,13,10,inverse_points_preserve_position
2010,2010-07,7,1,25,Dragonball Z: Kai,25.0,yearendMASTER-chartcalcs.ods,2010yearend,26,11,inverse_points_preserve_position
2010,2010-07,7,2,24,Avatar: The Last Airbender,24.0,yearendMASTER-chartcalcs.ods,2010yearend,12,11,inverse_points_preserve_position
2010,2010-07,7,3,23,Sister Princess,23.0,yearendMASTER-chartcalcs.ods,2010yearend,53,11,inverse_points_preserve_position
2010,2010-07,7,4,22,Countdown with Keith Olbermann,22.0,yearendMASTER-chartcalcs.ods,2010yearend,20,11,inverse_points_preserve_position
2010,2010-07,7,5,21,Pani Poni Dash!,21.0,yearendMASTER-chartcalcs.ods,2010yearend,40,11,inverse_points_preserve_position
2010,2010-07,7,6,20,Best Student Council,20.0,yearendMASTER-chartcalcs.ods,2010yearend,14,11,inverse_points_preserve_position
2010,2010-07,7,7,19,Kekkaishi,19.0,yearendMASTER-chartcalcs.ods,2010yearend,32,11,inverse_points_preserve_position
2010,2010-07,7,8,18,The Rachel Maddow Show,18.0,yearendMASTER-chartcalcs.ods,2010yearend,58,11,inverse_points_preserve_position
2010,2010-07,7,9,17,Deadliest Warrior,17.0,yearendMASTER-chartcalcs.ods,2010yearend,23,11,inverse_points_preserve_position
2010,2010-07,7,10,16,The Smoking Gun Presents World's Dumbest,16.0,yearendMASTER-chartcalcs.ods,2010yearend,59,11,inverse_points_preserve_position
2010,2010-07,7,11,15,Lucky Star,15.0,yearendMASTER-chartcalcs.ods,2010yearend,36,11,inverse_points_preserve_position
2010,2010-07,7,12,14,Tokyo Magnitude 8.0,14.0,yearendMASTER-chartcalcs.ods,2010yearend,61,11,inverse_points_preserve_position
2010,2010-07,7,13,13,Seraphim Call,13.0,yearendMASTER-chartcalcs.ods,2010yearend,50,11,inverse_points_preserve_position
2010,2010-07,7,14,12,Divorce Court,12.0,yearendMASTER-chartcalcs.ods,2010yearend,25,11,inverse_points_preserve_position
2010,2010-07,7,15,11,Kokoro Library,11.0,yearendMASTER-chartcalcs.ods,2010yearend,33,11,inverse_points_preserve_position
2010,2010-07,7,16,10,Ragnarok the Animation,10.0,yearendMASTER-chartcalcs.ods,2010yearend,43,11,inverse_points_preserve_position
2010,2010-07,7,17,9,Da Capo,9.0,yearendMASTER-chartcalcs.ods,2010yearend,22,11,inverse_points_preserve_position
2010,2010-07,7,18,8,El Cazador de la Bruja,8.0,yearendMASTER-chartcalcs.ods,2010yearend,27,11,inverse_points_preserve_position
2010,2010-07,7,19,7,Scrapped Princess,7.0,yearendMASTER-chartcalcs.ods,2010yearend,49,11,inverse_points_preserve_position
2010,2010-07,7,20,6,Law & Order: Special Victims Unit,6.0,yearendMASTER-chartcalcs.ods,2010yearend,35,11,inverse_points_preserve_position
2010,2010-07,7,21,5,Vampire Princess Miyu,5.0,yearendMASTER-chartcalcs.ods,2010yearend,63,11,inverse_points_preserve_position
2010,2010-07,7,22,4,R.O.D the TV,4.0,yearendMASTER-chartcalcs.ods,2010yearend,42,11,inverse_points_preserve_position
2010,2010-07,7,23,3,Gintama,3.0,yearendMASTER-chartcalcs.ods,2010yearend,30,11,inverse_points_preserve_position
2010,2010-07,7,24,2,Ramen Fighter Miki,2.0,yearendMASTER-chartcalcs.ods,2010yearend,44,11,inverse_points_preserve_position
2010,2010-07,7,25,1,Code-E,1.0,yearendMASTER-chartcalcs.ods,2010yearend,19,11,inverse_points_preserve_position
2010,2010-08,8,1,25,Tokyo Magnitude 8.0,25.0,yearendMASTER-chartcalcs.ods,2010yearend,61,12,inverse_points_preserve_position
2010,2010-08,8,2,24,Dragonball Z: Kai,24.0,yearendMASTER-chartcalcs.ods,2010yearend,26,12,inverse_points_preserve_position
2010,2010-08,8,3,23,Sister Princess,23.0,yearendMASTER-chartcalcs.ods,2010yearend,53,12,inverse_points_preserve_position
2010,2010-08,8,4,22,Kekkaishi,22.0,yearendMASTER-chartcalcs.ods,2010yearend,32,12,inverse_points_preserve_position
2010,2010-08,8,5,21,Best Student Council,21.0,yearendMASTER-chartcalcs.ods,2010yearend,14,12,inverse_points_preserve_position
2010,2010-08,8,6,20,Countdown with Keith Olbermann,20.0,yearendMASTER-chartcalcs.ods,2010yearend,20,12,inverse_points_preserve_position
2010,2010-08,8,7,19,Avatar: The Last Airbender,19.0,yearendMASTER-chartcalcs.ods,2010yearend,12,12,inverse_points_preserve_position
2010,2010-08,8,8,18,The Smoking Gun Presents World's Dumbest,18.0,yearendMASTER-chartcalcs.ods,2010yearend,59,12,inverse_points_preserve_position
2010,2010-08,8,9,17,Gintama,17.0,yearendMASTER-chartcalcs.ods,2010yearend,30,12,inverse_points_preserve_position
2010,2010-08,8,10,16,Criminal Minds,16.0,yearendMASTER-chartcalcs.ods,2010yearend,21,12,inverse_points_preserve_position
2010,2010-08,8,11,15,Deadliest Warrior,15.0,yearendMASTER-chartcalcs.ods,2010yearend,23,12,inverse_points_preserve_position
2010,2010-08,8,12,14,Pani Poni Dash!,14.0,yearendMASTER-chartcalcs.ods,2010yearend,40,12,inverse_points_preserve_position
2010,2010-08,8,13,13,Yume Tsukai,13.0,yearendMASTER-chartcalcs.ods,2010yearend,66,12,inverse_points_preserve_position
2010,2010-08,8,14,12,Lucky Star,12.0,yearendMASTER-chartcalcs.ods,2010yearend,36,12,inverse_points_preserve_position
2010,2010-08,8,15,11,Vampire Princess Miyu,11.0,yearendMASTER-chartcalcs.ods,2010yearend,63,12,inverse_points_preserve_position
2010,2010-08,8,16,10,The Rachel Maddow Show,10.0,yearendMASTER-chartcalcs.ods,2010yearend,58,12,inverse_points_preserve_position
2010,2010-08,8,17,9,Soul Eater,9.0,yearendMASTER-chartcalcs.ods,2010yearend,55,12,inverse_points_preserve_position
2010,2010-08,8,18,8,Kokoro Library,8.0,yearendMASTER-chartcalcs.ods,2010yearend,33,12,inverse_points_preserve_position
2010,2010-08,8,19,7,Law & Order: Special Victims Unit,7.0,yearendMASTER-chartcalcs.ods,2010yearend,35,12,inverse_points_preserve_position
2010,2010-08,8,20,6,Divorce Court,6.0,yearendMASTER-chartcalcs.ods,2010yearend,25,12,inverse_points_preserve_position
2010,2010-08,8,21,5,Ragnarok the Animation,5.0,yearendMASTER-chartcalcs.ods,2010yearend,43,12,inverse_points_preserve_position
2010,2010-08,8,22,4,El Cazador de la Bruja,4.0,yearendMASTER-chartcalcs.ods,2010yearend,27,12,inverse_points_preserve_position
2010,2010-08,8,23,3,Ramen Fighter Miki,3.0,yearendMASTER-chartcalcs.ods,2010yearend,44,12,inverse_points_preserve_position
2010,2010-08,8,24,2,Seraphim Call,2.0,yearendMASTER-chartcalcs.ods,2010yearend,50,12,inverse_points_preserve_position
2010,2010-08,8,25,1,Code-E,1.0,yearendMASTER-chartcalcs.ods,2010yearend,19,12,inverse_points_preserve_position
2010,2010-09,9,1,25,Yume Tsukai,25.0,yearendMASTER-chartcalcs.ods,2010yearend,66,13,inverse_points_preserve_position
2010,2010-09,9,2,24,Criminal Minds,24.0,yearendMASTER-chartcalcs.ods,2010yearend,21,13,inverse_points_preserve_position
2010,2010-09,9,3,23,Countdown with Keith Olbermann,23.0,yearendMASTER-chartcalcs.ods,2010yearend,20,13,inverse_points_preserve_position
2010,2010-09,9,4,22,Kokoro Library,22.0,yearendMASTER-chartcalcs.ods,2010yearend,33,13,inverse_points_preserve_position
2010,2010-09,9,5,21,Kekkaishi,21.0,yearendMASTER-chartcalcs.ods,2010yearend,32,13,inverse_points_preserve_position
2010,2010-09,9,6,20,America's Most Wanted,20.0,yearendMASTER-chartcalcs.ods,2010yearend,11,13,inverse_points_preserve_position
2010,2010-09,9,7,19,Tokyo Magnitude 8.0,19.0,yearendMASTER-chartcalcs.ods,2010yearend,61,13,inverse_points_preserve_position
2010,2010-09,9,8,18,Taisho Baseball Girls,18.0,yearendMASTER-chartcalcs.ods,2010yearend,57,13,inverse_points_preserve_position
2010,2010-09,9,9,17,Ramen Fighter Miki,17.0,yearendMASTER-chartcalcs.ods,2010yearend,44,13,inverse_points_preserve_position
2010,2010-09,9,10,16,Sister Princess,16.0,yearendMASTER-chartcalcs.ods,2010yearend,53,13,inverse_points_preserve_position
2010,2010-09,9,11,15,The Smoking Gun Presents World's Dumbest,15.0,yearendMASTER-chartcalcs.ods,2010yearend,59,13,inverse_points_preserve_position
2010,2010-09,9,12,14,Best Student Council,14.0,yearendMASTER-chartcalcs.ods,2010yearend,14,13,inverse_points_preserve_position
2010,2010-09,9,13,13,Lucky Star,13.0,yearendMASTER-chartcalcs.ods,2010yearend,36,13,inverse_points_preserve_position
2010,2010-09,9,14,12,Gintama,12.0,yearendMASTER-chartcalcs.ods,2010yearend,30,13,inverse_points_preserve_position
2010,2010-09,9,15,11,The Rachel Maddow Show,11.0,yearendMASTER-chartcalcs.ods,2010yearend,58,13,inverse_points_preserve_position
2010,2010-09,9,16,10,Law & Order: Special Victims Unit,10.0,yearendMASTER-chartcalcs.ods,2010yearend,35,13,inverse_points_preserve_position
2010,2010-09,9,17,9,Avatar: The Last Airbender,9.0,yearendMASTER-chartcalcs.ods,2010yearend,12,13,inverse_points_preserve_position
2010,2010-09,9,18,8,Vampire Princess Miyu,8.0,yearendMASTER-chartcalcs.ods,2010yearend,63,13,inverse_points_preserve_position
2010,2010-09,9,19,7,Dragonball Z: Kai,7.0,yearendMASTER-chartcalcs.ods,2010yearend,26,13,inverse_points_preserve_position
2010,2010-09,9,20,6,Pani Poni Dash!,6.0,yearendMASTER-chartcalcs.ods,2010yearend,40,13,inverse_points_preserve_position
2010,2010-09,9,21,5,Deadliest Warrior,5.0,yearendMASTER-chartcalcs.ods,2010yearend,23,13,inverse_points_preserve_position
2010,2010-09,9,22,4,Undercover Boss,4.0,yearendMASTER-chartcalcs.ods,2010yearend,62,13,inverse_points_preserve_position
2010,2010-09,9,23,3,Divorce Court,3.0,yearendMASTER-chartcalcs.ods,2010yearend,25,13,inverse_points_preserve_position
2010,2010-09,9,24,2,Code-E,2.0,yearendMASTER-chartcalcs.ods,2010yearend,19,13,inverse_points_preserve_position
2010,2010-09,9,25,1,Soul Eater,1.0,yearendMASTER-chartcalcs.ods,2010yearend,55,13,inverse_points_preserve_position
2010,2010-10,10,1,25,Yume Tsukai,25.0,yearendMASTER-chartcalcs.ods,2010yearend,66,14,inverse_points_preserve_position
2010,2010-10,10,2,24,Criminal Minds,24.0,yearendMASTER-chartcalcs.ods,2010yearend,21,14,inverse_points_preserve_position
2010,2010-10,10,3,23,Taisho Baseball Girls,23.0,yearendMASTER-chartcalcs.ods,2010yearend,57,14,inverse_points_preserve_position
2010,2010-10,10,4,22,Kekkaishi,22.0,yearendMASTER-chartcalcs.ods,2010yearend,32,14,inverse_points_preserve_position
2010,2010-10,10,5,21,Countdown with Keith Olbermann,21.0,yearendMASTER-chartcalcs.ods,2010yearend,20,14,inverse_points_preserve_position
2010,2010-10,10,6,20,The Smoking Gun Presents World's Dumbest,20.0,yearendMASTER-chartcalcs.ods,2010yearend,59,14,inverse_points_preserve_position
2010,2010-10,10,7,19,Blessing of the Campanella,19.0,yearendMASTER-chartcalcs.ods,2010yearend,17,14,inverse_points_preserve_position
2010,2010-10,10,8,18,Lucky Star,18.0,yearendMASTER-chartcalcs.ods,2010yearend,36,14,inverse_points_preserve_position
2010,2010-10,10,9,17,Ramen Fighter Miki,17.0,yearendMASTER-chartcalcs.ods,2010yearend,44,14,inverse_points_preserve_position
2010,2010-10,10,10,16,Sister Princess,16.0,yearendMASTER-chartcalcs.ods,2010yearend,53,14,inverse_points_preserve_position
2010,2010-10,10,11,15,The Rachel Maddow Show,15.0,yearendMASTER-chartcalcs.ods,2010yearend,58,14,inverse_points_preserve_position
2010,2010-10,10,12,14,Gintama,14.0,yearendMASTER-chartcalcs.ods,2010yearend,30,14,inverse_points_preserve_position
2010,2010-10,10,13,13,Law & Order: Special Victims Unit,13.0,yearendMASTER-chartcalcs.ods,2010yearend,35,14,inverse_points_preserve_position
2010,2010-10,10,14,12,Kokoro Library,12.0,yearendMASTER-chartcalcs.ods,2010yearend,33,14,inverse_points_preserve_position
2010,2010-10,10,15,11,Bleach,11.0,yearendMASTER-chartcalcs.ods,2010yearend,16,14,inverse_points_preserve_position
2010,2010-10,10,16,10,Ragnarok the Animation,10.0,yearendMASTER-chartcalcs.ods,2010yearend,43,14,inverse_points_preserve_position
2010,2010-10,10,17,9,Vampire Princess Miyu,9.0,yearendMASTER-chartcalcs.ods,2010yearend,63,14,inverse_points_preserve_position
2010,2010-10,10,18,8,America's Most Wanted,8.0,yearendMASTER-chartcalcs.ods,2010yearend,11,14,inverse_points_preserve_position
2010,2010-10,10,19,7,Best Student Council,7.0,yearendMASTER-chartcalcs.ods,2010yearend,14,14,inverse_points_preserve_position
2010,2010-10,10,20,6,Tokyo Magnitude 8.0,6.0,yearendMASTER-chartcalcs.ods,2010yearend,61,14,inverse_points_preserve_position
2010,2010-10,10,21,5,Dragonball Z: Kai,5.0,yearendMASTER-chartcalcs.ods,2010yearend,26,14,inverse_points_preserve_position
2010,2010-10,10,22,4,Avatar: The Last Airbender,4.0,yearendMASTER-chartcalcs.ods,2010yearend,12,14,inverse_points_preserve_position
2010,2010-10,10,23,3,Divorce Court,3.0,yearendMASTER-chartcalcs.ods,2010yearend,25,14,inverse_points_preserve_position
2010,2010-10,10,24,2,Code-E,2.0,yearendMASTER-chartcalcs.ods,2010yearend,19,14,inverse_points_preserve_position
2010,2010-10,10,25,1,Pani Poni Dash!,1.0,yearendMASTER-chartcalcs.ods,2010yearend,40,14,inverse_points_preserve_position
2010,2010-11,11,1,25,The Rachel Maddow Show,25.0,yearendMASTER-chartcalcs.ods,2010yearend,58,15,inverse_points_preserve_position
2010,2010-11,11,2,24,Criminal Minds,24.0,yearendMASTER-chartcalcs.ods,2010yearend,21,15,inverse_points_preserve_position
2010,2010-11,11,3,23,Mushishi,23.0,yearendMASTER-chartcalcs.ods,2010yearend,39,15,inverse_points_preserve_position
2010,2010-11,11,4,22,Blessing of the Campanella,22.0,yearendMASTER-chartcalcs.ods,2010yearend,17,15,inverse_points_preserve_position
2010,2010-11,11,5,21,Countdown with Keith Olbermann,21.0,yearendMASTER-chartcalcs.ods,2010yearend,20,15,inverse_points_preserve_position
2010,2010-11,11,6,20,The Young and the Restless,20.0,yearendMASTER-chartcalcs.ods,2010yearend,60,15,inverse_points_preserve_position
2010,2010-11,11,7,19,Bleach,19.0,yearendMASTER-chartcalcs.ods,2010yearend,16,15,inverse_points_preserve_position
2010,2010-11,11,8,18,Law & Order: Special Victims Unit,18.0,yearendMASTER-chartcalcs.ods,2010yearend,35,15,inverse_points_preserve_position
2010,2010-11,11,9,17,Lucky Star,17.0,yearendMASTER-chartcalcs.ods,2010yearend,36,15,inverse_points_preserve_position
2010,2010-11,11,10,16,Yume Tsukai,16.0,yearendMASTER-chartcalcs.ods,2010yearend,66,15,inverse_points_preserve_position
2010,2010-11,11,11,15,Kekkaishi,15.0,yearendMASTER-chartcalcs.ods,2010yearend,32,15,inverse_points_preserve_position
2010,2010-11,11,12,14,The Smoking Gun Presents World's Dumbest,14.0,yearendMASTER-chartcalcs.ods,2010yearend,59,15,inverse_points_preserve_position
2010,2010-11,11,13,13,Sister Princess,13.0,yearendMASTER-chartcalcs.ods,2010yearend,53,15,inverse_points_preserve_position
2010,2010-11,11,14,12,Manhunters: Fugitive Task Force,12.0,yearendMASTER-chartcalcs.ods,2010yearend,38,15,inverse_points_preserve_position
2010,2010-11,11,15,11,Taisho Baseball Girls,11.0,yearendMASTER-chartcalcs.ods,2010yearend,57,15,inverse_points_preserve_position
2010,2010-11,11,16,10,Ramen Fighter Miki,10.0,yearendMASTER-chartcalcs.ods,2010yearend,44,15,inverse_points_preserve_position
2010,2010-11,11,17,9,Gintama,9.0,yearendMASTER-chartcalcs.ods,2010yearend,30,15,inverse_points_preserve_position
2010,2010-11,11,18,8,Dragonball Z: Kai,8.0,yearendMASTER-chartcalcs.ods,2010yearend,26,15,inverse_points_preserve_position
2010,2010-11,11,19,7,Vampire Princess Miyu,7.0,yearendMASTER-chartcalcs.ods,2010yearend,63,15,inverse_points_preserve_position
2010,2010-11,11,20,6,Ragnarok the Animation,6.0,yearendMASTER-chartcalcs.ods,2010yearend,43,15,inverse_points_preserve_position
2010,2010-11,11,21,5,Bill Nye the Science Guy,5.0,yearendMASTER-chartcalcs.ods,2010yearend,15,15,inverse_points_preserve_position
2010,2010-11,11,22,4,America's Most Wanted,4.0,yearendMASTER-chartcalcs.ods,2010yearend,11,15,inverse_points_preserve_position
2010,2010-11,11,23,3,Kokoro Library,3.0,yearendMASTER-chartcalcs.ods,2010yearend,33,15,inverse_points_preserve_position
2010,2010-11,11,24,2,Tokyo Magnitude 8.0,2.0,yearendMASTER-chartcalcs.ods,2010yearend,61,15,inverse_points_preserve_position
2010,2010-11,11,25,1,Best Student Council,1.0,yearendMASTER-chartcalcs.ods,2010yearend,14,15,inverse_points_preserve_position
2010,2010-12,12,1,25,Psychic Detective Yakumo,25.0,yearendMASTER-chartcalcs.ods,2010yearend,41,16,inverse_points_preserve_position
2010,2010-12,12,2,24,Criminal Minds,24.0,yearendMASTER-chartcalcs.ods,2010yearend,21,16,inverse_points_preserve_position
2010,2010-12,12,3,23,The Rachel Maddow Show,23.0,yearendMASTER-chartcalcs.ods,2010yearend,58,16,inverse_points_preserve_position
2010,2010-12,12,4,22,Bleach,22.0,yearendMASTER-chartcalcs.ods,2010yearend,16,16,inverse_points_preserve_position
2010,2010-12,12,5,21,Sister Princess,21.0,yearendMASTER-chartcalcs.ods,2010yearend,53,16,inverse_points_preserve_position
2010,2010-12,12,6,20,Hakuouki,20.0,yearendMASTER-chartcalcs.ods,2010yearend,31,16,inverse_points_preserve_position
2010,2010-12,12,7,19,Kekkaishi,19.0,yearendMASTER-chartcalcs.ods,2010yearend,32,16,inverse_points_preserve_position
2010,2010-12,12,8,18,Law & Order: Special Victims Unit,18.0,yearendMASTER-chartcalcs.ods,2010yearend,35,16,inverse_points_preserve_position
2010,2010-12,12,9,17,Dragonball Z: Kai,17.0,yearendMASTER-chartcalcs.ods,2010yearend,26,16,inverse_points_preserve_position
2010,2010-12,12,10,16,Lucky Star,16.0,yearendMASTER-chartcalcs.ods,2010yearend,36,16,inverse_points_preserve_position
2010,2010-12,12,11,15,Yume Tsukai,15.0,yearendMASTER-chartcalcs.ods,2010yearend,66,16,inverse_points_preserve_position
2010,2010-12,12,12,14,Mushishi,14.0,yearendMASTER-chartcalcs.ods,2010yearend,39,16,inverse_points_preserve_position
2010,2010-12,12,13,13,Law & Order,13.0,yearendMASTER-chartcalcs.ods,2010yearend,34,16,inverse_points_preserve_position
2010,2010-12,12,14,12,The Smoking Gun Presents World's Dumbest,12.0,yearendMASTER-chartcalcs.ods,2010yearend,59,16,inverse_points_preserve_position
2010,2010-12,12,15,11,Blessing of the Campanella,11.0,yearendMASTER-chartcalcs.ods,2010yearend,17,16,inverse_points_preserve_position
2010,2010-12,12,16,10,Divorce Court,10.0,yearendMASTER-chartcalcs.ods,2010yearend,25,16,inverse_points_preserve_position
2010,2010-12,12,17,9,Countdown with Keith Olbermann,9.0,yearendMASTER-chartcalcs.ods,2010yearend,20,16,inverse_points_preserve_position
2010,2010-12,12,18,8,Storm Chasers,8.0,yearendMASTER-chartcalcs.ods,2010yearend,56,16,inverse_points_preserve_position
2010,2010-12,12,19,7,Bill Nye the Science Guy,7.0,yearendMASTER-chartcalcs.ods,2010yearend,15,16,inverse_points_preserve_position
2010,2010-12,12,20,6,Vampire Princess Miyu,6.0,yearendMASTER-chartcalcs.ods,2010yearend,63,16,inverse_points_preserve_position
2010,2010-12,12,21,5,Ramen Fighter Miki,5.0,yearendMASTER-chartcalcs.ods,2010yearend,44,16,inverse_points_preserve_position
2010,2010-12,12,22,4,Gintama,4.0,yearendMASTER-chartcalcs.ods,2010yearend,30,16,inverse_points_preserve_position
2010,2010-12,12,23,3,Taisho Baseball Girls,3.0,yearendMASTER-chartcalcs.ods,2010yearend,57,16,inverse_points_preserve_position
2010,2010-12,12,24,2,Tokyo Magnitude 8.0,2.0,yearendMASTER-chartcalcs.ods,2010yearend,61,16,inverse_points_preserve_position
2010,2010-12,12,25,1,Best Student Council,1.0,yearendMASTER-chartcalcs.ods,2010yearend,14,16,inverse_points_preserve_position
2011,2011-01,1,1,25,Psychic Detective Yakumo,25.0,yearendMASTER-chartcalcs.ods,2011yearend,42,5,inverse_points_preserve_position
2011,2011-01,1,2,24,TruTV Presents World’s Dumbest,24.0,yearendMASTER-chartcalcs.ods,2011yearend,63,5,inverse_points_preserve_position
2011,2011-01,1,3,23,The Rachel Maddow Show,23.0,yearendMASTER-chartcalcs.ods,2011yearend,59,5,inverse_points_preserve_position
2011,2011-01,1,4,22,Criminal Minds,22.0,yearendMASTER-chartcalcs.ods,2011yearend,14,5,inverse_points_preserve_position
2011,2011-01,1,5,21,Kekkaishi,21.0,yearendMASTER-chartcalcs.ods,2011yearend,29,5,inverse_points_preserve_position
2011,2011-01,1,6,20,Bleach,20.0,yearendMASTER-chartcalcs.ods,2011yearend,11,5,inverse_points_preserve_position
2011,2011-01,1,7,19,Sister Princess,19.0,yearendMASTER-chartcalcs.ods,2011yearend,47,5,inverse_points_preserve_position
2011,2011-01,1,8,18,Yume Tsukai,18.0,yearendMASTER-chartcalcs.ods,2011yearend,68,5,inverse_points_preserve_position
2011,2011-01,1,9,17,Dragonball Z: Kai,17.0,yearendMASTER-chartcalcs.ods,2011yearend,18,5,inverse_points_preserve_position
2011,2011-01,1,10,16,The Last Word with Lawrence O’Donnell,16.0,yearendMASTER-chartcalcs.ods,2011yearend,58,5,inverse_points_preserve_position
2011,2011-01,1,11,15,Blessing of the Campanella,15.0,yearendMASTER-chartcalcs.ods,2011yearend,12,5,inverse_points_preserve_position
2011,2011-01,1,12,14,Law & Order,14.0,yearendMASTER-chartcalcs.ods,2011yearend,31,5,inverse_points_preserve_position
2011,2011-01,1,13,13,Lucky Star,13.0,yearendMASTER-chartcalcs.ods,2011yearend,36,5,inverse_points_preserve_position
2011,2011-01,1,14,12,Hakuouki,12.0,yearendMASTER-chartcalcs.ods,2011yearend,25,5,inverse_points_preserve_position
2011,2011-01,1,15,11,Divorce Court,11.0,yearendMASTER-chartcalcs.ods,2011yearend,16,5,inverse_points_preserve_position
2011,2011-01,1,16,10,Bill Nye the Science Guy,10.0,yearendMASTER-chartcalcs.ods,2011yearend,10,5,inverse_points_preserve_position
2011,2011-01,1,17,9,Law & Order: UK,9.0,yearendMASTER-chartcalcs.ods,2011yearend,34,5,inverse_points_preserve_position
2011,2011-01,1,18,8,Mushishi,8.0,yearendMASTER-chartcalcs.ods,2011yearend,38,5,inverse_points_preserve_position
2011,2011-01,1,19,7,Law & Order: Special Victims Unit,7.0,yearendMASTER-chartcalcs.ods,2011yearend,33,5,inverse_points_preserve_position
2011,2011-01,1,20,6,Gintama,6.0,yearendMASTER-chartcalcs.ods,2011yearend,24,5,inverse_points_preserve_position
2011,2011-01,1,21,5,Ramen Fighter Miki,5.0,yearendMASTER-chartcalcs.ods,2011yearend,43,5,inverse_points_preserve_position
2011,2011-01,1,22,4,Taisho Baseball Girls,4.0,yearendMASTER-chartcalcs.ods,2011yearend,55,5,inverse_points_preserve_position
2011,2011-01,1,23,3,Tokyo Magnitude 8.0,3.0,yearendMASTER-chartcalcs.ods,2011yearend,61,5,inverse_points_preserve_position
2011,2011-01,1,24,2,Storm Chasers,2.0,yearendMASTER-chartcalcs.ods,2011yearend,53,5,inverse_points_preserve_position
2011,2011-01,1,25,1,Best Student Council,1.0,yearendMASTER-chartcalcs.ods,2011yearend,9,5,inverse_points_preserve_position
2011,2011-02,2,1,25,Psychic Detective Yakumo,25.0,yearendMASTER-chartcalcs.ods,2011yearend,42,6,inverse_points_preserve_position
2011,2011-02,2,2,24,Les Miserables: Shoujo Cosette,24.0,yearendMASTER-chartcalcs.ods,2011yearend,35,6,inverse_points_preserve_position
2011,2011-02,2,3,23,TruTV Presents World’s Dumbest,23.0,yearendMASTER-chartcalcs.ods,2011yearend,63,6,inverse_points_preserve_position
2011,2011-02,2,4,22,Bleach,22.0,yearendMASTER-chartcalcs.ods,2011yearend,11,6,inverse_points_preserve_position
2011,2011-02,2,5,21,The Rachel Maddow Show,21.0,yearendMASTER-chartcalcs.ods,2011yearend,59,6,inverse_points_preserve_position
2011,2011-02,2,6,20,Law & Order,20.0,yearendMASTER-chartcalcs.ods,2011yearend,31,6,inverse_points_preserve_position
2011,2011-02,2,7,19,The Last Word with Lawrence O’Donnell,19.0,yearendMASTER-chartcalcs.ods,2011yearend,58,6,inverse_points_preserve_position
2011,2011-02,2,8,18,Soul Eater,18.0,yearendMASTER-chartcalcs.ods,2011yearend,49,6,inverse_points_preserve_position
2011,2011-02,2,9,17,Kekkaishi,17.0,yearendMASTER-chartcalcs.ods,2011yearend,29,6,inverse_points_preserve_position
2011,2011-02,2,10,16,Law & Order: Special Victims Unit,16.0,yearendMASTER-chartcalcs.ods,2011yearend,33,6,inverse_points_preserve_position
2011,2011-02,2,11,15,Seraphim Call,15.0,yearendMASTER-chartcalcs.ods,2011yearend,45,6,inverse_points_preserve_position
2011,2011-02,2,12,14,Best Student Council,14.0,yearendMASTER-chartcalcs.ods,2011yearend,9,6,inverse_points_preserve_position
2011,2011-02,2,13,13,Criminal Minds,13.0,yearendMASTER-chartcalcs.ods,2011yearend,14,6,inverse_points_preserve_position
2011,2011-02,2,14,12,Full Metal Alchemist,12.0,yearendMASTER-chartcalcs.ods,2011yearend,21,6,inverse_points_preserve_position
2011,2011-02,2,15,11,Hakuouki,11.0,yearendMASTER-chartcalcs.ods,2011yearend,25,6,inverse_points_preserve_position
2011,2011-02,2,16,10,Sister Princess,10.0,yearendMASTER-chartcalcs.ods,2011yearend,47,6,inverse_points_preserve_position
2011,2011-02,2,17,9,The Young and the Restless,9.0,yearendMASTER-chartcalcs.ods,2011yearend,60,6,inverse_points_preserve_position
2011,2011-02,2,18,8,Blessing of the Campanella,8.0,yearendMASTER-chartcalcs.ods,2011yearend,12,6,inverse_points_preserve_position
2011,2011-02,2,19,7,Taisho Baseball Girls,7.0,yearendMASTER-chartcalcs.ods,2011yearend,55,6,inverse_points_preserve_position
2011,2011-02,2,20,6,Yume Tsukai,6.0,yearendMASTER-chartcalcs.ods,2011yearend,68,6,inverse_points_preserve_position
2011,2011-02,2,21,5,Bill Nye the Science Guy,5.0,yearendMASTER-chartcalcs.ods,2011yearend,10,6,inverse_points_preserve_position
2011,2011-02,2,22,4,Dragonball Z: Kai,4.0,yearendMASTER-chartcalcs.ods,2011yearend,18,6,inverse_points_preserve_position
2011,2011-02,2,23,3,Gintama,3.0,yearendMASTER-chartcalcs.ods,2011yearend,24,6,inverse_points_preserve_position
2011,2011-02,2,24,2,Divorce Court,2.0,yearendMASTER-chartcalcs.ods,2011yearend,16,6,inverse_points_preserve_position
2011,2011-02,2,25,1,Tokyo Magnitude 8.0,1.0,yearendMASTER-chartcalcs.ods,2011yearend,61,6,inverse_points_preserve_position
2011,2011-03,3,1,25,Psychic Detective Yakumo,25.0,yearendMASTER-chartcalcs.ods,2011yearend,42,7,inverse_points_preserve_position
2011,2011-03,3,2,24,Bleach,24.0,yearendMASTER-chartcalcs.ods,2011yearend,11,7,inverse_points_preserve_position
2011,2011-03,3,3,23,Shinryaku! Ika Musume,23.0,yearendMASTER-chartcalcs.ods,2011yearend,46,7,inverse_points_preserve_position
2011,2011-03,3,4,22,The Rachel Maddow Show,22.0,yearendMASTER-chartcalcs.ods,2011yearend,59,7,inverse_points_preserve_position
2011,2011-03,3,5,21,Les Miserables: Shoujo Cosette,21.0,yearendMASTER-chartcalcs.ods,2011yearend,35,7,inverse_points_preserve_position
2011,2011-03,3,6,20,TruTV Presents World’s Dumbest,20.0,yearendMASTER-chartcalcs.ods,2011yearend,63,7,inverse_points_preserve_position
2011,2011-03,3,7,19,The Last Word with Lawrence O’Donnell,19.0,yearendMASTER-chartcalcs.ods,2011yearend,58,7,inverse_points_preserve_position
2011,2011-03,3,8,18,Law & Order: Special Victims Unit,18.0,yearendMASTER-chartcalcs.ods,2011yearend,33,7,inverse_points_preserve_position
2011,2011-03,3,9,17,The Young and the Restless,17.0,yearendMASTER-chartcalcs.ods,2011yearend,60,7,inverse_points_preserve_position
2011,2011-03,3,10,16,Criminal Minds,16.0,yearendMASTER-chartcalcs.ods,2011yearend,14,7,inverse_points_preserve_position
2011,2011-03,3,11,15,xxxHOLiC: Kei,15.0,yearendMASTER-chartcalcs.ods,2011yearend,66,7,inverse_points_preserve_position
2011,2011-03,3,12,14,Soul Eater,14.0,yearendMASTER-chartcalcs.ods,2011yearend,49,7,inverse_points_preserve_position
2011,2011-03,3,13,13,Divorce Court,13.0,yearendMASTER-chartcalcs.ods,2011yearend,16,7,inverse_points_preserve_position
2011,2011-03,3,14,12,Lucky Star,12.0,yearendMASTER-chartcalcs.ods,2011yearend,36,7,inverse_points_preserve_position
2011,2011-03,3,15,11,Law & Order,11.0,yearendMASTER-chartcalcs.ods,2011yearend,31,7,inverse_points_preserve_position
2011,2011-03,3,16,10,Sister Princess,10.0,yearendMASTER-chartcalcs.ods,2011yearend,47,7,inverse_points_preserve_position
2011,2011-03,3,17,9,Tokyo Magnitude 8.0,9.0,yearendMASTER-chartcalcs.ods,2011yearend,61,7,inverse_points_preserve_position
2011,2011-03,3,18,8,Kekkaishi,8.0,yearendMASTER-chartcalcs.ods,2011yearend,29,7,inverse_points_preserve_position
2011,2011-03,3,19,7,Dragonball Z: Kai,7.0,yearendMASTER-chartcalcs.ods,2011yearend,18,7,inverse_points_preserve_position
2011,2011-03,3,20,6,Yume Tsukai,6.0,yearendMASTER-chartcalcs.ods,2011yearend,68,7,inverse_points_preserve_position
2011,2011-03,3,21,5,Blessing of the Campanella,5.0,yearendMASTER-chartcalcs.ods,2011yearend,12,7,inverse_points_preserve_position
2011,2011-03,3,22,4,Pani Poni Dash!,4.0,yearendMASTER-chartcalcs.ods,2011yearend,40,7,inverse_points_preserve_position
2011,2011-03,3,23,3,Best Student Council,3.0,yearendMASTER-chartcalcs.ods,2011yearend,9,7,inverse_points_preserve_position
2011,2011-03,3,24,2,Ramen Fighter Miki,2.0,yearendMASTER-chartcalcs.ods,2011yearend,43,7,inverse_points_preserve_position
2011,2011-03,3,25,1,Seraphim Call,1.0,yearendMASTER-chartcalcs.ods,2011yearend,45,7,inverse_points_preserve_position
2011,2011-04,4,1,25,Shinryaku! Ika Musume,25.0,yearendMASTER-chartcalcs.ods,2011yearend,46,8,inverse_points_preserve_position
2011,2011-04,4,2,24,Bleach,24.0,yearendMASTER-chartcalcs.ods,2011yearend,11,8,inverse_points_preserve_position
2011,2011-04,4,3,23,The Rachel Maddow Show,23.0,yearendMASTER-chartcalcs.ods,2011yearend,59,8,inverse_points_preserve_position
2011,2011-04,4,4,22,TruTV Presents World’s Dumbest,22.0,yearendMASTER-chartcalcs.ods,2011yearend,63,8,inverse_points_preserve_position
2011,2011-04,4,5,21,Divorce Court,21.0,yearendMASTER-chartcalcs.ods,2011yearend,16,8,inverse_points_preserve_position
2011,2011-04,4,6,20,Psychic Detective Yakumo,20.0,yearendMASTER-chartcalcs.ods,2011yearend,42,8,inverse_points_preserve_position
2011,2011-04,4,7,19,Criminal Minds,19.0,yearendMASTER-chartcalcs.ods,2011yearend,14,8,inverse_points_preserve_position
2011,2011-04,4,8,18,The Last Word with Lawrence O’Donnell,18.0,yearendMASTER-chartcalcs.ods,2011yearend,58,8,inverse_points_preserve_position
2011,2011-04,4,9,17,Pani Poni Dash!,17.0,yearendMASTER-chartcalcs.ods,2011yearend,40,8,inverse_points_preserve_position
2011,2011-04,4,10,16,Les Miserables: Shoujo Cosette,16.0,yearendMASTER-chartcalcs.ods,2011yearend,35,8,inverse_points_preserve_position
2011,2011-04,4,11,15,Spiral,15.0,yearendMASTER-chartcalcs.ods,2011yearend,51,8,inverse_points_preserve_position
2011,2011-04,4,12,14,Law & Order: Special Victims Unit,14.0,yearendMASTER-chartcalcs.ods,2011yearend,33,8,inverse_points_preserve_position
2011,2011-04,4,13,13,Kekkaishi,13.0,yearendMASTER-chartcalcs.ods,2011yearend,29,8,inverse_points_preserve_position
2011,2011-04,4,14,12,Sister Princess,12.0,yearendMASTER-chartcalcs.ods,2011yearend,47,8,inverse_points_preserve_position
2011,2011-04,4,15,11,Suite PreCure!,11.0,yearendMASTER-chartcalcs.ods,2011yearend,54,8,inverse_points_preserve_position
2011,2011-04,4,16,10,The Young and the Restless,10.0,yearendMASTER-chartcalcs.ods,2011yearend,60,8,inverse_points_preserve_position
2011,2011-04,4,17,9,Tokyo Magnitude 8.0,9.0,yearendMASTER-chartcalcs.ods,2011yearend,61,8,inverse_points_preserve_position
2011,2011-04,4,18,8,House MD,8.0,yearendMASTER-chartcalcs.ods,2011yearend,27,8,inverse_points_preserve_position
2011,2011-04,4,19,7,xxxHOLiC: Kei,7.0,yearendMASTER-chartcalcs.ods,2011yearend,66,8,inverse_points_preserve_position
2011,2011-04,4,20,6,Lucky Star,6.0,yearendMASTER-chartcalcs.ods,2011yearend,36,8,inverse_points_preserve_position
2011,2011-04,4,21,5,Soul Eater,5.0,yearendMASTER-chartcalcs.ods,2011yearend,49,8,inverse_points_preserve_position
2011,2011-04,4,22,4,Karin,4.0,yearendMASTER-chartcalcs.ods,2011yearend,28,8,inverse_points_preserve_position
2011,2011-04,4,23,3,Best Student Council,3.0,yearendMASTER-chartcalcs.ods,2011yearend,9,8,inverse_points_preserve_position
2011,2011-04,4,24,2,Yume Tsukai,2.0,yearendMASTER-chartcalcs.ods,2011yearend,68,8,inverse_points_preserve_position
2011,2011-04,4,25,1,Blessing of the Campanella,1.0,yearendMASTER-chartcalcs.ods,2011yearend,12,8,inverse_points_preserve_position
2011,2011-05,5,1,25,Bleach,25.0,yearendMASTER-chartcalcs.ods,2011yearend,11,9,inverse_points_preserve_position
2011,2011-05,5,2,24,Suite PreCure!,24.0,yearendMASTER-chartcalcs.ods,2011yearend,54,9,inverse_points_preserve_position
2011,2011-05,5,3,23,Divorce Court,23.0,yearendMASTER-chartcalcs.ods,2011yearend,16,9,inverse_points_preserve_position
2011,2011-05,5,4,22,Shinryaku! Ika Musume,22.0,yearendMASTER-chartcalcs.ods,2011yearend,46,9,inverse_points_preserve_position
2011,2011-05,5,5,21,The Rachel Maddow Show,21.0,yearendMASTER-chartcalcs.ods,2011yearend,59,9,inverse_points_preserve_position
2011,2011-05,5,6,20,TruTV Presents World’s Dumbest,20.0,yearendMASTER-chartcalcs.ods,2011yearend,63,9,inverse_points_preserve_position
2011,2011-05,5,7,19,Law & Order: Special Victims Unit,19.0,yearendMASTER-chartcalcs.ods,2011yearend,33,9,inverse_points_preserve_position
2011,2011-05,5,8,18,Psychic Detective Yakumo,18.0,yearendMASTER-chartcalcs.ods,2011yearend,42,9,inverse_points_preserve_position
2011,2011-05,5,9,17,Pani Poni Dash!,17.0,yearendMASTER-chartcalcs.ods,2011yearend,40,9,inverse_points_preserve_position
2011,2011-05,5,10,16,Lucky Star,16.0,yearendMASTER-chartcalcs.ods,2011yearend,36,9,inverse_points_preserve_position
2011,2011-05,5,11,15,The Young and the Restless,15.0,yearendMASTER-chartcalcs.ods,2011yearend,60,9,inverse_points_preserve_position
2011,2011-05,5,12,14,Kekkaishi,14.0,yearendMASTER-chartcalcs.ods,2011yearend,29,9,inverse_points_preserve_position
2011,2011-05,5,13,13,House MD,13.0,yearendMASTER-chartcalcs.ods,2011yearend,27,9,inverse_points_preserve_position
2011,2011-05,5,14,12,Sister Princess,12.0,yearendMASTER-chartcalcs.ods,2011yearend,47,9,inverse_points_preserve_position
2011,2011-05,5,15,11,Criminal Minds,11.0,yearendMASTER-chartcalcs.ods,2011yearend,14,9,inverse_points_preserve_position
2011,2011-05,5,16,10,Best Student Council,10.0,yearendMASTER-chartcalcs.ods,2011yearend,9,9,inverse_points_preserve_position
2011,2011-05,5,17,9,The Last Word with Lawrence O’Donnell,9.0,yearendMASTER-chartcalcs.ods,2011yearend,58,9,inverse_points_preserve_position
2011,2011-05,5,18,8,Karin,8.0,yearendMASTER-chartcalcs.ods,2011yearend,28,9,inverse_points_preserve_position
2011,2011-05,5,19,7,Les Miserables: Shoujo Cosette,7.0,yearendMASTER-chartcalcs.ods,2011yearend,35,9,inverse_points_preserve_position
2011,2011-05,5,20,6,Seraphim Call,6.0,yearendMASTER-chartcalcs.ods,2011yearend,45,9,inverse_points_preserve_position
2011,2011-05,5,21,5,Spiral,5.0,yearendMASTER-chartcalcs.ods,2011yearend,51,9,inverse_points_preserve_position
2011,2011-05,5,22,4,Tokyo Magnitude 8.0,4.0,yearendMASTER-chartcalcs.ods,2011yearend,61,9,inverse_points_preserve_position
2011,2011-05,5,23,3,xxxHOLiC: Kei,3.0,yearendMASTER-chartcalcs.ods,2011yearend,66,9,inverse_points_preserve_position
2011,2011-05,5,24,2,Yume Tsukai,2.0,yearendMASTER-chartcalcs.ods,2011yearend,68,9,inverse_points_preserve_position
2011,2011-05,5,25,1,Blessing of the Campanella,1.0,yearendMASTER-chartcalcs.ods,2011yearend,12,9,inverse_points_preserve_position
2011,2011-06,6,1,25,Dog Days,25.0,yearendMASTER-chartcalcs.ods,2011yearend,17,10,inverse_points_preserve_position
2011,2011-06,6,2,24,Bleach,24.0,yearendMASTER-chartcalcs.ods,2011yearend,11,10,inverse_points_preserve_position
2011,2011-06,6,3,23,Suite PreCure!,23.0,yearendMASTER-chartcalcs.ods,2011yearend,54,10,inverse_points_preserve_position
2011,2011-06,6,4,22,Law & Order: Special Victims Unit,22.0,yearendMASTER-chartcalcs.ods,2011yearend,33,10,inverse_points_preserve_position
2011,2011-06,6,5,21,The Rachel Maddow Show,21.0,yearendMASTER-chartcalcs.ods,2011yearend,59,10,inverse_points_preserve_position
2011,2011-06,6,6,20,Best Student Council,20.0,yearendMASTER-chartcalcs.ods,2011yearend,9,10,inverse_points_preserve_position
2011,2011-06,6,7,19,Pani Poni Dash!,19.0,yearendMASTER-chartcalcs.ods,2011yearend,40,10,inverse_points_preserve_position
2011,2011-06,6,8,18,The Ed Show,18.0,yearendMASTER-chartcalcs.ods,2011yearend,57,10,inverse_points_preserve_position
2011,2011-06,6,9,17,The Last Word with Lawrence O’Donnell,17.0,yearendMASTER-chartcalcs.ods,2011yearend,58,10,inverse_points_preserve_position
2011,2011-06,6,10,16,Kekkaishi,16.0,yearendMASTER-chartcalcs.ods,2011yearend,29,10,inverse_points_preserve_position
2011,2011-06,6,11,15,Psychic Detective Yakumo,15.0,yearendMASTER-chartcalcs.ods,2011yearend,42,10,inverse_points_preserve_position
2011,2011-06,6,12,14,TruTV Presents World’s Dumbest,14.0,yearendMASTER-chartcalcs.ods,2011yearend,63,10,inverse_points_preserve_position
2011,2011-06,6,13,13,Shinryaku! Ika Musume,13.0,yearendMASTER-chartcalcs.ods,2011yearend,46,10,inverse_points_preserve_position
2011,2011-06,6,14,12,Criminal Minds,12.0,yearendMASTER-chartcalcs.ods,2011yearend,14,10,inverse_points_preserve_position
2011,2011-06,6,15,11,The Young and the Restless,11.0,yearendMASTER-chartcalcs.ods,2011yearend,60,10,inverse_points_preserve_position
2011,2011-06,6,16,10,Divorce Court,10.0,yearendMASTER-chartcalcs.ods,2011yearend,16,10,inverse_points_preserve_position
2011,2011-06,6,17,9,Law & Order: Los Angeles,9.0,yearendMASTER-chartcalcs.ods,2011yearend,32,10,inverse_points_preserve_position
2011,2011-06,6,18,8,Yes! Precure 5,8.0,yearendMASTER-chartcalcs.ods,2011yearend,67,10,inverse_points_preserve_position
2011,2011-06,6,19,7,Gangland,7.0,yearendMASTER-chartcalcs.ods,2011yearend,23,10,inverse_points_preserve_position
2011,2011-06,6,20,6,Futari wa Pretty Cure,6.0,yearendMASTER-chartcalcs.ods,2011yearend,22,10,inverse_points_preserve_position
2011,2011-06,6,21,5,Sister Princess,5.0,yearendMASTER-chartcalcs.ods,2011yearend,47,10,inverse_points_preserve_position
2011,2011-06,6,22,4,Lucky Star,4.0,yearendMASTER-chartcalcs.ods,2011yearend,36,10,inverse_points_preserve_position
2011,2011-06,6,23,3,Spiral,3.0,yearendMASTER-chartcalcs.ods,2011yearend,51,10,inverse_points_preserve_position
2011,2011-06,6,24,2,Yume Tsukai,2.0,yearendMASTER-chartcalcs.ods,2011yearend,68,10,inverse_points_preserve_position
2011,2011-06,6,25,1,Les Miserables: Shoujo Cosette,1.0,yearendMASTER-chartcalcs.ods,2011yearend,35,10,inverse_points_preserve_position
2011,2011-07,7,1,25,Suite PreCure!,25.0,yearendMASTER-chartcalcs.ods,2011yearend,54,11,inverse_points_preserve_position
2011,2011-07,7,2,24,Dog Days,24.0,yearendMASTER-chartcalcs.ods,2011yearend,17,11,inverse_points_preserve_position
2011,2011-07,7,3,23,Yes! Precure 5,23.0,yearendMASTER-chartcalcs.ods,2011yearend,67,11,inverse_points_preserve_position
2011,2011-07,7,4,22,Heartcatch PreCure!,22.0,yearendMASTER-chartcalcs.ods,2011yearend,26,11,inverse_points_preserve_position
2011,2011-07,7,5,21,Bleach,21.0,yearendMASTER-chartcalcs.ods,2011yearend,11,11,inverse_points_preserve_position
2011,2011-07,7,6,20,Futari wa Pretty Cure,20.0,yearendMASTER-chartcalcs.ods,2011yearend,22,11,inverse_points_preserve_position
2011,2011-07,7,7,19,Law & Order: Los Angeles,19.0,yearendMASTER-chartcalcs.ods,2011yearend,32,11,inverse_points_preserve_position
2011,2011-07,7,8,18,The Ed Show,18.0,yearendMASTER-chartcalcs.ods,2011yearend,57,11,inverse_points_preserve_position
2011,2011-07,7,9,17,TruTV Presents World’s Dumbest,17.0,yearendMASTER-chartcalcs.ods,2011yearend,63,11,inverse_points_preserve_position
2011,2011-07,7,10,16,The Rachel Maddow Show,16.0,yearendMASTER-chartcalcs.ods,2011yearend,59,11,inverse_points_preserve_position
2011,2011-07,7,11,15,Law & Order: Special Victims Unit,15.0,yearendMASTER-chartcalcs.ods,2011yearend,33,11,inverse_points_preserve_position
2011,2011-07,7,12,14,The Last Word with Lawrence O’Donnell,14.0,yearendMASTER-chartcalcs.ods,2011yearend,58,11,inverse_points_preserve_position
2011,2011-07,7,13,13,Lucky Star,13.0,yearendMASTER-chartcalcs.ods,2011yearend,36,11,inverse_points_preserve_position
2011,2011-07,7,14,12,Shinryaku! Ika Musume,12.0,yearendMASTER-chartcalcs.ods,2011yearend,46,11,inverse_points_preserve_position
2011,2011-07,7,15,11,Best Student Council,11.0,yearendMASTER-chartcalcs.ods,2011yearend,9,11,inverse_points_preserve_position
2011,2011-07,7,16,10,Bill Nye the Science Guy,10.0,yearendMASTER-chartcalcs.ods,2011yearend,10,11,inverse_points_preserve_position
2011,2011-07,7,17,9,Kekkaishi,9.0,yearendMASTER-chartcalcs.ods,2011yearend,29,11,inverse_points_preserve_position
2011,2011-07,7,18,8,Psychic Detective Yakumo,8.0,yearendMASTER-chartcalcs.ods,2011yearend,42,11,inverse_points_preserve_position
2011,2011-07,7,19,7,Fresh Pretty Cure!,7.0,yearendMASTER-chartcalcs.ods,2011yearend,20,11,inverse_points_preserve_position
2011,2011-07,7,20,6,Criminal Minds,6.0,yearendMASTER-chartcalcs.ods,2011yearend,14,11,inverse_points_preserve_position
2011,2011-07,7,21,5,The Young and the Restless,5.0,yearendMASTER-chartcalcs.ods,2011yearend,60,11,inverse_points_preserve_position
2011,2011-07,7,22,4,El Cazador de la Bruja,4.0,yearendMASTER-chartcalcs.ods,2011yearend,19,11,inverse_points_preserve_position
2011,2011-07,7,23,3,Spiral,3.0,yearendMASTER-chartcalcs.ods,2011yearend,51,11,inverse_points_preserve_position
2011,2011-07,7,24,2,Sister Princess,2.0,yearendMASTER-chartcalcs.ods,2011yearend,47,11,inverse_points_preserve_position
2011,2011-07,7,25,1,Pani Poni Dash!,1.0,yearendMASTER-chartcalcs.ods,2011yearend,40,11,inverse_points_preserve_position
2011,2011-08,8,1,25,Suite PreCure!,25.0,yearendMASTER-chartcalcs.ods,2011yearend,54,12,inverse_points_preserve_position
2011,2011-08,8,2,24,Pretty Cure Splash Star,24.0,yearendMASTER-chartcalcs.ods,2011yearend,41,12,inverse_points_preserve_position
2011,2011-08,8,3,23,My Little Pony: Friendship is Magic,23.0,yearendMASTER-chartcalcs.ods,2011yearend,39,12,inverse_points_preserve_position
2011,2011-08,8,4,22,Heartcatch PreCure!,22.0,yearendMASTER-chartcalcs.ods,2011yearend,26,12,inverse_points_preserve_position
2011,2011-08,8,5,21,Yes! Precure 5,21.0,yearendMASTER-chartcalcs.ods,2011yearend,67,12,inverse_points_preserve_position
2011,2011-08,8,6,20,TruTV Presents World’s Dumbest,20.0,yearendMASTER-chartcalcs.ods,2011yearend,63,12,inverse_points_preserve_position
2011,2011-08,8,7,19,Dog Days,19.0,yearendMASTER-chartcalcs.ods,2011yearend,17,12,inverse_points_preserve_position
2011,2011-08,8,8,18,Bleach,18.0,yearendMASTER-chartcalcs.ods,2011yearend,11,12,inverse_points_preserve_position
2011,2011-08,8,9,17,The Last Word with Lawrence O’Donnell,17.0,yearendMASTER-chartcalcs.ods,2011yearend,58,12,inverse_points_preserve_position
2011,2011-08,8,10,16,Law & Order: Los Angeles,16.0,yearendMASTER-chartcalcs.ods,2011yearend,32,12,inverse_points_preserve_position
2011,2011-08,8,11,15,Futari wa Pretty Cure,15.0,yearendMASTER-chartcalcs.ods,2011yearend,22,12,inverse_points_preserve_position
2011,2011-08,8,12,14,Taisho Baseball Girls,14.0,yearendMASTER-chartcalcs.ods,2011yearend,55,12,inverse_points_preserve_position
2011,2011-08,8,13,13,Fresh Pretty Cure!,13.0,yearendMASTER-chartcalcs.ods,2011yearend,20,12,inverse_points_preserve_position
2011,2011-08,8,14,12,Law & Order: Special Victims Unit,12.0,yearendMASTER-chartcalcs.ods,2011yearend,33,12,inverse_points_preserve_position
2011,2011-08,8,15,11,Shinryaku! Ika Musume,11.0,yearendMASTER-chartcalcs.ods,2011yearend,46,12,inverse_points_preserve_position
2011,2011-08,8,16,10,The Rachel Maddow Show,10.0,yearendMASTER-chartcalcs.ods,2011yearend,59,12,inverse_points_preserve_position
2011,2011-08,8,17,9,Best Student Council,9.0,yearendMASTER-chartcalcs.ods,2011yearend,9,12,inverse_points_preserve_position
2011,2011-08,8,18,8,Lucky Star,8.0,yearendMASTER-chartcalcs.ods,2011yearend,36,12,inverse_points_preserve_position
2011,2011-08,8,19,7,Psychic Detective Yakumo,7.0,yearendMASTER-chartcalcs.ods,2011yearend,42,12,inverse_points_preserve_position
2011,2011-08,8,20,6,Kekkaishi,6.0,yearendMASTER-chartcalcs.ods,2011yearend,29,12,inverse_points_preserve_position
2011,2011-08,8,21,5,El Cazador de la Bruja,5.0,yearendMASTER-chartcalcs.ods,2011yearend,19,12,inverse_points_preserve_position
2011,2011-08,8,22,4,WWE Raw,4.0,yearendMASTER-chartcalcs.ods,2011yearend,65,12,inverse_points_preserve_position
2011,2011-08,8,23,3,Spider Riders,3.0,yearendMASTER-chartcalcs.ods,2011yearend,50,12,inverse_points_preserve_position
2011,2011-08,8,24,2,Criminal Minds,2.0,yearendMASTER-chartcalcs.ods,2011yearend,14,12,inverse_points_preserve_position
2011,2011-08,8,25,1,Sister Princess,1.0,yearendMASTER-chartcalcs.ods,2011yearend,47,12,inverse_points_preserve_position
2011,2011-09,9,1,25,Suite PreCure!,25.0,yearendMASTER-chartcalcs.ods,2011yearend,54,13,inverse_points_preserve_position
2011,2011-09,9,2,24,My Little Pony: Friendship is Magic,24.0,yearendMASTER-chartcalcs.ods,2011yearend,39,13,inverse_points_preserve_position
2011,2011-09,9,3,23,Spider Riders,23.0,yearendMASTER-chartcalcs.ods,2011yearend,50,13,inverse_points_preserve_position
2011,2011-09,9,4,22,Pretty Cure Splash Star,22.0,yearendMASTER-chartcalcs.ods,2011yearend,41,13,inverse_points_preserve_position
2011,2011-09,9,5,21,Heartcatch PreCure!,21.0,yearendMASTER-chartcalcs.ods,2011yearend,26,13,inverse_points_preserve_position
2011,2011-09,9,6,20,TruTV Presents World’s Dumbest,20.0,yearendMASTER-chartcalcs.ods,2011yearend,63,13,inverse_points_preserve_position
2011,2011-09,9,7,19,The Country Mouse & City Mouse Adventures,19.0,yearendMASTER-chartcalcs.ods,2011yearend,56,13,inverse_points_preserve_position
2011,2011-09,9,8,18,Fresh Pretty Cure!,18.0,yearendMASTER-chartcalcs.ods,2011yearend,20,13,inverse_points_preserve_position
2011,2011-09,9,9,17,Futari wa Pretty Cure,17.0,yearendMASTER-chartcalcs.ods,2011yearend,22,13,inverse_points_preserve_position
2011,2011-09,9,10,16,Magi-Nation,16.0,yearendMASTER-chartcalcs.ods,2011yearend,37,13,inverse_points_preserve_position
2011,2011-09,9,11,15,The Last Word with Lawrence O’Donnell,15.0,yearendMASTER-chartcalcs.ods,2011yearend,58,13,inverse_points_preserve_position
2011,2011-09,9,12,14,Deadliest Warrior,14.0,yearendMASTER-chartcalcs.ods,2011yearend,15,13,inverse_points_preserve_position
2011,2011-09,9,13,13,Dog Days,13.0,yearendMASTER-chartcalcs.ods,2011yearend,17,13,inverse_points_preserve_position
2011,2011-09,9,14,12,Bleach,12.0,yearendMASTER-chartcalcs.ods,2011yearend,11,13,inverse_points_preserve_position
2011,2011-09,9,15,11,Yes! Precure 5,11.0,yearendMASTER-chartcalcs.ods,2011yearend,67,13,inverse_points_preserve_position
2011,2011-09,9,16,10,True Blood,10.0,yearendMASTER-chartcalcs.ods,2011yearend,62,13,inverse_points_preserve_position
2011,2011-09,9,17,9,Psychic Detective Yakumo,9.0,yearendMASTER-chartcalcs.ods,2011yearend,42,13,inverse_points_preserve_position
2011,2011-09,9,18,8,Taisho Baseball Girls,8.0,yearendMASTER-chartcalcs.ods,2011yearend,55,13,inverse_points_preserve_position
2011,2011-09,9,19,7,Shinryaku! Ika Musume,7.0,yearendMASTER-chartcalcs.ods,2011yearend,46,13,inverse_points_preserve_position
2011,2011-09,9,20,6,Law & Order: Los Angeles,6.0,yearendMASTER-chartcalcs.ods,2011yearend,32,13,inverse_points_preserve_position
2011,2011-09,9,21,5,Law & Order: Special Victims Unit,5.0,yearendMASTER-chartcalcs.ods,2011yearend,33,13,inverse_points_preserve_position
2011,2011-09,9,22,4,Lucky Star,4.0,yearendMASTER-chartcalcs.ods,2011yearend,36,13,inverse_points_preserve_position
2011,2011-09,9,23,3,Yume Tsukai,3.0,yearendMASTER-chartcalcs.ods,2011yearend,68,13,inverse_points_preserve_position
2011,2011-09,9,24,2,Best Student Council,2.0,yearendMASTER-chartcalcs.ods,2011yearend,9,13,inverse_points_preserve_position
2011,2011-09,9,25,1,The Rachel Maddow Show,1.0,yearendMASTER-chartcalcs.ods,2011yearend,59,13,inverse_points_preserve_position
2011,2011-10,10,1,25,Suite PreCure!,25.0,yearendMASTER-chartcalcs.ods,2011yearend,54,14,inverse_points_preserve_position
2011,2011-10,10,2,24,My Little Pony: Friendship is Magic,24.0,yearendMASTER-chartcalcs.ods,2011yearend,39,14,inverse_points_preserve_position
2011,2011-10,10,3,23,Spider Riders,23.0,yearendMASTER-chartcalcs.ods,2011yearend,50,14,inverse_points_preserve_position
2011,2011-10,10,4,22,Magi-Nation,22.0,yearendMASTER-chartcalcs.ods,2011yearend,37,14,inverse_points_preserve_position
2011,2011-10,10,5,21,Heartcatch PreCure!,21.0,yearendMASTER-chartcalcs.ods,2011yearend,26,14,inverse_points_preserve_position
2011,2011-10,10,6,20,The Country Mouse & City Mouse Adventures,20.0,yearendMASTER-chartcalcs.ods,2011yearend,56,14,inverse_points_preserve_position
2011,2011-10,10,7,19,TruTV Presents World’s Dumbest,19.0,yearendMASTER-chartcalcs.ods,2011yearend,63,14,inverse_points_preserve_position
2011,2011-10,10,8,18,Fresh Pretty Cure!,18.0,yearendMASTER-chartcalcs.ods,2011yearend,20,14,inverse_points_preserve_position
2011,2011-10,10,9,17,Law & Order: Special Victims Unit,17.0,yearendMASTER-chartcalcs.ods,2011yearend,33,14,inverse_points_preserve_position
2011,2011-10,10,10,16,Deadliest Warrior,16.0,yearendMASTER-chartcalcs.ods,2011yearend,15,14,inverse_points_preserve_position
2011,2011-10,10,11,15,Futari wa Pretty Cure,15.0,yearendMASTER-chartcalcs.ods,2011yearend,22,14,inverse_points_preserve_position
2011,2011-10,10,12,14,Pretty Cure Splash Star,14.0,yearendMASTER-chartcalcs.ods,2011yearend,41,14,inverse_points_preserve_position
2011,2011-10,10,13,13,Dog Days,13.0,yearendMASTER-chartcalcs.ods,2011yearend,17,14,inverse_points_preserve_position
2011,2011-10,10,14,12,Yes! Precure 5,12.0,yearendMASTER-chartcalcs.ods,2011yearend,67,14,inverse_points_preserve_position
2011,2011-10,10,15,11,Bleach,11.0,yearendMASTER-chartcalcs.ods,2011yearend,11,14,inverse_points_preserve_position
2011,2011-10,10,16,10,The Last Word with Lawrence O’Donnell,10.0,yearendMASTER-chartcalcs.ods,2011yearend,58,14,inverse_points_preserve_position
2011,2011-10,10,17,9,Criminal Minds,9.0,yearendMASTER-chartcalcs.ods,2011yearend,14,14,inverse_points_preserve_position
2011,2011-10,10,18,8,Psychic Detective Yakumo,8.0,yearendMASTER-chartcalcs.ods,2011yearend,42,14,inverse_points_preserve_position
2011,2011-10,10,19,7,The Young and the Restless,7.0,yearendMASTER-chartcalcs.ods,2011yearend,60,14,inverse_points_preserve_position
2011,2011-10,10,20,6,The Rachel Maddow Show,6.0,yearendMASTER-chartcalcs.ods,2011yearend,59,14,inverse_points_preserve_position
2011,2011-10,10,21,5,Lucky Star,5.0,yearendMASTER-chartcalcs.ods,2011yearend,36,14,inverse_points_preserve_position
2011,2011-10,10,22,4,Taisho Baseball Girls,4.0,yearendMASTER-chartcalcs.ods,2011yearend,55,14,inverse_points_preserve_position
2011,2011-10,10,23,3,Best Student Council,3.0,yearendMASTER-chartcalcs.ods,2011yearend,9,14,inverse_points_preserve_position
2011,2011-10,10,24,2,Shinryaku! Ika Musume,2.0,yearendMASTER-chartcalcs.ods,2011yearend,46,14,inverse_points_preserve_position
2011,2011-10,10,25,1,Yume Tsukai,1.0,yearendMASTER-chartcalcs.ods,2011yearend,68,14,inverse_points_preserve_position
2011,2011-11,11,1,25,Suite PreCure!,25.0,yearendMASTER-chartcalcs.ods,2011yearend,54,15,inverse_points_preserve_position
2011,2011-11,11,2,24,Heartcatch PreCure!,24.0,yearendMASTER-chartcalcs.ods,2011yearend,26,15,inverse_points_preserve_position
2011,2011-11,11,3,23,Law & Order: Special Victims Unit,23.0,yearendMASTER-chartcalcs.ods,2011yearend,33,15,inverse_points_preserve_position
2011,2011-11,11,4,22,Criminal Minds,22.0,yearendMASTER-chartcalcs.ods,2011yearend,14,15,inverse_points_preserve_position
2011,2011-11,11,5,21,Fresh Pretty Cure!,21.0,yearendMASTER-chartcalcs.ods,2011yearend,20,15,inverse_points_preserve_position
2011,2011-11,11,6,20,TruTV Presents World’s Dumbest,20.0,yearendMASTER-chartcalcs.ods,2011yearend,63,15,inverse_points_preserve_position
2011,2011-11,11,7,19,My Little Pony: Friendship is Magic,19.0,yearendMASTER-chartcalcs.ods,2011yearend,39,15,inverse_points_preserve_position
2011,2011-11,11,8,18,Bleach,18.0,yearendMASTER-chartcalcs.ods,2011yearend,11,15,inverse_points_preserve_position
2011,2011-11,11,9,17,Working!!,17.0,yearendMASTER-chartcalcs.ods,2011yearend,64,15,inverse_points_preserve_position
2011,2011-11,11,10,16,Spider Riders,16.0,yearendMASTER-chartcalcs.ods,2011yearend,50,15,inverse_points_preserve_position
2011,2011-11,11,11,15,Yes! Precure 5,15.0,yearendMASTER-chartcalcs.ods,2011yearend,67,15,inverse_points_preserve_position
2011,2011-11,11,12,14,Snapped,14.0,yearendMASTER-chartcalcs.ods,2011yearend,48,15,inverse_points_preserve_position
2011,2011-11,11,13,13,Pretty Cure Splash Star,13.0,yearendMASTER-chartcalcs.ods,2011yearend,41,15,inverse_points_preserve_position
2011,2011-11,11,14,12,Magi-Nation,12.0,yearendMASTER-chartcalcs.ods,2011yearend,37,15,inverse_points_preserve_position
2011,2011-11,11,15,11,Storm Chasers,11.0,yearendMASTER-chartcalcs.ods,2011yearend,53,15,inverse_points_preserve_position
2011,2011-11,11,16,10,The Young and the Restless,10.0,yearendMASTER-chartcalcs.ods,2011yearend,60,15,inverse_points_preserve_position
2011,2011-11,11,17,9,Pani Poni Dash!,9.0,yearendMASTER-chartcalcs.ods,2011yearend,40,15,inverse_points_preserve_position
2011,2011-11,11,18,8,Futari wa Pretty Cure,8.0,yearendMASTER-chartcalcs.ods,2011yearend,22,15,inverse_points_preserve_position
2011,2011-11,11,19,7,The Rachel Maddow Show,7.0,yearendMASTER-chartcalcs.ods,2011yearend,59,15,inverse_points_preserve_position
2011,2011-11,11,20,6,Redakai: Conquer the Kairu,6.0,yearendMASTER-chartcalcs.ods,2011yearend,44,15,inverse_points_preserve_position
2011,2011-11,11,21,5,Psychic Detective Yakumo,5.0,yearendMASTER-chartcalcs.ods,2011yearend,42,15,inverse_points_preserve_position
2011,2011-11,11,22,4,Blue Drop: Tenshitachi no Gikyoku,4.0,yearendMASTER-chartcalcs.ods,2011yearend,13,15,inverse_points_preserve_position
2011,2011-11,11,23,3,The Last Word with Lawrence O’Donnell,3.0,yearendMASTER-chartcalcs.ods,2011yearend,58,15,inverse_points_preserve_position
2011,2011-11,11,24,2,Dog Days,2.0,yearendMASTER-chartcalcs.ods,2011yearend,17,15,inverse_points_preserve_position
2011,2011-11,11,25,1,Best Student Council,1.0,yearendMASTER-chartcalcs.ods,2011yearend,9,15,inverse_points_preserve_position
2011,2011-12,12,1,25,My Little Pony: Friendship is Magic,25.0,yearendMASTER-chartcalcs.ods,2011yearend,39,16,inverse_points_preserve_position
2011,2011-12,12,2,24,Suite PreCure!,24.0,yearendMASTER-chartcalcs.ods,2011yearend,54,16,inverse_points_preserve_position
2011,2011-12,12,3,23,TruTV Presents World’s Dumbest,23.0,yearendMASTER-chartcalcs.ods,2011yearend,63,16,inverse_points_preserve_position
2011,2011-12,12,4,22,Law & Order: Special Victims Unit,22.0,yearendMASTER-chartcalcs.ods,2011yearend,33,16,inverse_points_preserve_position
2011,2011-12,12,5,21,Pretty Cure Splash Star,21.0,yearendMASTER-chartcalcs.ods,2011yearend,41,16,inverse_points_preserve_position
2011,2011-12,12,6,20,Criminal Minds,20.0,yearendMASTER-chartcalcs.ods,2011yearend,14,16,inverse_points_preserve_position
2011,2011-12,12,7,19,Fresh Pretty Cure!,19.0,yearendMASTER-chartcalcs.ods,2011yearend,20,16,inverse_points_preserve_position
2011,2011-12,12,8,18,Bleach,18.0,yearendMASTER-chartcalcs.ods,2011yearend,11,16,inverse_points_preserve_position
2011,2011-12,12,9,17,Heartcatch PreCure!,17.0,yearendMASTER-chartcalcs.ods,2011yearend,26,16,inverse_points_preserve_position
2011,2011-12,12,10,16,Kung Fu Panda: Legends of Awesomeness,16.0,yearendMASTER-chartcalcs.ods,2011yearend,30,16,inverse_points_preserve_position
2011,2011-12,12,11,15,The Young and the Restless,15.0,yearendMASTER-chartcalcs.ods,2011yearend,60,16,inverse_points_preserve_position
2011,2011-12,12,12,14,Working!!,14.0,yearendMASTER-chartcalcs.ods,2011yearend,64,16,inverse_points_preserve_position
2011,2011-12,12,13,13,Stitch!,13.0,yearendMASTER-chartcalcs.ods,2011yearend,52,16,inverse_points_preserve_position
2011,2011-12,12,14,12,Snapped,12.0,yearendMASTER-chartcalcs.ods,2011yearend,48,16,inverse_points_preserve_position
2011,2011-12,12,15,11,The Last Word with Lawrence O’Donnell,11.0,yearendMASTER-chartcalcs.ods,2011yearend,58,16,inverse_points_preserve_position
2011,2011-12,12,16,10,Spider Riders,10.0,yearendMASTER-chartcalcs.ods,2011yearend,50,16,inverse_points_preserve_position
2011,2011-12,12,17,9,The Rachel Maddow Show,9.0,yearendMASTER-chartcalcs.ods,2011yearend,59,16,inverse_points_preserve_position
2011,2011-12,12,18,8,Redakai: Conquer the Kairu,8.0,yearendMASTER-chartcalcs.ods,2011yearend,44,16,inverse_points_preserve_position
2011,2011-12,12,19,7,Yes! Precure 5,7.0,yearendMASTER-chartcalcs.ods,2011yearend,67,16,inverse_points_preserve_position
2011,2011-12,12,20,6,Futari wa Pretty Cure,6.0,yearendMASTER-chartcalcs.ods,2011yearend,22,16,inverse_points_preserve_position
2011,2011-12,12,21,5,Psychic Detective Yakumo,5.0,yearendMASTER-chartcalcs.ods,2011yearend,42,16,inverse_points_preserve_position
2011,2011-12,12,22,4,Dog Days,4.0,yearendMASTER-chartcalcs.ods,2011yearend,17,16,inverse_points_preserve_position
2011,2011-12,12,23,3,Storm Chasers,3.0,yearendMASTER-chartcalcs.ods,2011yearend,53,16,inverse_points_preserve_position
2011,2011-12,12,24,2,Magi-Nation,2.0,yearendMASTER-chartcalcs.ods,2011yearend,37,16,inverse_points_preserve_position
2011,2011-12,12,25,1,Best Student Council,1.0,yearendMASTER-chartcalcs.ods,2011yearend,9,16,inverse_points_preserve_position
2012,2012-01,1,1,25,Suite PreCure!,25.0,yearendMASTER-chartcalcs.ods,2012yearend,43,5,inverse_points_preserve_position
2012,2012-01,1,2,24,Pretty Cure Splash Star,24.0,yearendMASTER-chartcalcs.ods,2012yearend,34,5,inverse_points_preserve_position
2012,2012-01,1,3,23,My Little Pony: Friendship is Magic,23.0,yearendMASTER-chartcalcs.ods,2012yearend,31,5,inverse_points_preserve_position
2012,2012-01,1,4,22,truTV Presents World's Dumbest,22.0,yearendMASTER-chartcalcs.ods,2012yearend,56,5,inverse_points_preserve_position
2012,2012-01,1,5,21,HeartCatch PreCure!,21.0,yearendMASTER-chartcalcs.ods,2012yearend,18,5,inverse_points_preserve_position
2012,2012-01,1,6,20,Martin Bashir,20.0,yearendMASTER-chartcalcs.ods,2012yearend,27,5,inverse_points_preserve_position
2012,2012-01,1,7,19,The Young and the Restless,19.0,yearendMASTER-chartcalcs.ods,2012yearend,54,5,inverse_points_preserve_position
2012,2012-01,1,8,18,Working!!,18.0,yearendMASTER-chartcalcs.ods,2012yearend,59,5,inverse_points_preserve_position
2012,2012-01,1,9,17,The Beast Player Erin,17.0,yearendMASTER-chartcalcs.ods,2012yearend,48,5,inverse_points_preserve_position
2012,2012-01,1,10,16,Fresh Pretty Cure!,16.0,yearendMASTER-chartcalcs.ods,2012yearend,16,5,inverse_points_preserve_position
2012,2012-01,1,11,15,Law & Order: Special Victims Unit,15.0,yearendMASTER-chartcalcs.ods,2012yearend,23,5,inverse_points_preserve_position
2012,2012-01,1,12,14,Kung Fu Panda: Legends of Awesomeness,14.0,yearendMASTER-chartcalcs.ods,2012yearend,22,5,inverse_points_preserve_position
2012,2012-01,1,13,13,Beavis & Butthead,13.0,yearendMASTER-chartcalcs.ods,2012yearend,9,5,inverse_points_preserve_position
2012,2012-01,1,14,12,Criminal Minds,12.0,yearendMASTER-chartcalcs.ods,2012yearend,12,5,inverse_points_preserve_position
2012,2012-01,1,15,11,Snapped,11.0,yearendMASTER-chartcalcs.ods,2012yearend,41,5,inverse_points_preserve_position
2012,2012-01,1,16,10,The Rachel Maddow Show,10.0,yearendMASTER-chartcalcs.ods,2012yearend,53,5,inverse_points_preserve_position
2012,2012-01,1,17,9,The Last Word with Lawrence O'Donnell,9.0,yearendMASTER-chartcalcs.ods,2012yearend,51,5,inverse_points_preserve_position
2012,2012-01,1,18,8,The Ed Show,8.0,yearendMASTER-chartcalcs.ods,2012yearend,50,5,inverse_points_preserve_position
2012,2012-01,1,19,7,Stitch!,7.0,yearendMASTER-chartcalcs.ods,2012yearend,42,5,inverse_points_preserve_position
2012,2012-01,1,20,6,Bleach,6.0,yearendMASTER-chartcalcs.ods,2012yearend,10,5,inverse_points_preserve_position
2012,2012-01,1,21,5,Psychic Detective Yakumo,5.0,yearendMASTER-chartcalcs.ods,2012yearend,35,5,inverse_points_preserve_position
2012,2012-01,1,22,4,Law & Order: UK,4.0,yearendMASTER-chartcalcs.ods,2012yearend,24,5,inverse_points_preserve_position
2012,2012-01,1,23,3,Only in America with Larry the Cable Guy,3.0,yearendMASTER-chartcalcs.ods,2012yearend,33,5,inverse_points_preserve_position
2012,2012-01,1,24,2,Yes! PreCure 5,2.0,yearendMASTER-chartcalcs.ods,2012yearend,60,5,inverse_points_preserve_position
2012,2012-01,1,25,1,Dog Days,1.0,yearendMASTER-chartcalcs.ods,2012yearend,13,5,inverse_points_preserve_position
2012,2012-02,2,1,25,Rozen Maiden,25.0,yearendMASTER-chartcalcs.ods,2012yearend,37,6,inverse_points_preserve_position
2012,2012-02,2,2,24,My Little Pony: Friendship is Magic,24.0,yearendMASTER-chartcalcs.ods,2012yearend,31,6,inverse_points_preserve_position
2012,2012-02,2,3,23,Pretty Cure Splash Star,23.0,yearendMASTER-chartcalcs.ods,2012yearend,34,6,inverse_points_preserve_position
2012,2012-02,2,4,22,Suite PreCure!,22.0,yearendMASTER-chartcalcs.ods,2012yearend,43,6,inverse_points_preserve_position
2012,2012-02,2,5,21,truTV Presents World's Dumbest,21.0,yearendMASTER-chartcalcs.ods,2012yearend,56,6,inverse_points_preserve_position
2012,2012-02,2,6,20,Fresh Pretty Cure!,20.0,yearendMASTER-chartcalcs.ods,2012yearend,16,6,inverse_points_preserve_position
2012,2012-02,2,7,19,The Beast Player Erin,19.0,yearendMASTER-chartcalcs.ods,2012yearend,48,6,inverse_points_preserve_position
2012,2012-02,2,8,18,Law & Order: Special Victims Unit,18.0,yearendMASTER-chartcalcs.ods,2012yearend,23,6,inverse_points_preserve_position
2012,2012-02,2,9,17,Taisho Baseball Girls,17.0,yearendMASTER-chartcalcs.ods,2012yearend,46,6,inverse_points_preserve_position
2012,2012-02,2,10,16,Working!!,16.0,yearendMASTER-chartcalcs.ods,2012yearend,59,6,inverse_points_preserve_position
2012,2012-02,2,11,15,Martin Bashir,15.0,yearendMASTER-chartcalcs.ods,2012yearend,27,6,inverse_points_preserve_position
2012,2012-02,2,12,14,HeartCatch PreCure!,14.0,yearendMASTER-chartcalcs.ods,2012yearend,18,6,inverse_points_preserve_position
2012,2012-02,2,13,13,The Ed Show,13.0,yearendMASTER-chartcalcs.ods,2012yearend,50,6,inverse_points_preserve_position
2012,2012-02,2,14,12,The Young and the Restless,12.0,yearendMASTER-chartcalcs.ods,2012yearend,54,6,inverse_points_preserve_position
2012,2012-02,2,15,11,The Rachel Maddow Show,11.0,yearendMASTER-chartcalcs.ods,2012yearend,53,6,inverse_points_preserve_position
2012,2012-02,2,16,10,Criminal Minds,10.0,yearendMASTER-chartcalcs.ods,2012yearend,12,6,inverse_points_preserve_position
2012,2012-02,2,17,9,Snapped,9.0,yearendMASTER-chartcalcs.ods,2012yearend,41,6,inverse_points_preserve_position
2012,2012-02,2,18,8,The Last Word with Lawrence O'Donnell,8.0,yearendMASTER-chartcalcs.ods,2012yearend,51,6,inverse_points_preserve_position
2012,2012-02,2,19,7,Kung Fu Panda: Legends of Awesomeness,7.0,yearendMASTER-chartcalcs.ods,2012yearend,22,6,inverse_points_preserve_position
2012,2012-02,2,20,6,Psychic Detective Yakumo,6.0,yearendMASTER-chartcalcs.ods,2012yearend,35,6,inverse_points_preserve_position
2012,2012-02,2,21,5,Bleach,5.0,yearendMASTER-chartcalcs.ods,2012yearend,10,6,inverse_points_preserve_position
2012,2012-02,2,22,4,Beavis & Butthead,4.0,yearendMASTER-chartcalcs.ods,2012yearend,9,6,inverse_points_preserve_position
2012,2012-02,2,23,3,Yes! PreCure 5,3.0,yearendMASTER-chartcalcs.ods,2012yearend,60,6,inverse_points_preserve_position
2012,2012-02,2,24,2,Only in America with Larry the Cable Guy,2.0,yearendMASTER-chartcalcs.ods,2012yearend,33,6,inverse_points_preserve_position
2012,2012-02,2,25,1,Dog Days,1.0,yearendMASTER-chartcalcs.ods,2012yearend,13,6,inverse_points_preserve_position
2012,2012-03,3,1,25,Rozen Maiden,25.0,yearendMASTER-chartcalcs.ods,2012yearend,37,7,inverse_points_preserve_position
2012,2012-03,3,2,24,My Little Pony: Friendship is Magic,24.0,yearendMASTER-chartcalcs.ods,2012yearend,31,7,inverse_points_preserve_position
2012,2012-03,3,3,23,The Ed Show,23.0,yearendMASTER-chartcalcs.ods,2012yearend,50,7,inverse_points_preserve_position
2012,2012-03,3,4,22,truTV Presents World's Dumbest,22.0,yearendMASTER-chartcalcs.ods,2012yearend,56,7,inverse_points_preserve_position
2012,2012-03,3,5,21,Pretty Cure Splash Star,21.0,yearendMASTER-chartcalcs.ods,2012yearend,34,7,inverse_points_preserve_position
2012,2012-03,3,6,20,The Young and the Restless,20.0,yearendMASTER-chartcalcs.ods,2012yearend,54,7,inverse_points_preserve_position
2012,2012-03,3,7,19,Smile PreCure!,19.0,yearendMASTER-chartcalcs.ods,2012yearend,40,7,inverse_points_preserve_position
2012,2012-03,3,8,18,Law & Order: Special Victims Unit,18.0,yearendMASTER-chartcalcs.ods,2012yearend,23,7,inverse_points_preserve_position
2012,2012-03,3,9,17,Martin Bashir,17.0,yearendMASTER-chartcalcs.ods,2012yearend,27,7,inverse_points_preserve_position
2012,2012-03,3,10,16,Suite PreCure!,16.0,yearendMASTER-chartcalcs.ods,2012yearend,43,7,inverse_points_preserve_position
2012,2012-03,3,11,15,Fresh Pretty Cure!,15.0,yearendMASTER-chartcalcs.ods,2012yearend,16,7,inverse_points_preserve_position
2012,2012-03,3,12,14,Moretsu Pirates,14.0,yearendMASTER-chartcalcs.ods,2012yearend,30,7,inverse_points_preserve_position
2012,2012-03,3,13,13,Criminal Minds,13.0,yearendMASTER-chartcalcs.ods,2012yearend,12,7,inverse_points_preserve_position
2012,2012-03,3,14,12,HeartCatch PreCure!,12.0,yearendMASTER-chartcalcs.ods,2012yearend,18,7,inverse_points_preserve_position
2012,2012-03,3,15,11,The Rachel Maddow Show,11.0,yearendMASTER-chartcalcs.ods,2012yearend,53,7,inverse_points_preserve_position
2012,2012-03,3,16,10,The Last Word with Lawrence O'Donnell,10.0,yearendMASTER-chartcalcs.ods,2012yearend,51,7,inverse_points_preserve_position
2012,2012-03,3,17,9,Yes! PreCure 5,9.0,yearendMASTER-chartcalcs.ods,2012yearend,60,7,inverse_points_preserve_position
2012,2012-03,3,18,8,The Beast Player Erin,8.0,yearendMASTER-chartcalcs.ods,2012yearend,48,7,inverse_points_preserve_position
2012,2012-03,3,19,7,Snapped,7.0,yearendMASTER-chartcalcs.ods,2012yearend,41,7,inverse_points_preserve_position
2012,2012-03,3,20,6,Only in America with Larry the Cable Guy,6.0,yearendMASTER-chartcalcs.ods,2012yearend,33,7,inverse_points_preserve_position
2012,2012-03,3,21,5,Working!!,5.0,yearendMASTER-chartcalcs.ods,2012yearend,59,7,inverse_points_preserve_position
2012,2012-03,3,22,4,Sailor Moon,4.0,yearendMASTER-chartcalcs.ods,2012yearend,39,7,inverse_points_preserve_position
2012,2012-03,3,23,3,Psychic Detective Yakumo,3.0,yearendMASTER-chartcalcs.ods,2012yearend,35,7,inverse_points_preserve_position
2012,2012-03,3,24,2,Bleach,2.0,yearendMASTER-chartcalcs.ods,2012yearend,10,7,inverse_points_preserve_position
2012,2012-03,3,25,1,Dog Days,1.0,yearendMASTER-chartcalcs.ods,2012yearend,13,7,inverse_points_preserve_position
2012,2012-04,4,1,25,The Ed Show,25.0,yearendMASTER-chartcalcs.ods,2012yearend,50,8,inverse_points_preserve_position
2012,2012-04,4,2,24,Rozen Maiden,24.0,yearendMASTER-chartcalcs.ods,2012yearend,37,8,inverse_points_preserve_position
2012,2012-04,4,3,23,The Young and the Restless,23.0,yearendMASTER-chartcalcs.ods,2012yearend,54,8,inverse_points_preserve_position
2012,2012-04,4,4,22,Smile PreCure!,22.0,yearendMASTER-chartcalcs.ods,2012yearend,40,8,inverse_points_preserve_position
2012,2012-04,4,5,21,My Little Pony: Friendship is Magic,21.0,yearendMASTER-chartcalcs.ods,2012yearend,31,8,inverse_points_preserve_position
2012,2012-04,4,6,20,Martin Bashir,20.0,yearendMASTER-chartcalcs.ods,2012yearend,27,8,inverse_points_preserve_position
2012,2012-04,4,7,19,Sailor Moon,19.0,yearendMASTER-chartcalcs.ods,2012yearend,39,8,inverse_points_preserve_position
2012,2012-04,4,8,18,The Rachel Maddow Show,18.0,yearendMASTER-chartcalcs.ods,2012yearend,53,8,inverse_points_preserve_position
2012,2012-04,4,9,17,Criminal Minds,17.0,yearendMASTER-chartcalcs.ods,2012yearend,12,8,inverse_points_preserve_position
2012,2012-04,4,10,16,truTV Presents World's Dumbest,16.0,yearendMASTER-chartcalcs.ods,2012yearend,56,8,inverse_points_preserve_position
2012,2012-04,4,11,15,Melissa Harris-Perry,15.0,yearendMASTER-chartcalcs.ods,2012yearend,28,8,inverse_points_preserve_position
2012,2012-04,4,12,14,Law & Order: Special Victims Unit,14.0,yearendMASTER-chartcalcs.ods,2012yearend,23,8,inverse_points_preserve_position
2012,2012-04,4,13,13,The Last Word with Lawrence O'Donnell,13.0,yearendMASTER-chartcalcs.ods,2012yearend,51,8,inverse_points_preserve_position
2012,2012-04,4,14,12,Fresh Pretty Cure!,12.0,yearendMASTER-chartcalcs.ods,2012yearend,16,8,inverse_points_preserve_position
2012,2012-04,4,15,11,Only in America with Larry the Cable Guy,11.0,yearendMASTER-chartcalcs.ods,2012yearend,33,8,inverse_points_preserve_position
2012,2012-04,4,16,10,Nanaka 6/17,10.0,yearendMASTER-chartcalcs.ods,2012yearend,32,8,inverse_points_preserve_position
2012,2012-04,4,17,9,Pretty Cure Splash Star,9.0,yearendMASTER-chartcalcs.ods,2012yearend,34,8,inverse_points_preserve_position
2012,2012-04,4,18,8,Moretsu Pirates,8.0,yearendMASTER-chartcalcs.ods,2012yearend,30,8,inverse_points_preserve_position
2012,2012-04,4,19,7,Suite PreCure!,7.0,yearendMASTER-chartcalcs.ods,2012yearend,43,8,inverse_points_preserve_position
2012,2012-04,4,20,6,Snapped,6.0,yearendMASTER-chartcalcs.ods,2012yearend,41,8,inverse_points_preserve_position
2012,2012-04,4,21,5,S-CRY-ed,5.0,yearendMASTER-chartcalcs.ods,2012yearend,38,8,inverse_points_preserve_position
2012,2012-04,4,22,4,HeartCatch PreCure!,4.0,yearendMASTER-chartcalcs.ods,2012yearend,18,8,inverse_points_preserve_position
2012,2012-04,4,23,3,Yes! PreCure 5,3.0,yearendMASTER-chartcalcs.ods,2012yearend,60,8,inverse_points_preserve_position
2012,2012-04,4,24,2,Bleach,2.0,yearendMASTER-chartcalcs.ods,2012yearend,10,8,inverse_points_preserve_position
2012,2012-04,4,25,1,Psychic Detective Yakumo,1.0,yearendMASTER-chartcalcs.ods,2012yearend,35,8,inverse_points_preserve_position
2012,2012-05,5,1,25,My Little Pony: Friendship is Magic,25.0,yearendMASTER-chartcalcs.ods,2012yearend,31,9,inverse_points_preserve_position
2012,2012-05,5,2,24,Little Women,24.0,yearendMASTER-chartcalcs.ods,2012yearend,25,9,inverse_points_preserve_position
2012,2012-05,5,3,23,The Ed Show,23.0,yearendMASTER-chartcalcs.ods,2012yearend,50,9,inverse_points_preserve_position
2012,2012-05,5,4,22,Rozen Maiden,22.0,yearendMASTER-chartcalcs.ods,2012yearend,37,9,inverse_points_preserve_position
2012,2012-05,5,5,21,The Young and the Restless,21.0,yearendMASTER-chartcalcs.ods,2012yearend,54,9,inverse_points_preserve_position
2012,2012-05,5,6,20,Smile PreCure!,20.0,yearendMASTER-chartcalcs.ods,2012yearend,40,9,inverse_points_preserve_position
2012,2012-05,5,7,19,The Rachel Maddow Show,19.0,yearendMASTER-chartcalcs.ods,2012yearend,53,9,inverse_points_preserve_position
2012,2012-05,5,8,18,Sailor Moon,18.0,yearendMASTER-chartcalcs.ods,2012yearend,39,9,inverse_points_preserve_position
2012,2012-05,5,9,17,Class of the Titans,17.0,yearendMASTER-chartcalcs.ods,2012yearend,11,9,inverse_points_preserve_position
2012,2012-05,5,10,16,Talking Liberally: The Stephanie Miller Show,16.0,yearendMASTER-chartcalcs.ods,2012yearend,47,9,inverse_points_preserve_position
2012,2012-05,5,11,15,truTV Presents World's Dumbest,15.0,yearendMASTER-chartcalcs.ods,2012yearend,56,9,inverse_points_preserve_position
2012,2012-05,5,12,14,Martin Bashir,14.0,yearendMASTER-chartcalcs.ods,2012yearend,27,9,inverse_points_preserve_position
2012,2012-05,5,13,13,Snapped,13.0,yearendMASTER-chartcalcs.ods,2012yearend,41,9,inverse_points_preserve_position
2012,2012-05,5,14,12,The Mysteries of Alfred Hedgehog,12.0,yearendMASTER-chartcalcs.ods,2012yearend,52,9,inverse_points_preserve_position
2012,2012-05,5,15,11,Fresh Pretty Cure!,11.0,yearendMASTER-chartcalcs.ods,2012yearend,16,9,inverse_points_preserve_position
2012,2012-05,5,16,10,Law & Order: Special Victims Unit,10.0,yearendMASTER-chartcalcs.ods,2012yearend,23,9,inverse_points_preserve_position
2012,2012-05,5,17,9,The Last Word with Lawrence O'Donnell,9.0,yearendMASTER-chartcalcs.ods,2012yearend,51,9,inverse_points_preserve_position
2012,2012-05,5,18,8,Nanaka 6/17,8.0,yearendMASTER-chartcalcs.ods,2012yearend,32,9,inverse_points_preserve_position
2012,2012-05,5,19,7,Melissa Harris-Perry,7.0,yearendMASTER-chartcalcs.ods,2012yearend,28,9,inverse_points_preserve_position
2012,2012-05,5,20,6,Yes! PreCure 5,6.0,yearendMASTER-chartcalcs.ods,2012yearend,60,9,inverse_points_preserve_position
2012,2012-05,5,21,5,Pretty Cure Splash Star,5.0,yearendMASTER-chartcalcs.ods,2012yearend,34,9,inverse_points_preserve_position
2012,2012-05,5,22,4,Moretsu Pirates,4.0,yearendMASTER-chartcalcs.ods,2012yearend,30,9,inverse_points_preserve_position
2012,2012-05,5,23,3,Criminal Minds,3.0,yearendMASTER-chartcalcs.ods,2012yearend,12,9,inverse_points_preserve_position
2012,2012-05,5,24,2,Suite PreCure!,2.0,yearendMASTER-chartcalcs.ods,2012yearend,43,9,inverse_points_preserve_position
2012,2012-05,5,25,1,HeartCatch PreCure!,1.0,yearendMASTER-chartcalcs.ods,2012yearend,18,9,inverse_points_preserve_position
2012,2012-06,6,1,25,Little Women,25.0,yearendMASTER-chartcalcs.ods,2012yearend,25,10,inverse_points_preserve_position
2012,2012-06,6,2,24,The Young and the Restless,24.0,yearendMASTER-chartcalcs.ods,2012yearend,54,10,inverse_points_preserve_position
2012,2012-06,6,3,23,Smile PreCure!,23.0,yearendMASTER-chartcalcs.ods,2012yearend,40,10,inverse_points_preserve_position
2012,2012-06,6,4,22,The Last Word with Lawrence O'Donnell,22.0,yearendMASTER-chartcalcs.ods,2012yearend,51,10,inverse_points_preserve_position
2012,2012-06,6,5,21,Talking Liberally: The Stephanie Miller Show,21.0,yearendMASTER-chartcalcs.ods,2012yearend,47,10,inverse_points_preserve_position
2012,2012-06,6,6,20,Rosario + Vampire,20.0,yearendMASTER-chartcalcs.ods,2012yearend,36,10,inverse_points_preserve_position
2012,2012-06,6,7,19,Class of the Titans,19.0,yearendMASTER-chartcalcs.ods,2012yearend,11,10,inverse_points_preserve_position
2012,2012-06,6,8,18,truTV Presents World's Dumbest,18.0,yearendMASTER-chartcalcs.ods,2012yearend,56,10,inverse_points_preserve_position
2012,2012-06,6,9,17,My Little Pony: Friendship is Magic,17.0,yearendMASTER-chartcalcs.ods,2012yearend,31,10,inverse_points_preserve_position
2012,2012-06,6,10,16,The Ed Show,16.0,yearendMASTER-chartcalcs.ods,2012yearend,50,10,inverse_points_preserve_position
2012,2012-06,6,11,15,Sailor Moon,15.0,yearendMASTER-chartcalcs.ods,2012yearend,39,10,inverse_points_preserve_position
2012,2012-06,6,12,14,Rozen Maiden,14.0,yearendMASTER-chartcalcs.ods,2012yearend,37,10,inverse_points_preserve_position
2012,2012-06,6,13,13,The Rachel Maddow Show,13.0,yearendMASTER-chartcalcs.ods,2012yearend,53,10,inverse_points_preserve_position
2012,2012-06,6,14,12,The Mysteries of Alfred Hedgehog,12.0,yearendMASTER-chartcalcs.ods,2012yearend,52,10,inverse_points_preserve_position
2012,2012-06,6,15,11,Martin Bashir,11.0,yearendMASTER-chartcalcs.ods,2012yearend,27,10,inverse_points_preserve_position
2012,2012-06,6,16,10,Law & Order: Special Victims Unit,10.0,yearendMASTER-chartcalcs.ods,2012yearend,23,10,inverse_points_preserve_position
2012,2012-06,6,17,9,Fresh Pretty Cure!,9.0,yearendMASTER-chartcalcs.ods,2012yearend,16,10,inverse_points_preserve_position
2012,2012-06,6,18,8,Snapped,8.0,yearendMASTER-chartcalcs.ods,2012yearend,41,10,inverse_points_preserve_position
2012,2012-06,6,19,7,Nanaka 6/17,7.0,yearendMASTER-chartcalcs.ods,2012yearend,32,10,inverse_points_preserve_position
2012,2012-06,6,20,6,Tactics,6.0,yearendMASTER-chartcalcs.ods,2012yearend,45,10,inverse_points_preserve_position
2012,2012-06,6,21,5,Suite PreCure!,5.0,yearendMASTER-chartcalcs.ods,2012yearend,43,10,inverse_points_preserve_position
2012,2012-06,6,22,4,Yes! PreCure 5,4.0,yearendMASTER-chartcalcs.ods,2012yearend,60,10,inverse_points_preserve_position
2012,2012-06,6,23,3,Infinite Stratos,3.0,yearendMASTER-chartcalcs.ods,2012yearend,19,10,inverse_points_preserve_position
2012,2012-06,6,24,2,Pretty Cure Splash Star,2.0,yearendMASTER-chartcalcs.ods,2012yearend,34,10,inverse_points_preserve_position
2012,2012-06,6,25,1,HeartCatch PreCure!,1.0,yearendMASTER-chartcalcs.ods,2012yearend,18,10,inverse_points_preserve_position
2012,2012-07,7,1,25,Little Women,25.0,yearendMASTER-chartcalcs.ods,2012yearend,25,11,inverse_points_preserve_position
2012,2012-07,7,2,24,My Little Pony: Friendship is Magic,24.0,yearendMASTER-chartcalcs.ods,2012yearend,31,11,inverse_points_preserve_position
2012,2012-07,7,3,23,The Young and the Restless,23.0,yearendMASTER-chartcalcs.ods,2012yearend,54,11,inverse_points_preserve_position
2012,2012-07,7,4,22,Rosario + Vampire,22.0,yearendMASTER-chartcalcs.ods,2012yearend,36,11,inverse_points_preserve_position
2012,2012-07,7,5,21,Smile PreCure!,21.0,yearendMASTER-chartcalcs.ods,2012yearend,40,11,inverse_points_preserve_position
2012,2012-07,7,6,20,Talking Liberally: The Stephanie Miller Show,20.0,yearendMASTER-chartcalcs.ods,2012yearend,47,11,inverse_points_preserve_position
2012,2012-07,7,7,19,The Last Word with Lawrence O'Donnell,19.0,yearendMASTER-chartcalcs.ods,2012yearend,51,11,inverse_points_preserve_position
2012,2012-07,7,8,18,The Mysteries of Alfred Hedgehog,18.0,yearendMASTER-chartcalcs.ods,2012yearend,52,11,inverse_points_preserve_position
2012,2012-07,7,9,17,truTV Presents World's Dumbest,17.0,yearendMASTER-chartcalcs.ods,2012yearend,56,11,inverse_points_preserve_position
2012,2012-07,7,10,16,Willa's Wild Life,16.0,yearendMASTER-chartcalcs.ods,2012yearend,58,11,inverse_points_preserve_position
2012,2012-07,7,11,15,Sailor Moon,15.0,yearendMASTER-chartcalcs.ods,2012yearend,39,11,inverse_points_preserve_position
2012,2012-07,7,12,14,Rozen Maiden,14.0,yearendMASTER-chartcalcs.ods,2012yearend,37,11,inverse_points_preserve_position
2012,2012-07,7,13,13,The Ed Show,13.0,yearendMASTER-chartcalcs.ods,2012yearend,50,11,inverse_points_preserve_position
2012,2012-07,7,14,12,Class of the Titans,12.0,yearendMASTER-chartcalcs.ods,2012yearend,11,11,inverse_points_preserve_position
2012,2012-07,7,15,11,HeartCatch PreCure!,11.0,yearendMASTER-chartcalcs.ods,2012yearend,18,11,inverse_points_preserve_position
2012,2012-07,7,16,10,The Rachel Maddow Show,10.0,yearendMASTER-chartcalcs.ods,2012yearend,53,11,inverse_points_preserve_position
2012,2012-07,7,17,9,Fresh Pretty Cure!,9.0,yearendMASTER-chartcalcs.ods,2012yearend,16,11,inverse_points_preserve_position
2012,2012-07,7,18,8,Snapped,8.0,yearendMASTER-chartcalcs.ods,2012yearend,41,11,inverse_points_preserve_position
2012,2012-07,7,19,7,Infinite Stratos,7.0,yearendMASTER-chartcalcs.ods,2012yearend,19,11,inverse_points_preserve_position
2012,2012-07,7,20,6,Pretty Cure Splash Star,6.0,yearendMASTER-chartcalcs.ods,2012yearend,34,11,inverse_points_preserve_position
2012,2012-07,7,21,5,Martin Bashir,5.0,yearendMASTER-chartcalcs.ods,2012yearend,27,11,inverse_points_preserve_position
2012,2012-07,7,22,4,Law & Order: Special Victims Unit,4.0,yearendMASTER-chartcalcs.ods,2012yearend,23,11,inverse_points_preserve_position
2012,2012-07,7,23,3,Yes! PreCure 5,3.0,yearendMASTER-chartcalcs.ods,2012yearend,60,11,inverse_points_preserve_position
2012,2012-07,7,24,2,Suite PreCure!,2.0,yearendMASTER-chartcalcs.ods,2012yearend,43,11,inverse_points_preserve_position
2012,2012-07,7,25,1,Nanaka 6/17,1.0,yearendMASTER-chartcalcs.ods,2012yearend,32,11,inverse_points_preserve_position
2012,2012-08,8,1,25,The Young and the Restless,25.0,yearendMASTER-chartcalcs.ods,2012yearend,54,12,inverse_points_preserve_position
2012,2012-08,8,2,24,Smile PreCure!,24.0,yearendMASTER-chartcalcs.ods,2012yearend,40,12,inverse_points_preserve_position
2012,2012-08,8,3,23,Little Women,23.0,yearendMASTER-chartcalcs.ods,2012yearend,25,12,inverse_points_preserve_position
2012,2012-08,8,4,22,Talking Liberally: The Stephanie Miller Show,22.0,yearendMASTER-chartcalcs.ods,2012yearend,47,12,inverse_points_preserve_position
2012,2012-08,8,5,21,My Little Pony: Friendship is Magic,21.0,yearendMASTER-chartcalcs.ods,2012yearend,31,12,inverse_points_preserve_position
2012,2012-08,8,6,20,Snapped,20.0,yearendMASTER-chartcalcs.ods,2012yearend,41,12,inverse_points_preserve_position
2012,2012-08,8,7,19,The Last Word with Lawrence O'Donnell,19.0,yearendMASTER-chartcalcs.ods,2012yearend,51,12,inverse_points_preserve_position
2012,2012-08,8,8,18,Sailor Moon,18.0,yearendMASTER-chartcalcs.ods,2012yearend,39,12,inverse_points_preserve_position
2012,2012-08,8,9,17,The Bold and the Beautiful,17.0,yearendMASTER-chartcalcs.ods,2012yearend,49,12,inverse_points_preserve_position
2012,2012-08,8,10,16,truTV Presents World's Dumbest,16.0,yearendMASTER-chartcalcs.ods,2012yearend,56,12,inverse_points_preserve_position
2012,2012-08,8,11,15,HeartCatch PreCure!,15.0,yearendMASTER-chartcalcs.ods,2012yearend,18,12,inverse_points_preserve_position
2012,2012-08,8,12,14,The Ed Show,14.0,yearendMASTER-chartcalcs.ods,2012yearend,50,12,inverse_points_preserve_position
2012,2012-08,8,13,13,Rosario + Vampire,13.0,yearendMASTER-chartcalcs.ods,2012yearend,36,12,inverse_points_preserve_position
2012,2012-08,8,14,12,Pretty Cure Splash Star,12.0,yearendMASTER-chartcalcs.ods,2012yearend,34,12,inverse_points_preserve_position
2012,2012-08,8,15,11,Rozen Maiden,11.0,yearendMASTER-chartcalcs.ods,2012yearend,37,12,inverse_points_preserve_position
2012,2012-08,8,16,10,Class of the Titans,10.0,yearendMASTER-chartcalcs.ods,2012yearend,11,12,inverse_points_preserve_position
2012,2012-08,8,17,9,Willa's Wild Life,9.0,yearendMASTER-chartcalcs.ods,2012yearend,58,12,inverse_points_preserve_position
2012,2012-08,8,18,8,The Mysteries of Alfred Hedgehog,8.0,yearendMASTER-chartcalcs.ods,2012yearend,52,12,inverse_points_preserve_position
2012,2012-08,8,19,7,Fresh Pretty Cure!,7.0,yearendMASTER-chartcalcs.ods,2012yearend,16,12,inverse_points_preserve_position
2012,2012-08,8,20,6,The Rachel Maddow Show,6.0,yearendMASTER-chartcalcs.ods,2012yearend,53,12,inverse_points_preserve_position
2012,2012-08,8,21,5,Infinite Stratos,5.0,yearendMASTER-chartcalcs.ods,2012yearend,19,12,inverse_points_preserve_position
2012,2012-08,8,22,4,Suite PreCure!,4.0,yearendMASTER-chartcalcs.ods,2012yearend,43,12,inverse_points_preserve_position
2012,2012-08,8,23,3,Yes! PreCure 5,3.0,yearendMASTER-chartcalcs.ods,2012yearend,60,12,inverse_points_preserve_position
2012,2012-08,8,24,2,Martin Bashir,2.0,yearendMASTER-chartcalcs.ods,2012yearend,27,12,inverse_points_preserve_position
2012,2012-08,8,25,1,Law & Order: Special Victims Unit,1.0,yearendMASTER-chartcalcs.ods,2012yearend,23,12,inverse_points_preserve_position
2012,2012-09,9,1,25,Smile PreCure!,25.0,yearendMASTER-chartcalcs.ods,2012yearend,40,13,inverse_points_preserve_position
2012,2012-09,9,2,24,The Young and the Restless,24.0,yearendMASTER-chartcalcs.ods,2012yearend,54,13,inverse_points_preserve_position
2012,2012-09,9,3,23,The Last Word with Lawrence O'Donnell,23.0,yearendMASTER-chartcalcs.ods,2012yearend,51,13,inverse_points_preserve_position
2012,2012-09,9,4,22,The Bold and the Beautiful,22.0,yearendMASTER-chartcalcs.ods,2012yearend,49,13,inverse_points_preserve_position
2012,2012-09,9,5,21,Snapped,21.0,yearendMASTER-chartcalcs.ods,2012yearend,41,13,inverse_points_preserve_position
2012,2012-09,9,6,20,My Little Pony: Friendship is Magic,20.0,yearendMASTER-chartcalcs.ods,2012yearend,31,13,inverse_points_preserve_position
2012,2012-09,9,7,19,Little Women,19.0,yearendMASTER-chartcalcs.ods,2012yearend,25,13,inverse_points_preserve_position
2012,2012-09,9,8,18,Talking Liberally: The Stephanie Miller Show,18.0,yearendMASTER-chartcalcs.ods,2012yearend,47,13,inverse_points_preserve_position
2012,2012-09,9,9,17,Yes! PreCure 5,17.0,yearendMASTER-chartcalcs.ods,2012yearend,60,13,inverse_points_preserve_position
2012,2012-09,9,10,16,Rozen Maiden,16.0,yearendMASTER-chartcalcs.ods,2012yearend,37,13,inverse_points_preserve_position
2012,2012-09,9,11,15,The Ed Show,15.0,yearendMASTER-chartcalcs.ods,2012yearend,50,13,inverse_points_preserve_position
2012,2012-09,9,12,14,Trinity Blood,14.0,yearendMASTER-chartcalcs.ods,2012yearend,55,13,inverse_points_preserve_position
2012,2012-09,9,13,13,Suite PreCure!,13.0,yearendMASTER-chartcalcs.ods,2012yearend,43,13,inverse_points_preserve_position
2012,2012-09,9,14,12,HeartCatch PreCure!,12.0,yearendMASTER-chartcalcs.ods,2012yearend,18,13,inverse_points_preserve_position
2012,2012-09,9,15,11,truTV Presents World's Dumbest,11.0,yearendMASTER-chartcalcs.ods,2012yearend,56,13,inverse_points_preserve_position
2012,2012-09,9,16,10,Pretty Cure Splash Star,10.0,yearendMASTER-chartcalcs.ods,2012yearend,34,13,inverse_points_preserve_position
2012,2012-09,9,17,9,Sailor Moon,9.0,yearendMASTER-chartcalcs.ods,2012yearend,39,13,inverse_points_preserve_position
2012,2012-09,9,18,8,SWAT Kats: The Radical Squadron,8.0,yearendMASTER-chartcalcs.ods,2012yearend,44,13,inverse_points_preserve_position
2012,2012-09,9,19,7,Fresh Pretty Cure!,7.0,yearendMASTER-chartcalcs.ods,2012yearend,16,13,inverse_points_preserve_position
2012,2012-09,9,20,6,The Rachel Maddow Show,6.0,yearendMASTER-chartcalcs.ods,2012yearend,53,13,inverse_points_preserve_position
2012,2012-09,9,21,5,Rosario + Vampire,5.0,yearendMASTER-chartcalcs.ods,2012yearend,36,13,inverse_points_preserve_position
2012,2012-09,9,22,4,Jane and the Dragon,4.0,yearendMASTER-chartcalcs.ods,2012yearend,21,13,inverse_points_preserve_position
2012,2012-09,9,23,3,Willa's Wild Life,3.0,yearendMASTER-chartcalcs.ods,2012yearend,58,13,inverse_points_preserve_position
2012,2012-09,9,24,2,The Mysteries of Alfred Hedgehog,2.0,yearendMASTER-chartcalcs.ods,2012yearend,52,13,inverse_points_preserve_position
2012,2012-09,9,25,1,Infinite Stratos,1.0,yearendMASTER-chartcalcs.ods,2012yearend,19,13,inverse_points_preserve_position
2012,2012-10,10,1,25,Smile PreCure!,25.0,yearendMASTER-chartcalcs.ods,2012yearend,40,14,inverse_points_preserve_position
2012,2012-10,10,2,24,Talking Liberally: The Stephanie Miller Show,24.0,yearendMASTER-chartcalcs.ods,2012yearend,47,14,inverse_points_preserve_position
2012,2012-10,10,3,23,The Young and the Restless,23.0,yearendMASTER-chartcalcs.ods,2012yearend,54,14,inverse_points_preserve_position
2012,2012-10,10,4,22,Tsubasa Reservoir Chronicle,22.0,yearendMASTER-chartcalcs.ods,2012yearend,57,14,inverse_points_preserve_position
2012,2012-10,10,5,21,The Last Word with Lawrence O'Donnell,21.0,yearendMASTER-chartcalcs.ods,2012yearend,51,14,inverse_points_preserve_position
2012,2012-10,10,6,20,The Bold and the Beautiful,20.0,yearendMASTER-chartcalcs.ods,2012yearend,49,14,inverse_points_preserve_position
2012,2012-10,10,7,19,Snapped,19.0,yearendMASTER-chartcalcs.ods,2012yearend,41,14,inverse_points_preserve_position
2012,2012-10,10,8,18,Little Women,18.0,yearendMASTER-chartcalcs.ods,2012yearend,25,14,inverse_points_preserve_position
2012,2012-10,10,9,17,The Ed Show,17.0,yearendMASTER-chartcalcs.ods,2012yearend,50,14,inverse_points_preserve_position
2012,2012-10,10,10,16,Eureka Seven,16.0,yearendMASTER-chartcalcs.ods,2012yearend,15,14,inverse_points_preserve_position
2012,2012-10,10,11,15,My Little Pony: Friendship is Magic,15.0,yearendMASTER-chartcalcs.ods,2012yearend,31,14,inverse_points_preserve_position
2012,2012-10,10,12,14,HeartCatch PreCure!,14.0,yearendMASTER-chartcalcs.ods,2012yearend,18,14,inverse_points_preserve_position
2012,2012-10,10,13,13,Yes! PreCure 5,13.0,yearendMASTER-chartcalcs.ods,2012yearend,60,14,inverse_points_preserve_position
2012,2012-10,10,14,12,truTV Presents World's Dumbest,12.0,yearendMASTER-chartcalcs.ods,2012yearend,56,14,inverse_points_preserve_position
2012,2012-10,10,15,11,Rozen Maiden,11.0,yearendMASTER-chartcalcs.ods,2012yearend,37,14,inverse_points_preserve_position
2012,2012-10,10,16,10,Suite PreCure!,10.0,yearendMASTER-chartcalcs.ods,2012yearend,43,14,inverse_points_preserve_position
2012,2012-10,10,17,9,The Rachel Maddow Show,9.0,yearendMASTER-chartcalcs.ods,2012yearend,53,14,inverse_points_preserve_position
2012,2012-10,10,18,8,Trinity Blood,8.0,yearendMASTER-chartcalcs.ods,2012yearend,55,14,inverse_points_preserve_position
2012,2012-10,10,19,7,Jane and the Dragon,7.0,yearendMASTER-chartcalcs.ods,2012yearend,21,14,inverse_points_preserve_position
2012,2012-10,10,20,6,Fresh Pretty Cure!,6.0,yearendMASTER-chartcalcs.ods,2012yearend,16,14,inverse_points_preserve_position
2012,2012-10,10,21,5,Willa's Wild Life,5.0,yearendMASTER-chartcalcs.ods,2012yearend,58,14,inverse_points_preserve_position
2012,2012-10,10,22,4,Pretty Cure Splash Star,4.0,yearendMASTER-chartcalcs.ods,2012yearend,34,14,inverse_points_preserve_position
2012,2012-10,10,23,3,Sailor Moon,3.0,yearendMASTER-chartcalcs.ods,2012yearend,39,14,inverse_points_preserve_position
2012,2012-10,10,24,2,Rosario + Vampire,2.0,yearendMASTER-chartcalcs.ods,2012yearend,36,14,inverse_points_preserve_position
2012,2012-10,10,25,1,Infinite Stratos,1.0,yearendMASTER-chartcalcs.ods,2012yearend,19,14,inverse_points_preserve_position
2012,2012-11,11,1,25,Tsubasa Reservoir Chronicle,25.0,yearendMASTER-chartcalcs.ods,2012yearend,57,15,inverse_points_preserve_position
2012,2012-11,11,2,24,The Young and the Restless,24.0,yearendMASTER-chartcalcs.ods,2012yearend,54,15,inverse_points_preserve_position
2012,2012-11,11,3,23,Smile PreCure!,23.0,yearendMASTER-chartcalcs.ods,2012yearend,40,15,inverse_points_preserve_position
2012,2012-11,11,4,22,Talking Liberally: The Stephanie Miller Show,22.0,yearendMASTER-chartcalcs.ods,2012yearend,47,15,inverse_points_preserve_position
2012,2012-11,11,5,21,The Bold and the Beautiful,21.0,yearendMASTER-chartcalcs.ods,2012yearend,49,15,inverse_points_preserve_position
2012,2012-11,11,6,20,The Last Word with Lawrence O'Donnell,20.0,yearendMASTER-chartcalcs.ods,2012yearend,51,15,inverse_points_preserve_position
2012,2012-11,11,7,19,Snapped,19.0,yearendMASTER-chartcalcs.ods,2012yearend,41,15,inverse_points_preserve_position
2012,2012-11,11,8,18,My Little Pony: Friendship is Magic,18.0,yearendMASTER-chartcalcs.ods,2012yearend,31,15,inverse_points_preserve_position
2012,2012-11,11,9,17,Moon Phase,17.0,yearendMASTER-chartcalcs.ods,2012yearend,29,15,inverse_points_preserve_position
2012,2012-11,11,10,16,Little Women,16.0,yearendMASTER-chartcalcs.ods,2012yearend,25,15,inverse_points_preserve_position
2012,2012-11,11,11,15,The Ed Show,15.0,yearendMASTER-chartcalcs.ods,2012yearend,50,15,inverse_points_preserve_position
2012,2012-11,11,12,14,HeartCatch PreCure!,14.0,yearendMASTER-chartcalcs.ods,2012yearend,18,15,inverse_points_preserve_position
2012,2012-11,11,13,13,Rozen Maiden,13.0,yearendMASTER-chartcalcs.ods,2012yearend,37,15,inverse_points_preserve_position
2012,2012-11,11,14,12,truTV Presents World's Dumbest,12.0,yearendMASTER-chartcalcs.ods,2012yearend,56,15,inverse_points_preserve_position
2012,2012-11,11,15,11,The Rachel Maddow Show,11.0,yearendMASTER-chartcalcs.ods,2012yearend,53,15,inverse_points_preserve_position
2012,2012-11,11,16,10,Yes! PreCure 5,10.0,yearendMASTER-chartcalcs.ods,2012yearend,60,15,inverse_points_preserve_position
2012,2012-11,11,17,9,Eureka Seven,9.0,yearendMASTER-chartcalcs.ods,2012yearend,15,15,inverse_points_preserve_position
2012,2012-11,11,18,8,Suite PreCure!,8.0,yearendMASTER-chartcalcs.ods,2012yearend,43,15,inverse_points_preserve_position
2012,2012-11,11,19,7,Trinity Blood,7.0,yearendMASTER-chartcalcs.ods,2012yearend,55,15,inverse_points_preserve_position
2012,2012-11,11,20,6,Working!!,6.0,yearendMASTER-chartcalcs.ods,2012yearend,59,15,inverse_points_preserve_position
2012,2012-11,11,21,5,Pretty Cure Splash Star,5.0,yearendMASTER-chartcalcs.ods,2012yearend,34,15,inverse_points_preserve_position
2012,2012-11,11,22,4,Fresh Pretty Cure!,4.0,yearendMASTER-chartcalcs.ods,2012yearend,16,15,inverse_points_preserve_position
2012,2012-11,11,23,3,Sailor Moon,3.0,yearendMASTER-chartcalcs.ods,2012yearend,39,15,inverse_points_preserve_position
2012,2012-11,11,24,2,Rosario + Vampire,2.0,yearendMASTER-chartcalcs.ods,2012yearend,36,15,inverse_points_preserve_position
2012,2012-11,11,25,1,Willa's Wild Life,1.0,yearendMASTER-chartcalcs.ods,2012yearend,58,15,inverse_points_preserve_position
2012,2012-12,12,1,25,Smile PreCure!,25.0,yearendMASTER-chartcalcs.ods,2012yearend,40,16,inverse_points_preserve_position
2012,2012-12,12,2,24,Talking Liberally: The Stephanie Miller Show,24.0,yearendMASTER-chartcalcs.ods,2012yearend,47,16,inverse_points_preserve_position
2012,2012-12,12,3,23,The Young and the Restless,23.0,yearendMASTER-chartcalcs.ods,2012yearend,54,16,inverse_points_preserve_position
2012,2012-12,12,4,22,Tsubasa Reservoir Chronicle,22.0,yearendMASTER-chartcalcs.ods,2012yearend,57,16,inverse_points_preserve_position
2012,2012-12,12,5,21,My Little Pony: Friendship is Magic,21.0,yearendMASTER-chartcalcs.ods,2012yearend,31,16,inverse_points_preserve_position
2012,2012-12,12,6,20,Snapped,20.0,yearendMASTER-chartcalcs.ods,2012yearend,41,16,inverse_points_preserve_position
2012,2012-12,12,7,19,The Ed Show,19.0,yearendMASTER-chartcalcs.ods,2012yearend,50,16,inverse_points_preserve_position
2012,2012-12,12,8,18,The Last Word with Lawrence O'Donnell,18.0,yearendMASTER-chartcalcs.ods,2012yearend,51,16,inverse_points_preserve_position
2012,2012-12,12,9,17,Great Detectives Poirot & Marple,17.0,yearendMASTER-chartcalcs.ods,2012yearend,17,16,inverse_points_preserve_position
2012,2012-12,12,10,16,Little Women,16.0,yearendMASTER-chartcalcs.ods,2012yearend,25,16,inverse_points_preserve_position
2012,2012-12,12,11,15,Pretty Cure Splash Star,15.0,yearendMASTER-chartcalcs.ods,2012yearend,34,16,inverse_points_preserve_position
2012,2012-12,12,12,14,The Bold and the Beautiful,14.0,yearendMASTER-chartcalcs.ods,2012yearend,49,16,inverse_points_preserve_position
2012,2012-12,12,13,13,Dragonball Z: Kai,13.0,yearendMASTER-chartcalcs.ods,2012yearend,14,16,inverse_points_preserve_position
2012,2012-12,12,14,12,Rozen Maiden,12.0,yearendMASTER-chartcalcs.ods,2012yearend,37,16,inverse_points_preserve_position
2012,2012-12,12,15,11,Working!!,11.0,yearendMASTER-chartcalcs.ods,2012yearend,59,16,inverse_points_preserve_position
2012,2012-12,12,16,10,Littlest Pet Shop,10.0,yearendMASTER-chartcalcs.ods,2012yearend,26,16,inverse_points_preserve_position
2012,2012-12,12,17,9,The Rachel Maddow Show,9.0,yearendMASTER-chartcalcs.ods,2012yearend,53,16,inverse_points_preserve_position
2012,2012-12,12,18,8,HeartCatch PreCure!,8.0,yearendMASTER-chartcalcs.ods,2012yearend,18,16,inverse_points_preserve_position
2012,2012-12,12,19,7,truTV Presents World's Dumbest,7.0,yearendMASTER-chartcalcs.ods,2012yearend,56,16,inverse_points_preserve_position
2012,2012-12,12,20,6,InuYasha,6.0,yearendMASTER-chartcalcs.ods,2012yearend,20,16,inverse_points_preserve_position
2012,2012-12,12,21,5,Moon Phase,5.0,yearendMASTER-chartcalcs.ods,2012yearend,29,16,inverse_points_preserve_position
2012,2012-12,12,22,4,Yes! PreCure 5,4.0,yearendMASTER-chartcalcs.ods,2012yearend,60,16,inverse_points_preserve_position
2012,2012-12,12,23,3,Suite PreCure!,3.0,yearendMASTER-chartcalcs.ods,2012yearend,43,16,inverse_points_preserve_position
2012,2012-12,12,24,2,Fresh Pretty Cure!,2.0,yearendMASTER-chartcalcs.ods,2012yearend,16,16,inverse_points_preserve_position
2012,2012-12,12,25,1,Rosario + Vampire,1.0,yearendMASTER-chartcalcs.ods,2012yearend,36,16,inverse_points_preserve_position
2013,2013-01,1,1,25,My Little Pony: Friendship is Magic,25.0,yearend2013-chartcalcs.ods,Top 25 Shows Pt. Calcs,18,5,inverse_points_preserve_position
2013,2013-01,1,2,24,Talking Liberally: The Stephanie Miller Show,24.0,yearend2013-chartcalcs.ods,Top 25 Shows Pt. Calcs,34,5,inverse_points_preserve_position
2013,2013-01,1,3,23,The Young and the Restless,23.0,yearend2013-chartcalcs.ods,Top 25 Shows Pt. Calcs,11,5,inverse_points_preserve_position
2013,2013-01,1,4,22,The Bold and the Beautiful,22.0,yearend2013-chartcalcs.ods,Top 25 Shows Pt. Calcs,9,5,inverse_points_preserve_position
2013,2013-01,1,5,21,Agatha Christie's Great Detectives Poirot & Marple,21.0,yearend2013-chartcalcs.ods,Top 25 Shows Pt. Calcs,43,5,inverse_points_preserve_position
2013,2013-01,1,6,20,Littlest Pet Shop,20.0,yearend2013-chartcalcs.ods,Top 25 Shows Pt. Calcs,13,5,inverse_points_preserve_position
2013,2013-01,1,7,19,The Ed Show,19.0,yearend2013-chartcalcs.ods,Top 25 Shows Pt. Calcs,40,5,inverse_points_preserve_position
2013,2013-01,1,8,18,Pretty Cure Splash Star,18.0,yearend2013-chartcalcs.ods,Top 25 Shows Pt. Calcs,23,5,inverse_points_preserve_position
2013,2013-01,1,9,17,Snapped,17.0,yearend2013-chartcalcs.ods,Top 25 Shows Pt. Calcs,21,5,inverse_points_preserve_position
2013,2013-01,1,10,16,Smile PreCure!,16.0,yearend2013-chartcalcs.ods,Top 25 Shows Pt. Calcs,25,5,inverse_points_preserve_position
2013,2013-01,1,11,15,Tsubasa Reservoir Chronicle,15.0,yearend2013-chartcalcs.ods,Top 25 Shows Pt. Calcs,29,5,inverse_points_preserve_position
2013,2013-01,1,12,14,The Rachel Maddow Show,14.0,yearend2013-chartcalcs.ods,Top 25 Shows Pt. Calcs,48,5,inverse_points_preserve_position
2013,2013-01,1,13,13,Bubblegum Crisis Tokyo 2040,13.0,yearend2013-chartcalcs.ods,Top 25 Shows Pt. Calcs,42,5,inverse_points_preserve_position
2013,2013-01,1,14,12,The Last Word with Lawrence O'Donnell,12.0,yearend2013-chartcalcs.ods,Top 25 Shows Pt. Calcs,17,5,inverse_points_preserve_position
2013,2013-01,1,15,11,Little Women,11.0,yearend2013-chartcalcs.ods,Top 25 Shows Pt. Calcs,41,5,inverse_points_preserve_position
2013,2013-01,1,16,10,Rozen Maiden,10.0,yearend2013-chartcalcs.ods,Top 25 Shows Pt. Calcs,15,5,inverse_points_preserve_position
2013,2013-01,1,17,9,truTV Presents World's Dumbest,9.0,yearend2013-chartcalcs.ods,Top 25 Shows Pt. Calcs,19,5,inverse_points_preserve_position
2013,2013-01,1,18,8,Star Trek: The Next Generation,8.0,yearend2013-chartcalcs.ods,Top 25 Shows Pt. Calcs,12,5,inverse_points_preserve_position
2013,2013-01,1,19,7,Working!!,7.0,yearend2013-chartcalcs.ods,Top 25 Shows Pt. Calcs,54,5,inverse_points_preserve_position
2013,2013-01,1,20,6,HeartCatch PreCure!,6.0,yearend2013-chartcalcs.ods,Top 25 Shows Pt. Calcs,39,5,inverse_points_preserve_position
2013,2013-01,1,21,5,Suite PreCure!,5.0,yearend2013-chartcalcs.ods,Top 25 Shows Pt. Calcs,32,5,inverse_points_preserve_position
2013,2013-01,1,22,4,Yes! PreCure 5,4.0,yearend2013-chartcalcs.ods,Top 25 Shows Pt. Calcs,14,5,inverse_points_preserve_position
2013,2013-01,1,23,3,InuYasha,3.0,yearend2013-chartcalcs.ods,Top 25 Shows Pt. Calcs,57,5,inverse_points_preserve_position
2013,2013-01,1,24,2,Fresh Pretty Cure!,2.0,yearend2013-chartcalcs.ods,Top 25 Shows Pt. Calcs,37,5,inverse_points_preserve_position
2013,2013-01,1,25,1,Dragonball Z: Kai,1.0,yearend2013-chartcalcs.ods,Top 25 Shows Pt. Calcs,59,5,inverse_points_preserve_position
2013,2013-02,2,1,25,The Young and the Restless,25.0,yearend2013-chartcalcs.ods,Top 25 Shows Pt. Calcs,11,6,inverse_points_preserve_position
2013,2013-02,2,2,24,The Bold and the Beautiful,24.0,yearend2013-chartcalcs.ods,Top 25 Shows Pt. Calcs,9,6,inverse_points_preserve_position
2013,2013-02,2,3,23,Littlest Pet Shop,23.0,yearend2013-chartcalcs.ods,Top 25 Shows Pt. Calcs,13,6,inverse_points_preserve_position
2013,2013-02,2,4,22,Smile PreCure!,22.0,yearend2013-chartcalcs.ods,Top 25 Shows Pt. Calcs,25,6,inverse_points_preserve_position
2013,2013-02,2,5,21,The Last Word with Lawrence O'Donnell,21.0,yearend2013-chartcalcs.ods,Top 25 Shows Pt. Calcs,17,6,inverse_points_preserve_position
2013,2013-02,2,6,20,My Little Pony: Friendship is Magic,20.0,yearend2013-chartcalcs.ods,Top 25 Shows Pt. Calcs,18,6,inverse_points_preserve_position
2013,2013-02,2,7,19,Star Trek: The Next Generation,19.0,yearend2013-chartcalcs.ods,Top 25 Shows Pt. Calcs,12,6,inverse_points_preserve_position
2013,2013-02,2,8,18,Tsubasa Reservoir Chronicle,18.0,yearend2013-chartcalcs.ods,Top 25 Shows Pt. Calcs,29,6,inverse_points_preserve_position
2013,2013-02,2,9,17,Talking Liberally: The Stephanie Miller Show,17.0,yearend2013-chartcalcs.ods,Top 25 Shows Pt. Calcs,34,6,inverse_points_preserve_position
2013,2013-02,2,10,16,Agatha Christie's Great Detectives Poirot & Marple,16.0,yearend2013-chartcalcs.ods,Top 25 Shows Pt. Calcs,43,6,inverse_points_preserve_position
2013,2013-02,2,11,15,The Ed Show,15.0,yearend2013-chartcalcs.ods,Top 25 Shows Pt. Calcs,40,6,inverse_points_preserve_position
2013,2013-02,2,12,14,Bubblegum Crisis Tokyo 2040,14.0,yearend2013-chartcalcs.ods,Top 25 Shows Pt. Calcs,42,6,inverse_points_preserve_position
2013,2013-02,2,13,13,Snapped,13.0,yearend2013-chartcalcs.ods,Top 25 Shows Pt. Calcs,21,6,inverse_points_preserve_position
2013,2013-02,2,14,12,Fafner,12.0,yearend2013-chartcalcs.ods,Top 25 Shows Pt. Calcs,26,6,inverse_points_preserve_position
2013,2013-02,2,15,11,Pretty Cure Splash Star,11.0,yearend2013-chartcalcs.ods,Top 25 Shows Pt. Calcs,23,6,inverse_points_preserve_position
2013,2013-02,2,16,10,Suite PreCure!,10.0,yearend2013-chartcalcs.ods,Top 25 Shows Pt. Calcs,32,6,inverse_points_preserve_position
2013,2013-02,2,17,9,The Rachel Maddow Show,9.0,yearend2013-chartcalcs.ods,Top 25 Shows Pt. Calcs,48,6,inverse_points_preserve_position
2013,2013-02,2,18,8,Little Women,8.0,yearend2013-chartcalcs.ods,Top 25 Shows Pt. Calcs,41,6,inverse_points_preserve_position
2013,2013-02,2,19,7,Rozen Maiden,7.0,yearend2013-chartcalcs.ods,Top 25 Shows Pt. Calcs,15,6,inverse_points_preserve_position
2013,2013-02,2,20,6,Teenage Mutant Ninja Turtles (2012),6.0,yearend2013-chartcalcs.ods,Top 25 Shows Pt. Calcs,20,6,inverse_points_preserve_position
2013,2013-02,2,21,5,HeartCatch PreCure!,5.0,yearend2013-chartcalcs.ods,Top 25 Shows Pt. Calcs,39,6,inverse_points_preserve_position
2013,2013-02,2,22,4,truTV Presents World's Dumbest,4.0,yearend2013-chartcalcs.ods,Top 25 Shows Pt. Calcs,19,6,inverse_points_preserve_position
2013,2013-02,2,23,3,Yes! PreCure 5,3.0,yearend2013-chartcalcs.ods,Top 25 Shows Pt. Calcs,14,6,inverse_points_preserve_position
2013,2013-02,2,24,2,Working!!,2.0,yearend2013-chartcalcs.ods,Top 25 Shows Pt. Calcs,54,6,inverse_points_preserve_position
2013,2013-02,2,25,1,Fresh Pretty Cure!,1.0,yearend2013-chartcalcs.ods,Top 25 Shows Pt. Calcs,37,6,inverse_points_preserve_position
2013,2013-03,3,1,25,DokiDoki! Pretty Cure,25.0,yearend2013-chartcalcs.ods,Top 25 Shows Pt. Calcs,10,7,inverse_points_preserve_position
2013,2013-03,3,2,24,The Bold and the Beautiful,24.0,yearend2013-chartcalcs.ods,Top 25 Shows Pt. Calcs,9,7,inverse_points_preserve_position
2013,2013-03,3,3,23,The Young and the Restless,23.0,yearend2013-chartcalcs.ods,Top 25 Shows Pt. Calcs,11,7,inverse_points_preserve_position
2013,2013-03,3,4,22,Smile PreCure!,22.0,yearend2013-chartcalcs.ods,Top 25 Shows Pt. Calcs,25,7,inverse_points_preserve_position
2013,2013-03,3,5,21,The Last Word with Lawrence O'Donnell,21.0,yearend2013-chartcalcs.ods,Top 25 Shows Pt. Calcs,17,7,inverse_points_preserve_position
2013,2013-03,3,6,20,Littlest Pet Shop,20.0,yearend2013-chartcalcs.ods,Top 25 Shows Pt. Calcs,13,7,inverse_points_preserve_position
2013,2013-03,3,7,19,My Little Pony: Friendship is Magic,19.0,yearend2013-chartcalcs.ods,Top 25 Shows Pt. Calcs,18,7,inverse_points_preserve_position
2013,2013-03,3,8,18,Tsubasa Reservoir Chronicle,18.0,yearend2013-chartcalcs.ods,Top 25 Shows Pt. Calcs,29,7,inverse_points_preserve_position
2013,2013-03,3,9,17,Talking Liberally: The Stephanie Miller Show,17.0,yearend2013-chartcalcs.ods,Top 25 Shows Pt. Calcs,34,7,inverse_points_preserve_position
2013,2013-03,3,10,16,Fafner,16.0,yearend2013-chartcalcs.ods,Top 25 Shows Pt. Calcs,26,7,inverse_points_preserve_position
2013,2013-03,3,11,15,Snapped,15.0,yearend2013-chartcalcs.ods,Top 25 Shows Pt. Calcs,21,7,inverse_points_preserve_position
2013,2013-03,3,12,14,Star Trek: The Next Generation,14.0,yearend2013-chartcalcs.ods,Top 25 Shows Pt. Calcs,12,7,inverse_points_preserve_position
2013,2013-03,3,13,13,The Ed Show,13.0,yearend2013-chartcalcs.ods,Top 25 Shows Pt. Calcs,40,7,inverse_points_preserve_position
2013,2013-03,3,14,12,Little Women,12.0,yearend2013-chartcalcs.ods,Top 25 Shows Pt. Calcs,41,7,inverse_points_preserve_position
2013,2013-03,3,15,11,Yes! PreCure 5,11.0,yearend2013-chartcalcs.ods,Top 25 Shows Pt. Calcs,14,7,inverse_points_preserve_position
2013,2013-03,3,16,10,Suite PreCure!,10.0,yearend2013-chartcalcs.ods,Top 25 Shows Pt. Calcs,32,7,inverse_points_preserve_position
2013,2013-03,3,17,9,Pretty Cure Splash Star,9.0,yearend2013-chartcalcs.ods,Top 25 Shows Pt. Calcs,23,7,inverse_points_preserve_position
2013,2013-03,3,18,8,Class of the Titans,8.0,yearend2013-chartcalcs.ods,Top 25 Shows Pt. Calcs,55,7,inverse_points_preserve_position
2013,2013-03,3,19,7,Teenage Mutant Ninja Turtles (2012),7.0,yearend2013-chartcalcs.ods,Top 25 Shows Pt. Calcs,20,7,inverse_points_preserve_position
2013,2013-03,3,20,6,Agatha Christie's Great Detectives Poirot & Marple,6.0,yearend2013-chartcalcs.ods,Top 25 Shows Pt. Calcs,43,7,inverse_points_preserve_position
2013,2013-03,3,21,5,Bubblegum Crisis Tokyo 2040,5.0,yearend2013-chartcalcs.ods,Top 25 Shows Pt. Calcs,42,7,inverse_points_preserve_position
2013,2013-03,3,22,4,HeartCatch PreCure!,4.0,yearend2013-chartcalcs.ods,Top 25 Shows Pt. Calcs,39,7,inverse_points_preserve_position
2013,2013-03,3,23,3,Rozen Maiden,3.0,yearend2013-chartcalcs.ods,Top 25 Shows Pt. Calcs,15,7,inverse_points_preserve_position
2013,2013-03,3,24,2,The Rachel Maddow Show,2.0,yearend2013-chartcalcs.ods,Top 25 Shows Pt. Calcs,48,7,inverse_points_preserve_position
2013,2013-03,3,25,1,Fresh Pretty Cure!,1.0,yearend2013-chartcalcs.ods,Top 25 Shows Pt. Calcs,37,7,inverse_points_preserve_position
2013,2013-04,4,1,25,The Bold and the Beautiful,25.0,yearend2013-chartcalcs.ods,Top 25 Shows Pt. Calcs,9,8,inverse_points_preserve_position
2013,2013-04,4,2,24,DokiDoki! Pretty Cure,24.0,yearend2013-chartcalcs.ods,Top 25 Shows Pt. Calcs,10,8,inverse_points_preserve_position
2013,2013-04,4,3,23,The Young and the Restless,23.0,yearend2013-chartcalcs.ods,Top 25 Shows Pt. Calcs,11,8,inverse_points_preserve_position
2013,2013-04,4,4,22,Littlest Pet Shop,22.0,yearend2013-chartcalcs.ods,Top 25 Shows Pt. Calcs,13,8,inverse_points_preserve_position
2013,2013-04,4,5,21,Snapped,21.0,yearend2013-chartcalcs.ods,Top 25 Shows Pt. Calcs,21,8,inverse_points_preserve_position
2013,2013-04,4,6,20,Teenage Mutant Ninja Turtles (2012),20.0,yearend2013-chartcalcs.ods,Top 25 Shows Pt. Calcs,20,8,inverse_points_preserve_position
2013,2013-04,4,7,19,My Little Pony: Friendship is Magic,19.0,yearend2013-chartcalcs.ods,Top 25 Shows Pt. Calcs,18,8,inverse_points_preserve_position
2013,2013-04,4,8,18,The Last Word with Lawrence O'Donnell,18.0,yearend2013-chartcalcs.ods,Top 25 Shows Pt. Calcs,17,8,inverse_points_preserve_position
2013,2013-04,4,9,17,Yes! PreCure 5,17.0,yearend2013-chartcalcs.ods,Top 25 Shows Pt. Calcs,14,8,inverse_points_preserve_position
2013,2013-04,4,10,16,Smile PreCure!,16.0,yearend2013-chartcalcs.ods,Top 25 Shows Pt. Calcs,25,8,inverse_points_preserve_position
2013,2013-04,4,11,15,Star Trek: The Next Generation,15.0,yearend2013-chartcalcs.ods,Top 25 Shows Pt. Calcs,12,8,inverse_points_preserve_position
2013,2013-04,4,12,14,Tsubasa Reservoir Chronicle,14.0,yearend2013-chartcalcs.ods,Top 25 Shows Pt. Calcs,29,8,inverse_points_preserve_position
2013,2013-04,4,13,13,Blood+,13.0,yearend2013-chartcalcs.ods,Top 25 Shows Pt. Calcs,49,8,inverse_points_preserve_position
2013,2013-04,4,14,12,Ben 10: Omniverse,12.0,yearend2013-chartcalcs.ods,Top 25 Shows Pt. Calcs,46,8,inverse_points_preserve_position
2013,2013-04,4,15,11,Fafner,11.0,yearend2013-chartcalcs.ods,Top 25 Shows Pt. Calcs,26,8,inverse_points_preserve_position
2013,2013-04,4,16,10,Rozen Maiden,10.0,yearend2013-chartcalcs.ods,Top 25 Shows Pt. Calcs,15,8,inverse_points_preserve_position
2013,2013-04,4,17,9,Talking Liberally: The Stephanie Miller Show,9.0,yearend2013-chartcalcs.ods,Top 25 Shows Pt. Calcs,34,8,inverse_points_preserve_position
2013,2013-04,4,18,8,The Ed Show,8.0,yearend2013-chartcalcs.ods,Top 25 Shows Pt. Calcs,40,8,inverse_points_preserve_position
2013,2013-04,4,19,7,Pretty Cure Splash Star,7.0,yearend2013-chartcalcs.ods,Top 25 Shows Pt. Calcs,23,8,inverse_points_preserve_position
2013,2013-04,4,20,6,Suite PreCure!,6.0,yearend2013-chartcalcs.ods,Top 25 Shows Pt. Calcs,32,8,inverse_points_preserve_position
2013,2013-04,4,21,5,Little Women,5.0,yearend2013-chartcalcs.ods,Top 25 Shows Pt. Calcs,41,8,inverse_points_preserve_position
2013,2013-04,4,22,4,HeartCatch PreCure!,4.0,yearend2013-chartcalcs.ods,Top 25 Shows Pt. Calcs,39,8,inverse_points_preserve_position
2013,2013-04,4,23,3,Agatha Christie's Great Detectives Poirot & Marple,3.0,yearend2013-chartcalcs.ods,Top 25 Shows Pt. Calcs,43,8,inverse_points_preserve_position
2013,2013-04,4,24,2,truTV Presents World's Dumbest,2.0,yearend2013-chartcalcs.ods,Top 25 Shows Pt. Calcs,19,8,inverse_points_preserve_position
2013,2013-04,4,25,1,Fresh Pretty Cure!,1.0,yearend2013-chartcalcs.ods,Top 25 Shows Pt. Calcs,37,8,inverse_points_preserve_position
2013,2013-05,5,1,25,DokiDoki! Pretty Cure,25.0,yearend2013-chartcalcs.ods,Top 25 Shows Pt. Calcs,10,9,inverse_points_preserve_position
2013,2013-05,5,2,24,The Bold and the Beautiful,24.0,yearend2013-chartcalcs.ods,Top 25 Shows Pt. Calcs,9,9,inverse_points_preserve_position
2013,2013-05,5,3,23,Littlest Pet Shop,23.0,yearend2013-chartcalcs.ods,Top 25 Shows Pt. Calcs,13,9,inverse_points_preserve_position
2013,2013-05,5,4,22,The Young and the Restless,22.0,yearend2013-chartcalcs.ods,Top 25 Shows Pt. Calcs,11,9,inverse_points_preserve_position
2013,2013-05,5,5,21,Dance in the Vampire Bund,21.0,yearend2013-chartcalcs.ods,Top 25 Shows Pt. Calcs,36,9,inverse_points_preserve_position
2013,2013-05,5,6,20,Teenage Mutant Ninja Turtles (2012),20.0,yearend2013-chartcalcs.ods,Top 25 Shows Pt. Calcs,20,9,inverse_points_preserve_position
2013,2013-05,5,7,19,Snapped,19.0,yearend2013-chartcalcs.ods,Top 25 Shows Pt. Calcs,21,9,inverse_points_preserve_position
2013,2013-05,5,8,18,The Last Word with Lawrence O'Donnell,18.0,yearend2013-chartcalcs.ods,Top 25 Shows Pt. Calcs,17,9,inverse_points_preserve_position
2013,2013-05,5,9,17,Yes! PreCure 5,17.0,yearend2013-chartcalcs.ods,Top 25 Shows Pt. Calcs,14,9,inverse_points_preserve_position
2013,2013-05,5,10,16,truTV Presents World's Dumbest,16.0,yearend2013-chartcalcs.ods,Top 25 Shows Pt. Calcs,19,9,inverse_points_preserve_position
2013,2013-05,5,11,15,Pretty Cure Splash Star,15.0,yearend2013-chartcalcs.ods,Top 25 Shows Pt. Calcs,23,9,inverse_points_preserve_position
2013,2013-05,5,12,14,Star Trek: The Next Generation,14.0,yearend2013-chartcalcs.ods,Top 25 Shows Pt. Calcs,12,9,inverse_points_preserve_position
2013,2013-05,5,13,13,Fantastic Max,13.0,yearend2013-chartcalcs.ods,Top 25 Shows Pt. Calcs,35,9,inverse_points_preserve_position
2013,2013-05,5,14,12,My Little Pony: Friendship is Magic,12.0,yearend2013-chartcalcs.ods,Top 25 Shows Pt. Calcs,18,9,inverse_points_preserve_position
2013,2013-05,5,15,11,Smile PreCure!,11.0,yearend2013-chartcalcs.ods,Top 25 Shows Pt. Calcs,25,9,inverse_points_preserve_position
2013,2013-05,5,16,10,Rozen Maiden,10.0,yearend2013-chartcalcs.ods,Top 25 Shows Pt. Calcs,15,9,inverse_points_preserve_position
2013,2013-05,5,17,9,Tsubasa Reservoir Chronicle,9.0,yearend2013-chartcalcs.ods,Top 25 Shows Pt. Calcs,29,9,inverse_points_preserve_position
2013,2013-05,5,18,8,Fafner,8.0,yearend2013-chartcalcs.ods,Top 25 Shows Pt. Calcs,26,9,inverse_points_preserve_position
2013,2013-05,5,19,7,Blood+,7.0,yearend2013-chartcalcs.ods,Top 25 Shows Pt. Calcs,49,9,inverse_points_preserve_position
2013,2013-05,5,20,6,Suite PreCure!,6.0,yearend2013-chartcalcs.ods,Top 25 Shows Pt. Calcs,32,9,inverse_points_preserve_position
2013,2013-05,5,21,5,Little Women,5.0,yearend2013-chartcalcs.ods,Top 25 Shows Pt. Calcs,41,9,inverse_points_preserve_position
2013,2013-05,5,22,4,Captain Planet and the Planeteers,4.0,yearend2013-chartcalcs.ods,Top 25 Shows Pt. Calcs,52,9,inverse_points_preserve_position
2013,2013-05,5,23,3,HeartCatch PreCure!,3.0,yearend2013-chartcalcs.ods,Top 25 Shows Pt. Calcs,39,9,inverse_points_preserve_position
2013,2013-05,5,24,2,Ben 10: Omniverse,2.0,yearend2013-chartcalcs.ods,Top 25 Shows Pt. Calcs,46,9,inverse_points_preserve_position
2013,2013-05,5,25,1,Fresh Pretty Cure!,1.0,yearend2013-chartcalcs.ods,Top 25 Shows Pt. Calcs,37,9,inverse_points_preserve_position
2013,2013-06,6,1,25,Yes! PreCure 5,25.0,yearend2013-chartcalcs.ods,Top 25 Shows Pt. Calcs,14,10,inverse_points_preserve_position
2013,2013-06,6,2,24,DokiDoki! Pretty Cure,24.0,yearend2013-chartcalcs.ods,Top 25 Shows Pt. Calcs,10,10,inverse_points_preserve_position
2013,2013-06,6,3,23,The Young and the Restless,23.0,yearend2013-chartcalcs.ods,Top 25 Shows Pt. Calcs,11,10,inverse_points_preserve_position
2013,2013-06,6,4,22,Star Trek: The Next Generation,22.0,yearend2013-chartcalcs.ods,Top 25 Shows Pt. Calcs,12,10,inverse_points_preserve_position
2013,2013-06,6,5,21,The Bold and the Beautiful,21.0,yearend2013-chartcalcs.ods,Top 25 Shows Pt. Calcs,9,10,inverse_points_preserve_position
2013,2013-06,6,6,20,Snapped,20.0,yearend2013-chartcalcs.ods,Top 25 Shows Pt. Calcs,21,10,inverse_points_preserve_position
2013,2013-06,6,7,19,Teenage Mutant Ninja Turtles (2012),19.0,yearend2013-chartcalcs.ods,Top 25 Shows Pt. Calcs,20,10,inverse_points_preserve_position
2013,2013-06,6,8,18,Littlest Pet Shop,18.0,yearend2013-chartcalcs.ods,Top 25 Shows Pt. Calcs,13,10,inverse_points_preserve_position
2013,2013-06,6,9,17,Fantastic Max,17.0,yearend2013-chartcalcs.ods,Top 25 Shows Pt. Calcs,35,10,inverse_points_preserve_position
2013,2013-06,6,10,16,Dance in the Vampire Bund,16.0,yearend2013-chartcalcs.ods,Top 25 Shows Pt. Calcs,36,10,inverse_points_preserve_position
2013,2013-06,6,11,15,truTV Presents World's Dumbest,15.0,yearend2013-chartcalcs.ods,Top 25 Shows Pt. Calcs,19,10,inverse_points_preserve_position
2013,2013-06,6,12,14,Rozen Maiden,14.0,yearend2013-chartcalcs.ods,Top 25 Shows Pt. Calcs,15,10,inverse_points_preserve_position
2013,2013-06,6,13,13,The Last Word with Lawrence O'Donnell,13.0,yearend2013-chartcalcs.ods,Top 25 Shows Pt. Calcs,17,10,inverse_points_preserve_position
2013,2013-06,6,14,12,Pretty Cure Splash Star,12.0,yearend2013-chartcalcs.ods,Top 25 Shows Pt. Calcs,23,10,inverse_points_preserve_position
2013,2013-06,6,15,11,Adventure Time,11.0,yearend2013-chartcalcs.ods,Top 25 Shows Pt. Calcs,16,10,inverse_points_preserve_position
2013,2013-06,6,16,10,Law & Order: Special Victims Unit,10.0,yearend2013-chartcalcs.ods,Top 25 Shows Pt. Calcs,53,10,inverse_points_preserve_position
2013,2013-06,6,17,9,My Little Pony: Friendship is Magic,9.0,yearend2013-chartcalcs.ods,Top 25 Shows Pt. Calcs,18,10,inverse_points_preserve_position
2013,2013-06,6,18,8,Smile PreCure!,8.0,yearend2013-chartcalcs.ods,Top 25 Shows Pt. Calcs,25,10,inverse_points_preserve_position
2013,2013-06,6,19,7,Fafner,7.0,yearend2013-chartcalcs.ods,Top 25 Shows Pt. Calcs,26,10,inverse_points_preserve_position
2013,2013-06,6,20,6,Tsubasa Reservoir Chronicle,6.0,yearend2013-chartcalcs.ods,Top 25 Shows Pt. Calcs,29,10,inverse_points_preserve_position
2013,2013-06,6,21,5,Captain Planet and the Planeteers,5.0,yearend2013-chartcalcs.ods,Top 25 Shows Pt. Calcs,52,10,inverse_points_preserve_position
2013,2013-06,6,22,4,Suite PreCure!,4.0,yearend2013-chartcalcs.ods,Top 25 Shows Pt. Calcs,32,10,inverse_points_preserve_position
2013,2013-06,6,23,3,HeartCatch PreCure!,3.0,yearend2013-chartcalcs.ods,Top 25 Shows Pt. Calcs,39,10,inverse_points_preserve_position
2013,2013-06,6,24,2,Little Women,2.0,yearend2013-chartcalcs.ods,Top 25 Shows Pt. Calcs,41,10,inverse_points_preserve_position
2013,2013-06,6,25,1,Fresh Pretty Cure!,1.0,yearend2013-chartcalcs.ods,Top 25 Shows Pt. Calcs,37,10,inverse_points_preserve_position
2013,2013-07,7,1,25,Fractale,25.0,yearend2013-chartcalcs.ods,Top 25 Shows Pt. Calcs,31,11,inverse_points_preserve_position
2013,2013-07,7,2,24,The Young and the Restless,24.0,yearend2013-chartcalcs.ods,Top 25 Shows Pt. Calcs,11,11,inverse_points_preserve_position
2013,2013-07,7,3,23,The Bold and the Beautiful,23.0,yearend2013-chartcalcs.ods,Top 25 Shows Pt. Calcs,9,11,inverse_points_preserve_position
2013,2013-07,7,4,22,DokiDoki! Pretty Cure,22.0,yearend2013-chartcalcs.ods,Top 25 Shows Pt. Calcs,10,11,inverse_points_preserve_position
2013,2013-07,7,5,21,Yes! PreCure 5,21.0,yearend2013-chartcalcs.ods,Top 25 Shows Pt. Calcs,14,11,inverse_points_preserve_position
2013,2013-07,7,6,20,Pani Poni Dash!,20.0,yearend2013-chartcalcs.ods,Top 25 Shows Pt. Calcs,27,11,inverse_points_preserve_position
2013,2013-07,7,7,19,Digimon: Digital Monsters,19.0,yearend2013-chartcalcs.ods,Top 25 Shows Pt. Calcs,30,11,inverse_points_preserve_position
2013,2013-07,7,8,18,SheZow,18.0,yearend2013-chartcalcs.ods,Top 25 Shows Pt. Calcs,22,11,inverse_points_preserve_position
2013,2013-07,7,9,17,Adventure Time,17.0,yearend2013-chartcalcs.ods,Top 25 Shows Pt. Calcs,16,11,inverse_points_preserve_position
2013,2013-07,7,10,16,Fantastic Max,16.0,yearend2013-chartcalcs.ods,Top 25 Shows Pt. Calcs,35,11,inverse_points_preserve_position
2013,2013-07,7,11,15,truTV Presents World's Dumbest,15.0,yearend2013-chartcalcs.ods,Top 25 Shows Pt. Calcs,19,11,inverse_points_preserve_position
2013,2013-07,7,12,14,Snapped,14.0,yearend2013-chartcalcs.ods,Top 25 Shows Pt. Calcs,21,11,inverse_points_preserve_position
2013,2013-07,7,13,13,Star Trek: The Next Generation,13.0,yearend2013-chartcalcs.ods,Top 25 Shows Pt. Calcs,12,11,inverse_points_preserve_position
2013,2013-07,7,14,12,Littlest Pet Shop,12.0,yearend2013-chartcalcs.ods,Top 25 Shows Pt. Calcs,13,11,inverse_points_preserve_position
2013,2013-07,7,15,11,The Last Word with Lawrence O'Donnell,11.0,yearend2013-chartcalcs.ods,Top 25 Shows Pt. Calcs,17,11,inverse_points_preserve_position
2013,2013-07,7,16,10,Avatar: The Last Airbender,10.0,yearend2013-chartcalcs.ods,Top 25 Shows Pt. Calcs,51,11,inverse_points_preserve_position
2013,2013-07,7,17,9,Pretty Cure Splash Star,9.0,yearend2013-chartcalcs.ods,Top 25 Shows Pt. Calcs,23,11,inverse_points_preserve_position
2013,2013-07,7,18,8,My Little Pony: Friendship is Magic,8.0,yearend2013-chartcalcs.ods,Top 25 Shows Pt. Calcs,18,11,inverse_points_preserve_position
2013,2013-07,7,19,7,Little Women,7.0,yearend2013-chartcalcs.ods,Top 25 Shows Pt. Calcs,41,11,inverse_points_preserve_position
2013,2013-07,7,20,6,Rozen Maiden,6.0,yearend2013-chartcalcs.ods,Top 25 Shows Pt. Calcs,15,11,inverse_points_preserve_position
2013,2013-07,7,21,5,Smile PreCure!,5.0,yearend2013-chartcalcs.ods,Top 25 Shows Pt. Calcs,25,11,inverse_points_preserve_position
2013,2013-07,7,22,4,Dance in the Vampire Bund,4.0,yearend2013-chartcalcs.ods,Top 25 Shows Pt. Calcs,36,11,inverse_points_preserve_position
2013,2013-07,7,23,3,True Blood,3.0,yearend2013-chartcalcs.ods,Top 25 Shows Pt. Calcs,44,11,inverse_points_preserve_position
2013,2013-07,7,24,2,Suite PreCure!,2.0,yearend2013-chartcalcs.ods,Top 25 Shows Pt. Calcs,32,11,inverse_points_preserve_position
2013,2013-07,7,25,1,HeartCatch PreCure!,1.0,yearend2013-chartcalcs.ods,Top 25 Shows Pt. Calcs,39,11,inverse_points_preserve_position
2013,2013-08,8,1,25,The Bold and the Beautiful,25.0,yearend2013-chartcalcs.ods,Top 25 Shows Pt. Calcs,9,12,inverse_points_preserve_position
2013,2013-08,8,2,24,The Young and the Restless,24.0,yearend2013-chartcalcs.ods,Top 25 Shows Pt. Calcs,11,12,inverse_points_preserve_position
2013,2013-08,8,3,23,Star Trek: The Next Generation,23.0,yearend2013-chartcalcs.ods,Top 25 Shows Pt. Calcs,12,12,inverse_points_preserve_position
2013,2013-08,8,4,22,DokiDoki! Pretty Cure,22.0,yearend2013-chartcalcs.ods,Top 25 Shows Pt. Calcs,10,12,inverse_points_preserve_position
2013,2013-08,8,5,21,Digimon: Digital Monsters,21.0,yearend2013-chartcalcs.ods,Top 25 Shows Pt. Calcs,30,12,inverse_points_preserve_position
2013,2013-08,8,6,20,Pani Poni Dash!,20.0,yearend2013-chartcalcs.ods,Top 25 Shows Pt. Calcs,27,12,inverse_points_preserve_position
2013,2013-08,8,7,19,SheZow,19.0,yearend2013-chartcalcs.ods,Top 25 Shows Pt. Calcs,22,12,inverse_points_preserve_position
2013,2013-08,8,8,18,Yes! PreCure 5,18.0,yearend2013-chartcalcs.ods,Top 25 Shows Pt. Calcs,14,12,inverse_points_preserve_position
2013,2013-08,8,9,17,Fractale,17.0,yearend2013-chartcalcs.ods,Top 25 Shows Pt. Calcs,31,12,inverse_points_preserve_position
2013,2013-08,8,10,16,T.U.F.F. Puppy,16.0,yearend2013-chartcalcs.ods,Top 25 Shows Pt. Calcs,28,12,inverse_points_preserve_position
2013,2013-08,8,11,15,Adventure Time,15.0,yearend2013-chartcalcs.ods,Top 25 Shows Pt. Calcs,16,12,inverse_points_preserve_position
2013,2013-08,8,12,14,The Last Word with Lawrence O'Donnell,14.0,yearend2013-chartcalcs.ods,Top 25 Shows Pt. Calcs,17,12,inverse_points_preserve_position
2013,2013-08,8,13,13,Snapped,13.0,yearend2013-chartcalcs.ods,Top 25 Shows Pt. Calcs,21,12,inverse_points_preserve_position
2013,2013-08,8,14,12,Fantastic Max,12.0,yearend2013-chartcalcs.ods,Top 25 Shows Pt. Calcs,35,12,inverse_points_preserve_position
2013,2013-08,8,15,11,Fresh Pretty Cure!,11.0,yearend2013-chartcalcs.ods,Top 25 Shows Pt. Calcs,37,12,inverse_points_preserve_position
2013,2013-08,8,16,10,truTV Presents World's Dumbest,10.0,yearend2013-chartcalcs.ods,Top 25 Shows Pt. Calcs,19,12,inverse_points_preserve_position
2013,2013-08,8,17,9,Rozen Maiden,9.0,yearend2013-chartcalcs.ods,Top 25 Shows Pt. Calcs,15,12,inverse_points_preserve_position
2013,2013-08,8,18,8,Pretty Cure Splash Star,8.0,yearend2013-chartcalcs.ods,Top 25 Shows Pt. Calcs,23,12,inverse_points_preserve_position
2013,2013-08,8,19,7,Littlest Pet Shop,7.0,yearend2013-chartcalcs.ods,Top 25 Shows Pt. Calcs,13,12,inverse_points_preserve_position
2013,2013-08,8,20,6,Smile PreCure!,6.0,yearend2013-chartcalcs.ods,Top 25 Shows Pt. Calcs,25,12,inverse_points_preserve_position
2013,2013-08,8,21,5,The Little Mermaid,5.0,yearend2013-chartcalcs.ods,Top 25 Shows Pt. Calcs,47,12,inverse_points_preserve_position
2013,2013-08,8,22,4,Anne of Green Gables: The Animated Series,4.0,yearend2013-chartcalcs.ods,Top 25 Shows Pt. Calcs,33,12,inverse_points_preserve_position
2013,2013-08,8,23,3,True Blood,3.0,yearend2013-chartcalcs.ods,Top 25 Shows Pt. Calcs,44,12,inverse_points_preserve_position
2013,2013-08,8,24,2,My Little Pony: Friendship is Magic,2.0,yearend2013-chartcalcs.ods,Top 25 Shows Pt. Calcs,18,12,inverse_points_preserve_position
2013,2013-08,8,25,1,Suite PreCure!,1.0,yearend2013-chartcalcs.ods,Top 25 Shows Pt. Calcs,32,12,inverse_points_preserve_position
2013,2013-09,9,1,25,The Young and the Restless,25.0,yearend2013-chartcalcs.ods,Top 25 Shows Pt. Calcs,11,13,inverse_points_preserve_position
2013,2013-09,9,2,24,DokiDoki! Pretty Cure,24.0,yearend2013-chartcalcs.ods,Top 25 Shows Pt. Calcs,10,13,inverse_points_preserve_position
2013,2013-09,9,3,23,T.U.F.F. Puppy,23.0,yearend2013-chartcalcs.ods,Top 25 Shows Pt. Calcs,28,13,inverse_points_preserve_position
2013,2013-09,9,4,22,SheZow,22.0,yearend2013-chartcalcs.ods,Top 25 Shows Pt. Calcs,22,13,inverse_points_preserve_position
2013,2013-09,9,5,21,Star Trek: The Next Generation,21.0,yearend2013-chartcalcs.ods,Top 25 Shows Pt. Calcs,12,13,inverse_points_preserve_position
2013,2013-09,9,6,20,Rozen Maiden,20.0,yearend2013-chartcalcs.ods,Top 25 Shows Pt. Calcs,15,13,inverse_points_preserve_position
2013,2013-09,9,7,19,Adventure Time,19.0,yearend2013-chartcalcs.ods,Top 25 Shows Pt. Calcs,16,13,inverse_points_preserve_position
2013,2013-09,9,8,18,Pani Poni Dash!,18.0,yearend2013-chartcalcs.ods,Top 25 Shows Pt. Calcs,27,13,inverse_points_preserve_position
2013,2013-09,9,9,17,Digimon: Digital Monsters,17.0,yearend2013-chartcalcs.ods,Top 25 Shows Pt. Calcs,30,13,inverse_points_preserve_position
2013,2013-09,9,10,16,The Little Mermaid,16.0,yearend2013-chartcalcs.ods,Top 25 Shows Pt. Calcs,47,13,inverse_points_preserve_position
2013,2013-09,9,11,15,True Blood,15.0,yearend2013-chartcalcs.ods,Top 25 Shows Pt. Calcs,44,13,inverse_points_preserve_position
2013,2013-09,9,12,14,Yes! PreCure 5,14.0,yearend2013-chartcalcs.ods,Top 25 Shows Pt. Calcs,14,13,inverse_points_preserve_position
2013,2013-09,9,13,13,The Last Word with Lawrence O'Donnell,13.0,yearend2013-chartcalcs.ods,Top 25 Shows Pt. Calcs,17,13,inverse_points_preserve_position
2013,2013-09,9,14,12,The Bold and the Beautiful,12.0,yearend2013-chartcalcs.ods,Top 25 Shows Pt. Calcs,9,13,inverse_points_preserve_position
2013,2013-09,9,15,11,Fresh Pretty Cure!,11.0,yearend2013-chartcalcs.ods,Top 25 Shows Pt. Calcs,37,13,inverse_points_preserve_position
2013,2013-09,9,16,10,Fractale,10.0,yearend2013-chartcalcs.ods,Top 25 Shows Pt. Calcs,31,13,inverse_points_preserve_position
2013,2013-09,9,17,9,truTV Presents World's Dumbest,9.0,yearend2013-chartcalcs.ods,Top 25 Shows Pt. Calcs,19,13,inverse_points_preserve_position
2013,2013-09,9,18,8,Pretty Cure Splash Star,8.0,yearend2013-chartcalcs.ods,Top 25 Shows Pt. Calcs,23,13,inverse_points_preserve_position
2013,2013-09,9,19,7,Snapped,7.0,yearend2013-chartcalcs.ods,Top 25 Shows Pt. Calcs,21,13,inverse_points_preserve_position
2013,2013-09,9,20,6,Fantastic Max,6.0,yearend2013-chartcalcs.ods,Top 25 Shows Pt. Calcs,35,13,inverse_points_preserve_position
2013,2013-09,9,21,5,Smile PreCure!,5.0,yearend2013-chartcalcs.ods,Top 25 Shows Pt. Calcs,25,13,inverse_points_preserve_position
2013,2013-09,9,22,4,Littlest Pet Shop,4.0,yearend2013-chartcalcs.ods,Top 25 Shows Pt. Calcs,13,13,inverse_points_preserve_position
2013,2013-09,9,23,3,Anne of Green Gables: The Animated Series,3.0,yearend2013-chartcalcs.ods,Top 25 Shows Pt. Calcs,33,13,inverse_points_preserve_position
2013,2013-09,9,24,2,My Little Pony: Friendship is Magic,2.0,yearend2013-chartcalcs.ods,Top 25 Shows Pt. Calcs,18,13,inverse_points_preserve_position
2013,2013-09,9,25,1,Suite PreCure!,1.0,yearend2013-chartcalcs.ods,Top 25 Shows Pt. Calcs,32,13,inverse_points_preserve_position
2013,2013-10,10,1,25,Rozen Maiden,25.0,yearend2013-chartcalcs.ods,Top 25 Shows Pt. Calcs,15,14,inverse_points_preserve_position
2013,2013-10,10,2,24,The Young and the Restless,24.0,yearend2013-chartcalcs.ods,Top 25 Shows Pt. Calcs,11,14,inverse_points_preserve_position
2013,2013-10,10,3,23,Sound of the Sky,23.0,yearend2013-chartcalcs.ods,Top 25 Shows Pt. Calcs,24,14,inverse_points_preserve_position
2013,2013-10,10,4,22,Pani Poni Dash!,22.0,yearend2013-chartcalcs.ods,Top 25 Shows Pt. Calcs,27,14,inverse_points_preserve_position
2013,2013-10,10,5,21,Star Trek: The Next Generation,21.0,yearend2013-chartcalcs.ods,Top 25 Shows Pt. Calcs,12,14,inverse_points_preserve_position
2013,2013-10,10,6,20,SheZow,20.0,yearend2013-chartcalcs.ods,Top 25 Shows Pt. Calcs,22,14,inverse_points_preserve_position
2013,2013-10,10,7,19,The Bold and the Beautiful,19.0,yearend2013-chartcalcs.ods,Top 25 Shows Pt. Calcs,9,14,inverse_points_preserve_position
2013,2013-10,10,8,18,In the Heat of the Night,18.0,yearend2013-chartcalcs.ods,Top 25 Shows Pt. Calcs,38,14,inverse_points_preserve_position
2013,2013-10,10,9,17,DokiDoki! Pretty Cure,17.0,yearend2013-chartcalcs.ods,Top 25 Shows Pt. Calcs,10,14,inverse_points_preserve_position
2013,2013-10,10,10,16,The Last Word with Lawrence O'Donnell,16.0,yearend2013-chartcalcs.ods,Top 25 Shows Pt. Calcs,17,14,inverse_points_preserve_position
2013,2013-10,10,11,15,Fresh Pretty Cure!,15.0,yearend2013-chartcalcs.ods,Top 25 Shows Pt. Calcs,37,14,inverse_points_preserve_position
2013,2013-10,10,12,14,Sister Princess,14.0,yearend2013-chartcalcs.ods,Top 25 Shows Pt. Calcs,50,14,inverse_points_preserve_position
2013,2013-10,10,13,13,Digimon: Digital Monsters,13.0,yearend2013-chartcalcs.ods,Top 25 Shows Pt. Calcs,30,14,inverse_points_preserve_position
2013,2013-10,10,14,12,Adventure Time,12.0,yearend2013-chartcalcs.ods,Top 25 Shows Pt. Calcs,16,14,inverse_points_preserve_position
2013,2013-10,10,15,11,T.U.F.F. Puppy,11.0,yearend2013-chartcalcs.ods,Top 25 Shows Pt. Calcs,28,14,inverse_points_preserve_position
2013,2013-10,10,16,10,Yes! PreCure 5,10.0,yearend2013-chartcalcs.ods,Top 25 Shows Pt. Calcs,14,14,inverse_points_preserve_position
2013,2013-10,10,17,9,truTV Presents World's Dumbest,9.0,yearend2013-chartcalcs.ods,Top 25 Shows Pt. Calcs,19,14,inverse_points_preserve_position
2013,2013-10,10,18,8,Pretty Cure Splash Star,8.0,yearend2013-chartcalcs.ods,Top 25 Shows Pt. Calcs,23,14,inverse_points_preserve_position
2013,2013-10,10,19,7,Gon,7.0,yearend2013-chartcalcs.ods,Top 25 Shows Pt. Calcs,56,14,inverse_points_preserve_position
2013,2013-10,10,20,6,Anne of Green Gables: The Animated Series,6.0,yearend2013-chartcalcs.ods,Top 25 Shows Pt. Calcs,33,14,inverse_points_preserve_position
2013,2013-10,10,21,5,Snapped,5.0,yearend2013-chartcalcs.ods,Top 25 Shows Pt. Calcs,21,14,inverse_points_preserve_position
2013,2013-10,10,22,4,The Little Mermaid,4.0,yearend2013-chartcalcs.ods,Top 25 Shows Pt. Calcs,47,14,inverse_points_preserve_position
2013,2013-10,10,23,3,Suite PreCure!,3.0,yearend2013-chartcalcs.ods,Top 25 Shows Pt. Calcs,32,14,inverse_points_preserve_position
2013,2013-10,10,24,2,My Little Pony: Friendship is Magic,2.0,yearend2013-chartcalcs.ods,Top 25 Shows Pt. Calcs,18,14,inverse_points_preserve_position
2013,2013-10,10,25,1,Fractale,1.0,yearend2013-chartcalcs.ods,Top 25 Shows Pt. Calcs,31,14,inverse_points_preserve_position
2013,2013-11,11,1,25,Sound of the Sky,25.0,yearend2013-chartcalcs.ods,Top 25 Shows Pt. Calcs,24,15,inverse_points_preserve_position
2013,2013-11,11,2,24,DokiDoki! Pretty Cure,24.0,yearend2013-chartcalcs.ods,Top 25 Shows Pt. Calcs,10,15,inverse_points_preserve_position
2013,2013-11,11,3,23,The Young and the Restless,23.0,yearend2013-chartcalcs.ods,Top 25 Shows Pt. Calcs,11,15,inverse_points_preserve_position
2013,2013-11,11,4,22,In the Heat of the Night,22.0,yearend2013-chartcalcs.ods,Top 25 Shows Pt. Calcs,38,15,inverse_points_preserve_position
2013,2013-11,11,5,21,Rozen Maiden,21.0,yearend2013-chartcalcs.ods,Top 25 Shows Pt. Calcs,15,15,inverse_points_preserve_position
2013,2013-11,11,6,20,HeartCatch PreCure!,20.0,yearend2013-chartcalcs.ods,Top 25 Shows Pt. Calcs,39,15,inverse_points_preserve_position
2013,2013-11,11,7,19,Anne of Green Gables: The Animated Series,19.0,yearend2013-chartcalcs.ods,Top 25 Shows Pt. Calcs,33,15,inverse_points_preserve_position
2013,2013-11,11,8,18,Star Trek: The Next Generation,18.0,yearend2013-chartcalcs.ods,Top 25 Shows Pt. Calcs,12,15,inverse_points_preserve_position
2013,2013-11,11,9,17,The Last Word with Lawrence O'Donnell,17.0,yearend2013-chartcalcs.ods,Top 25 Shows Pt. Calcs,17,15,inverse_points_preserve_position
2013,2013-11,11,10,16,Pretty Cure Splash Star,16.0,yearend2013-chartcalcs.ods,Top 25 Shows Pt. Calcs,23,15,inverse_points_preserve_position
2013,2013-11,11,11,15,Adventure Time,15.0,yearend2013-chartcalcs.ods,Top 25 Shows Pt. Calcs,16,15,inverse_points_preserve_position
2013,2013-11,11,12,14,SheZow,14.0,yearend2013-chartcalcs.ods,Top 25 Shows Pt. Calcs,22,15,inverse_points_preserve_position
2013,2013-11,11,13,13,The Bold and the Beautiful,13.0,yearend2013-chartcalcs.ods,Top 25 Shows Pt. Calcs,9,15,inverse_points_preserve_position
2013,2013-11,11,14,12,T.U.F.F. Puppy,12.0,yearend2013-chartcalcs.ods,Top 25 Shows Pt. Calcs,28,15,inverse_points_preserve_position
2013,2013-11,11,15,11,Pani Poni Dash!,11.0,yearend2013-chartcalcs.ods,Top 25 Shows Pt. Calcs,27,15,inverse_points_preserve_position
2013,2013-11,11,16,10,Yes! PreCure 5,10.0,yearend2013-chartcalcs.ods,Top 25 Shows Pt. Calcs,14,15,inverse_points_preserve_position
2013,2013-11,11,17,9,Suite PreCure!,9.0,yearend2013-chartcalcs.ods,Top 25 Shows Pt. Calcs,32,15,inverse_points_preserve_position
2013,2013-11,11,18,8,truTV Presents World's Dumbest,8.0,yearend2013-chartcalcs.ods,Top 25 Shows Pt. Calcs,19,15,inverse_points_preserve_position
2013,2013-11,11,19,7,Digimon: Digital Monsters,7.0,yearend2013-chartcalcs.ods,Top 25 Shows Pt. Calcs,30,15,inverse_points_preserve_position
2013,2013-11,11,20,6,Fresh Pretty Cure!,6.0,yearend2013-chartcalcs.ods,Top 25 Shows Pt. Calcs,37,15,inverse_points_preserve_position
2013,2013-11,11,21,5,Snapped,5.0,yearend2013-chartcalcs.ods,Top 25 Shows Pt. Calcs,21,15,inverse_points_preserve_position
2013,2013-11,11,22,4,Sister Princess,4.0,yearend2013-chartcalcs.ods,Top 25 Shows Pt. Calcs,50,15,inverse_points_preserve_position
2013,2013-11,11,23,3,Magic Knight Rayearth,3.0,yearend2013-chartcalcs.ods,Top 25 Shows Pt. Calcs,58,15,inverse_points_preserve_position
2013,2013-11,11,24,2,My Little Pony: Friendship is Magic,2.0,yearend2013-chartcalcs.ods,Top 25 Shows Pt. Calcs,18,15,inverse_points_preserve_position
2013,2013-11,11,25,1,Fractale,1.0,yearend2013-chartcalcs.ods,Top 25 Shows Pt. Calcs,31,15,inverse_points_preserve_position
2013,2013-12,12,1,25,Sound of the Sky,25.0,yearend2013-chartcalcs.ods,Top 25 Shows Pt. Calcs,24,16,inverse_points_preserve_position
2013,2013-12,12,2,24,Yuyushiki,24.0,yearend2013-chartcalcs.ods,Top 25 Shows Pt. Calcs,45,16,inverse_points_preserve_position
2013,2013-12,12,3,23,The Young and the Restless,23.0,yearend2013-chartcalcs.ods,Top 25 Shows Pt. Calcs,11,16,inverse_points_preserve_position
2013,2013-12,12,4,22,DokiDoki! Pretty Cure,22.0,yearend2013-chartcalcs.ods,Top 25 Shows Pt. Calcs,10,16,inverse_points_preserve_position
2013,2013-12,12,5,21,Littlest Pet Shop,21.0,yearend2013-chartcalcs.ods,Top 25 Shows Pt. Calcs,13,16,inverse_points_preserve_position
2013,2013-12,12,6,20,The Bold and the Beautiful,20.0,yearend2013-chartcalcs.ods,Top 25 Shows Pt. Calcs,9,16,inverse_points_preserve_position
2013,2013-12,12,7,19,In the Heat of the Night,19.0,yearend2013-chartcalcs.ods,Top 25 Shows Pt. Calcs,38,16,inverse_points_preserve_position
2013,2013-12,12,8,18,The Last Word with Lawrence O'Donnell,18.0,yearend2013-chartcalcs.ods,Top 25 Shows Pt. Calcs,17,16,inverse_points_preserve_position
2013,2013-12,12,9,17,Star Trek: The Next Generation,17.0,yearend2013-chartcalcs.ods,Top 25 Shows Pt. Calcs,12,16,inverse_points_preserve_position
2013,2013-12,12,10,16,Adventure Time,16.0,yearend2013-chartcalcs.ods,Top 25 Shows Pt. Calcs,16,16,inverse_points_preserve_position
2013,2013-12,12,11,15,Teenage Mutant Ninja Turtles (2012),15.0,yearend2013-chartcalcs.ods,Top 25 Shows Pt. Calcs,20,16,inverse_points_preserve_position
2013,2013-12,12,12,14,Rozen Maiden,14.0,yearend2013-chartcalcs.ods,Top 25 Shows Pt. Calcs,15,16,inverse_points_preserve_position
2013,2013-12,12,13,13,Pretty Cure Splash Star,13.0,yearend2013-chartcalcs.ods,Top 25 Shows Pt. Calcs,23,16,inverse_points_preserve_position
2013,2013-12,12,14,12,Anne of Green Gables: The Animated Series,12.0,yearend2013-chartcalcs.ods,Top 25 Shows Pt. Calcs,33,16,inverse_points_preserve_position
2013,2013-12,12,15,11,T.U.F.F. Puppy,11.0,yearend2013-chartcalcs.ods,Top 25 Shows Pt. Calcs,28,16,inverse_points_preserve_position
2013,2013-12,12,16,10,Smile PreCure!,10.0,yearend2013-chartcalcs.ods,Top 25 Shows Pt. Calcs,25,16,inverse_points_preserve_position
2013,2013-12,12,17,9,Suite PreCure!,9.0,yearend2013-chartcalcs.ods,Top 25 Shows Pt. Calcs,32,16,inverse_points_preserve_position
2013,2013-12,12,18,8,My Little Pony: Friendship is Magic,8.0,yearend2013-chartcalcs.ods,Top 25 Shows Pt. Calcs,18,16,inverse_points_preserve_position
2013,2013-12,12,19,7,SheZow,7.0,yearend2013-chartcalcs.ods,Top 25 Shows Pt. Calcs,22,16,inverse_points_preserve_position
2013,2013-12,12,20,6,Pani Poni Dash!,6.0,yearend2013-chartcalcs.ods,Top 25 Shows Pt. Calcs,27,16,inverse_points_preserve_position
2013,2013-12,12,21,5,Snapped,5.0,yearend2013-chartcalcs.ods,Top 25 Shows Pt. Calcs,21,16,inverse_points_preserve_position
2013,2013-12,12,22,4,HeartCatch PreCure!,4.0,yearend2013-chartcalcs.ods,Top 25 Shows Pt. Calcs,39,16,inverse_points_preserve_position
2013,2013-12,12,23,3,Yes! PreCure 5,3.0,yearend2013-chartcalcs.ods,Top 25 Shows Pt. Calcs,14,16,inverse_points_preserve_position
2013,2013-12,12,24,2,Fresh Pretty Cure!,2.0,yearend2013-chartcalcs.ods,Top 25 Shows Pt. Calcs,37,16,inverse_points_preserve_position
2013,2013-12,12,25,1,Fractale,1.0,yearend2013-chartcalcs.ods,Top 25 Shows Pt. Calcs,31,16,inverse_points_preserve_position
2014,2014-01,1,1,25,My Little Pony: Friendship is Magic,25.0,yearend2014-chartcalcs.ods,Top 25 Shows Pt. Calcs,13,5,inverse_points_preserve_position
2014,2014-01,1,2,24,DokiDoki! Pretty Cure,24.0,yearend2014-chartcalcs.ods,Top 25 Shows Pt. Calcs,29,5,inverse_points_preserve_position
2014,2014-01,1,3,23,Sound of the Sky,23.0,yearend2014-chartcalcs.ods,Top 25 Shows Pt. Calcs,28,5,inverse_points_preserve_position
2014,2014-01,1,4,22,In the Heat of the Night,22.0,yearend2014-chartcalcs.ods,Top 25 Shows Pt. Calcs,11,5,inverse_points_preserve_position
2014,2014-01,1,5,21,Timothy Goes to School,21.0,yearend2014-chartcalcs.ods,Top 25 Shows Pt. Calcs,37,5,inverse_points_preserve_position
2014,2014-01,1,6,20,Anne of Green Gables: The Animated Series,20.0,yearend2014-chartcalcs.ods,Top 25 Shows Pt. Calcs,47,5,inverse_points_preserve_position
2014,2014-01,1,7,19,Yuyushiki,19.0,yearend2014-chartcalcs.ods,Top 25 Shows Pt. Calcs,32,5,inverse_points_preserve_position
2014,2014-01,1,8,18,The Young and the Restless,18.0,yearend2014-chartcalcs.ods,Top 25 Shows Pt. Calcs,9,5,inverse_points_preserve_position
2014,2014-01,1,9,17,The Last Word with Lawrence O’Donnell,17.0,yearend2014-chartcalcs.ods,Top 25 Shows Pt. Calcs,31,5,inverse_points_preserve_position
2014,2014-01,1,10,16,How It’s Made,16.0,yearend2014-chartcalcs.ods,Top 25 Shows Pt. Calcs,12,5,inverse_points_preserve_position
2014,2014-01,1,11,15,Star Trek: The Next Generation,15.0,yearend2014-chartcalcs.ods,Top 25 Shows Pt. Calcs,17,5,inverse_points_preserve_position
2014,2014-01,1,12,14,Smile PreCure!,14.0,yearend2014-chartcalcs.ods,Top 25 Shows Pt. Calcs,57,5,inverse_points_preserve_position
2014,2014-01,1,13,13,Galaxy Angel,13.0,yearend2014-chartcalcs.ods,Top 25 Shows Pt. Calcs,51,5,inverse_points_preserve_position
2014,2014-01,1,14,12,Littlest Pet Shop,12.0,yearend2014-chartcalcs.ods,Top 25 Shows Pt. Calcs,26,5,inverse_points_preserve_position
2014,2014-01,1,15,11,Adventure Time,11.0,yearend2014-chartcalcs.ods,Top 25 Shows Pt. Calcs,48,5,inverse_points_preserve_position
2014,2014-01,1,16,10,The Bold and the Beautiful,10.0,yearend2014-chartcalcs.ods,Top 25 Shows Pt. Calcs,15,5,inverse_points_preserve_position
2014,2014-01,1,17,9,Rozen Maiden,9.0,yearend2014-chartcalcs.ods,Top 25 Shows Pt. Calcs,56,5,inverse_points_preserve_position
2014,2014-01,1,18,8,Pretty Cure Splash Star,8.0,yearend2014-chartcalcs.ods,Top 25 Shows Pt. Calcs,33,5,inverse_points_preserve_position
2014,2014-01,1,19,7,T.U.F.F. Puppy,7.0,yearend2014-chartcalcs.ods,Top 25 Shows Pt. Calcs,64,5,inverse_points_preserve_position
2014,2014-01,1,20,6,Magic Knight Rayearth,6.0,yearend2014-chartcalcs.ods,Top 25 Shows Pt. Calcs,65,5,inverse_points_preserve_position
2014,2014-01,1,21,5,Suite PreCure,5.0,yearend2014-chartcalcs.ods,Top 25 Shows Pt. Calcs,58,5,inverse_points_preserve_position
2014,2014-01,1,22,4,HeartCatch PreCure!,4.0,yearend2014-chartcalcs.ods,Top 25 Shows Pt. Calcs,63,5,inverse_points_preserve_position
2014,2014-01,1,23,3,Fractale,3.0,yearend2014-chartcalcs.ods,Top 25 Shows Pt. Calcs,66,5,inverse_points_preserve_position
2014,2014-01,1,24,2,Yes! PreCure 5,2.0,yearend2014-chartcalcs.ods,Top 25 Shows Pt. Calcs,14,5,inverse_points_preserve_position
2014,2014-01,1,25,1,SheZow,1.0,yearend2014-chartcalcs.ods,Top 25 Shows Pt. Calcs,68,5,inverse_points_preserve_position
2014,2014-02,2,1,25,My Little Pony: Friendship is Magic,25.0,yearend2014-chartcalcs.ods,Top 25 Shows Pt. Calcs,13,6,inverse_points_preserve_position
2014,2014-02,2,2,24,The Young and the Restless,24.0,yearend2014-chartcalcs.ods,Top 25 Shows Pt. Calcs,9,6,inverse_points_preserve_position
2014,2014-02,2,3,23,DokiDoki! Pretty Cure,23.0,yearend2014-chartcalcs.ods,Top 25 Shows Pt. Calcs,29,6,inverse_points_preserve_position
2014,2014-02,2,4,22,How It’s Made,22.0,yearend2014-chartcalcs.ods,Top 25 Shows Pt. Calcs,12,6,inverse_points_preserve_position
2014,2014-02,2,5,21,In the Heat of the Night,21.0,yearend2014-chartcalcs.ods,Top 25 Shows Pt. Calcs,11,6,inverse_points_preserve_position
2014,2014-02,2,6,20,X-Men (2011),20.0,yearend2014-chartcalcs.ods,Top 25 Shows Pt. Calcs,21,6,inverse_points_preserve_position
2014,2014-02,2,7,19,Dirty Pair,19.0,yearend2014-chartcalcs.ods,Top 25 Shows Pt. Calcs,34,6,inverse_points_preserve_position
2014,2014-02,2,8,18,Timothy Goes to School,18.0,yearend2014-chartcalcs.ods,Top 25 Shows Pt. Calcs,37,6,inverse_points_preserve_position
2014,2014-02,2,9,17,Iron Man,17.0,yearend2014-chartcalcs.ods,Top 25 Shows Pt. Calcs,43,6,inverse_points_preserve_position
2014,2014-02,2,10,16,Blade,16.0,yearend2014-chartcalcs.ods,Top 25 Shows Pt. Calcs,45,6,inverse_points_preserve_position
2014,2014-02,2,11,15,Yuyushiki,15.0,yearend2014-chartcalcs.ods,Top 25 Shows Pt. Calcs,32,6,inverse_points_preserve_position
2014,2014-02,2,12,14,Star Trek: The Next Generation,14.0,yearend2014-chartcalcs.ods,Top 25 Shows Pt. Calcs,17,6,inverse_points_preserve_position
2014,2014-02,2,13,13,Sound of the Sky,13.0,yearend2014-chartcalcs.ods,Top 25 Shows Pt. Calcs,28,6,inverse_points_preserve_position
2014,2014-02,2,14,12,Anne of Green Gables: The Animated Series,12.0,yearend2014-chartcalcs.ods,Top 25 Shows Pt. Calcs,47,6,inverse_points_preserve_position
2014,2014-02,2,15,11,Littlest Pet Shop,11.0,yearend2014-chartcalcs.ods,Top 25 Shows Pt. Calcs,26,6,inverse_points_preserve_position
2014,2014-02,2,16,10,The Bold and the Beautiful,10.0,yearend2014-chartcalcs.ods,Top 25 Shows Pt. Calcs,15,6,inverse_points_preserve_position
2014,2014-02,2,17,9,The Last Word with Lawrence O’Donnell,9.0,yearend2014-chartcalcs.ods,Top 25 Shows Pt. Calcs,31,6,inverse_points_preserve_position
2014,2014-02,2,18,8,Adventure Time,8.0,yearend2014-chartcalcs.ods,Top 25 Shows Pt. Calcs,48,6,inverse_points_preserve_position
2014,2014-02,2,19,7,Smile PreCure!,7.0,yearend2014-chartcalcs.ods,Top 25 Shows Pt. Calcs,57,6,inverse_points_preserve_position
2014,2014-02,2,20,6,Rozen Maiden,6.0,yearend2014-chartcalcs.ods,Top 25 Shows Pt. Calcs,56,6,inverse_points_preserve_position
2014,2014-02,2,21,5,Yes! PreCure 5,5.0,yearend2014-chartcalcs.ods,Top 25 Shows Pt. Calcs,14,6,inverse_points_preserve_position
2014,2014-02,2,22,4,Pretty Cure Splash Star,4.0,yearend2014-chartcalcs.ods,Top 25 Shows Pt. Calcs,33,6,inverse_points_preserve_position
2014,2014-02,2,23,3,Suite PreCure,3.0,yearend2014-chartcalcs.ods,Top 25 Shows Pt. Calcs,58,6,inverse_points_preserve_position
2014,2014-02,2,24,2,HeartCatch PreCure!,2.0,yearend2014-chartcalcs.ods,Top 25 Shows Pt. Calcs,63,6,inverse_points_preserve_position
2014,2014-02,2,25,1,Galaxy Angel,1.0,yearend2014-chartcalcs.ods,Top 25 Shows Pt. Calcs,51,6,inverse_points_preserve_position
2014,2014-03,3,1,25,X-Men (2011),25.0,yearend2014-chartcalcs.ods,Top 25 Shows Pt. Calcs,21,7,inverse_points_preserve_position
2014,2014-03,3,2,24,My Little Pony: Friendship is Magic,24.0,yearend2014-chartcalcs.ods,Top 25 Shows Pt. Calcs,13,7,inverse_points_preserve_position
2014,2014-03,3,3,23,The Young and the Restless,23.0,yearend2014-chartcalcs.ods,Top 25 Shows Pt. Calcs,9,7,inverse_points_preserve_position
2014,2014-03,3,4,22,HappinessCharge PreCure!,22.0,yearend2014-chartcalcs.ods,Top 25 Shows Pt. Calcs,10,7,inverse_points_preserve_position
2014,2014-03,3,5,21,Yes! PreCure 5,21.0,yearend2014-chartcalcs.ods,Top 25 Shows Pt. Calcs,14,7,inverse_points_preserve_position
2014,2014-03,3,6,20,How It’s Made,20.0,yearend2014-chartcalcs.ods,Top 25 Shows Pt. Calcs,12,7,inverse_points_preserve_position
2014,2014-03,3,7,19,Dirty Pair,19.0,yearend2014-chartcalcs.ods,Top 25 Shows Pt. Calcs,34,7,inverse_points_preserve_position
2014,2014-03,3,8,18,Wolverine,18.0,yearend2014-chartcalcs.ods,Top 25 Shows Pt. Calcs,41,7,inverse_points_preserve_position
2014,2014-03,3,9,17,Littlest Pet Shop,17.0,yearend2014-chartcalcs.ods,Top 25 Shows Pt. Calcs,26,7,inverse_points_preserve_position
2014,2014-03,3,10,16,truTV Presents World's Dumbest,16.0,yearend2014-chartcalcs.ods,Top 25 Shows Pt. Calcs,20,7,inverse_points_preserve_position
2014,2014-03,3,11,15,DokiDoki! Pretty Cure,15.0,yearend2014-chartcalcs.ods,Top 25 Shows Pt. Calcs,29,7,inverse_points_preserve_position
2014,2014-03,3,12,14,Star Trek: The Next Generation,14.0,yearend2014-chartcalcs.ods,Top 25 Shows Pt. Calcs,17,7,inverse_points_preserve_position
2014,2014-03,3,13,13,The Bold and the Beautiful,13.0,yearend2014-chartcalcs.ods,Top 25 Shows Pt. Calcs,15,7,inverse_points_preserve_position
2014,2014-03,3,14,12,In the Heat of the Night,12.0,yearend2014-chartcalcs.ods,Top 25 Shows Pt. Calcs,11,7,inverse_points_preserve_position
2014,2014-03,3,15,11,Iron Man,11.0,yearend2014-chartcalcs.ods,Top 25 Shows Pt. Calcs,43,7,inverse_points_preserve_position
2014,2014-03,3,16,10,Sound of the Sky,10.0,yearend2014-chartcalcs.ods,Top 25 Shows Pt. Calcs,28,7,inverse_points_preserve_position
2014,2014-03,3,17,9,Blade,9.0,yearend2014-chartcalcs.ods,Top 25 Shows Pt. Calcs,45,7,inverse_points_preserve_position
2014,2014-03,3,18,8,Yuyushiki,8.0,yearend2014-chartcalcs.ods,Top 25 Shows Pt. Calcs,32,7,inverse_points_preserve_position
2014,2014-03,3,19,7,The Last Word with Lawrence O’Donnell,7.0,yearend2014-chartcalcs.ods,Top 25 Shows Pt. Calcs,31,7,inverse_points_preserve_position
2014,2014-03,3,20,6,Timothy Goes to School,6.0,yearend2014-chartcalcs.ods,Top 25 Shows Pt. Calcs,37,7,inverse_points_preserve_position
2014,2014-03,3,21,5,Adventure Time,5.0,yearend2014-chartcalcs.ods,Top 25 Shows Pt. Calcs,48,7,inverse_points_preserve_position
2014,2014-03,3,22,4,Pretty Cure Splash Star,4.0,yearend2014-chartcalcs.ods,Top 25 Shows Pt. Calcs,33,7,inverse_points_preserve_position
2014,2014-03,3,23,3,Anne of Green Gables: The Animated Series,3.0,yearend2014-chartcalcs.ods,Top 25 Shows Pt. Calcs,47,7,inverse_points_preserve_position
2014,2014-03,3,24,2,Rozen Maiden,2.0,yearend2014-chartcalcs.ods,Top 25 Shows Pt. Calcs,56,7,inverse_points_preserve_position
2014,2014-03,3,25,1,Suite PreCure,1.0,yearend2014-chartcalcs.ods,Top 25 Shows Pt. Calcs,58,7,inverse_points_preserve_position
2014,2014-04,4,1,25,My Little Pony: Friendship is Magic,25.0,yearend2014-chartcalcs.ods,Top 25 Shows Pt. Calcs,13,8,inverse_points_preserve_position
2014,2014-04,4,2,24,HappinessCharge PreCure!,24.0,yearend2014-chartcalcs.ods,Top 25 Shows Pt. Calcs,10,8,inverse_points_preserve_position
2014,2014-04,4,3,23,The Young and the Restless,23.0,yearend2014-chartcalcs.ods,Top 25 Shows Pt. Calcs,9,8,inverse_points_preserve_position
2014,2014-04,4,4,22,MAGI: The Labyrinth of Magic,22.0,yearend2014-chartcalcs.ods,Top 25 Shows Pt. Calcs,22,8,inverse_points_preserve_position
2014,2014-04,4,5,21,The Bold and the Beautiful,21.0,yearend2014-chartcalcs.ods,Top 25 Shows Pt. Calcs,15,8,inverse_points_preserve_position
2014,2014-04,4,6,20,Yes! PreCure 5,20.0,yearend2014-chartcalcs.ods,Top 25 Shows Pt. Calcs,14,8,inverse_points_preserve_position
2014,2014-04,4,7,19,X-Men (2011),19.0,yearend2014-chartcalcs.ods,Top 25 Shows Pt. Calcs,21,8,inverse_points_preserve_position
2014,2014-04,4,8,18,truTV Presents World's Dumbest,18.0,yearend2014-chartcalcs.ods,Top 25 Shows Pt. Calcs,20,8,inverse_points_preserve_position
2014,2014-04,4,9,17,Wolverine,17.0,yearend2014-chartcalcs.ods,Top 25 Shows Pt. Calcs,41,8,inverse_points_preserve_position
2014,2014-04,4,10,16,How It’s Made,16.0,yearend2014-chartcalcs.ods,Top 25 Shows Pt. Calcs,12,8,inverse_points_preserve_position
2014,2014-04,4,11,15,Chip 'n Dale Rescue Rangers,15.0,yearend2014-chartcalcs.ods,Top 25 Shows Pt. Calcs,60,8,inverse_points_preserve_position
2014,2014-04,4,12,14,Dirty Pair,14.0,yearend2014-chartcalcs.ods,Top 25 Shows Pt. Calcs,34,8,inverse_points_preserve_position
2014,2014-04,4,13,13,Littlest Pet Shop,13.0,yearend2014-chartcalcs.ods,Top 25 Shows Pt. Calcs,26,8,inverse_points_preserve_position
2014,2014-04,4,14,12,Pretty Cure Splash Star,12.0,yearend2014-chartcalcs.ods,Top 25 Shows Pt. Calcs,33,8,inverse_points_preserve_position
2014,2014-04,4,15,11,Blade,11.0,yearend2014-chartcalcs.ods,Top 25 Shows Pt. Calcs,45,8,inverse_points_preserve_position
2014,2014-04,4,16,10,In the Heat of the Night,10.0,yearend2014-chartcalcs.ods,Top 25 Shows Pt. Calcs,11,8,inverse_points_preserve_position
2014,2014-04,4,17,9,Star Trek: The Next Generation,9.0,yearend2014-chartcalcs.ods,Top 25 Shows Pt. Calcs,17,8,inverse_points_preserve_position
2014,2014-04,4,18,8,Yuyushiki,8.0,yearend2014-chartcalcs.ods,Top 25 Shows Pt. Calcs,32,8,inverse_points_preserve_position
2014,2014-04,4,19,7,Sound of the Sky,7.0,yearend2014-chartcalcs.ods,Top 25 Shows Pt. Calcs,28,8,inverse_points_preserve_position
2014,2014-04,4,20,6,Adventure Time,6.0,yearend2014-chartcalcs.ods,Top 25 Shows Pt. Calcs,48,8,inverse_points_preserve_position
2014,2014-04,4,21,5,Iron Man,5.0,yearend2014-chartcalcs.ods,Top 25 Shows Pt. Calcs,43,8,inverse_points_preserve_position
2014,2014-04,4,22,4,DokiDoki! Pretty Cure,4.0,yearend2014-chartcalcs.ods,Top 25 Shows Pt. Calcs,29,8,inverse_points_preserve_position
2014,2014-04,4,23,3,The Reid Report,3.0,yearend2014-chartcalcs.ods,Top 25 Shows Pt. Calcs,67,8,inverse_points_preserve_position
2014,2014-04,4,24,2,Rozen Maiden,2.0,yearend2014-chartcalcs.ods,Top 25 Shows Pt. Calcs,56,8,inverse_points_preserve_position
2014,2014-04,4,25,1,The Last Word with Lawrence O’Donnell,1.0,yearend2014-chartcalcs.ods,Top 25 Shows Pt. Calcs,31,8,inverse_points_preserve_position
2014,2014-05,5,1,25,My Little Pony: Friendship is Magic,25.0,yearend2014-chartcalcs.ods,Top 25 Shows Pt. Calcs,13,9,inverse_points_preserve_position
2014,2014-05,5,2,24,The Young and the Restless,24.0,yearend2014-chartcalcs.ods,Top 25 Shows Pt. Calcs,9,9,inverse_points_preserve_position
2014,2014-05,5,3,23,How It’s Made,23.0,yearend2014-chartcalcs.ods,Top 25 Shows Pt. Calcs,12,9,inverse_points_preserve_position
2014,2014-05,5,4,22,HappinessCharge PreCure!,22.0,yearend2014-chartcalcs.ods,Top 25 Shows Pt. Calcs,10,9,inverse_points_preserve_position
2014,2014-05,5,5,21,The Bold and the Beautiful,21.0,yearend2014-chartcalcs.ods,Top 25 Shows Pt. Calcs,15,9,inverse_points_preserve_position
2014,2014-05,5,6,20,Little Busters!,20.0,yearend2014-chartcalcs.ods,Top 25 Shows Pt. Calcs,16,9,inverse_points_preserve_position
2014,2014-05,5,7,19,MAGI: The Labyrinth of Magic,19.0,yearend2014-chartcalcs.ods,Top 25 Shows Pt. Calcs,22,9,inverse_points_preserve_position
2014,2014-05,5,8,18,Hanako & Anne,18.0,yearend2014-chartcalcs.ods,Top 25 Shows Pt. Calcs,27,9,inverse_points_preserve_position
2014,2014-05,5,9,17,X-Men (2011),17.0,yearend2014-chartcalcs.ods,Top 25 Shows Pt. Calcs,21,9,inverse_points_preserve_position
2014,2014-05,5,10,16,Pretty Cure Splash Star,16.0,yearend2014-chartcalcs.ods,Top 25 Shows Pt. Calcs,33,9,inverse_points_preserve_position
2014,2014-05,5,11,15,Star Trek: The Next Generation,15.0,yearend2014-chartcalcs.ods,Top 25 Shows Pt. Calcs,17,9,inverse_points_preserve_position
2014,2014-05,5,12,14,Snapped,14.0,yearend2014-chartcalcs.ods,Top 25 Shows Pt. Calcs,42,9,inverse_points_preserve_position
2014,2014-05,5,13,13,truTV Presents World's Dumbest,13.0,yearend2014-chartcalcs.ods,Top 25 Shows Pt. Calcs,20,9,inverse_points_preserve_position
2014,2014-05,5,14,12,Yes! PreCure 5,12.0,yearend2014-chartcalcs.ods,Top 25 Shows Pt. Calcs,14,9,inverse_points_preserve_position
2014,2014-05,5,15,11,The Last Word with Lawrence O’Donnell,11.0,yearend2014-chartcalcs.ods,Top 25 Shows Pt. Calcs,31,9,inverse_points_preserve_position
2014,2014-05,5,16,10,In the Heat of the Night,10.0,yearend2014-chartcalcs.ods,Top 25 Shows Pt. Calcs,11,9,inverse_points_preserve_position
2014,2014-05,5,17,9,Littlest Pet Shop,9.0,yearend2014-chartcalcs.ods,Top 25 Shows Pt. Calcs,26,9,inverse_points_preserve_position
2014,2014-05,5,18,8,Dirty Pair,8.0,yearend2014-chartcalcs.ods,Top 25 Shows Pt. Calcs,34,9,inverse_points_preserve_position
2014,2014-05,5,19,7,Galaxy Angel,7.0,yearend2014-chartcalcs.ods,Top 25 Shows Pt. Calcs,51,9,inverse_points_preserve_position
2014,2014-05,5,20,6,Wolverine,6.0,yearend2014-chartcalcs.ods,Top 25 Shows Pt. Calcs,41,9,inverse_points_preserve_position
2014,2014-05,5,21,5,Iron Man,5.0,yearend2014-chartcalcs.ods,Top 25 Shows Pt. Calcs,43,9,inverse_points_preserve_position
2014,2014-05,5,22,4,Yuyushiki,4.0,yearend2014-chartcalcs.ods,Top 25 Shows Pt. Calcs,32,9,inverse_points_preserve_position
2014,2014-05,5,23,3,Sound of the Sky,3.0,yearend2014-chartcalcs.ods,Top 25 Shows Pt. Calcs,28,9,inverse_points_preserve_position
2014,2014-05,5,24,2,Adventure Time,2.0,yearend2014-chartcalcs.ods,Top 25 Shows Pt. Calcs,48,9,inverse_points_preserve_position
2014,2014-05,5,25,1,DokiDoki! Pretty Cure,1.0,yearend2014-chartcalcs.ods,Top 25 Shows Pt. Calcs,29,9,inverse_points_preserve_position
2014,2014-06,6,1,25,My Little Pony: Friendship is Magic,25.0,yearend2014-chartcalcs.ods,Top 25 Shows Pt. Calcs,13,10,inverse_points_preserve_position
2014,2014-06,6,2,24,How It’s Made,24.0,yearend2014-chartcalcs.ods,Top 25 Shows Pt. Calcs,12,10,inverse_points_preserve_position
2014,2014-06,6,3,23,The Bold and the Beautiful,23.0,yearend2014-chartcalcs.ods,Top 25 Shows Pt. Calcs,15,10,inverse_points_preserve_position
2014,2014-06,6,4,22,Little Busters!,22.0,yearend2014-chartcalcs.ods,Top 25 Shows Pt. Calcs,16,10,inverse_points_preserve_position
2014,2014-06,6,5,21,The Young and the Restless,21.0,yearend2014-chartcalcs.ods,Top 25 Shows Pt. Calcs,9,10,inverse_points_preserve_position
2014,2014-06,6,6,20,Hanako & Anne,20.0,yearend2014-chartcalcs.ods,Top 25 Shows Pt. Calcs,27,10,inverse_points_preserve_position
2014,2014-06,6,7,19,HappinessCharge PreCure!,19.0,yearend2014-chartcalcs.ods,Top 25 Shows Pt. Calcs,10,10,inverse_points_preserve_position
2014,2014-06,6,8,18,Moon Phase,18.0,yearend2014-chartcalcs.ods,Top 25 Shows Pt. Calcs,38,10,inverse_points_preserve_position
2014,2014-06,6,9,17,In the Heat of the Night,17.0,yearend2014-chartcalcs.ods,Top 25 Shows Pt. Calcs,11,10,inverse_points_preserve_position
2014,2014-06,6,10,16,Star Trek: The Next Generation,16.0,yearend2014-chartcalcs.ods,Top 25 Shows Pt. Calcs,17,10,inverse_points_preserve_position
2014,2014-06,6,11,15,Samurai Pizza Cats,15.0,yearend2014-chartcalcs.ods,Top 25 Shows Pt. Calcs,40,10,inverse_points_preserve_position
2014,2014-06,6,12,14,MAGI: The Labyrinth of Magic,14.0,yearend2014-chartcalcs.ods,Top 25 Shows Pt. Calcs,22,10,inverse_points_preserve_position
2014,2014-06,6,13,13,X-Men (2011),13.0,yearend2014-chartcalcs.ods,Top 25 Shows Pt. Calcs,21,10,inverse_points_preserve_position
2014,2014-06,6,14,12,truTV Presents World's Dumbest,12.0,yearend2014-chartcalcs.ods,Top 25 Shows Pt. Calcs,20,10,inverse_points_preserve_position
2014,2014-06,6,15,11,Snapped,11.0,yearend2014-chartcalcs.ods,Top 25 Shows Pt. Calcs,42,10,inverse_points_preserve_position
2014,2014-06,6,16,10,Pretty Cure Splash Star,10.0,yearend2014-chartcalcs.ods,Top 25 Shows Pt. Calcs,33,10,inverse_points_preserve_position
2014,2014-06,6,17,9,The Last Word with Lawrence O’Donnell,9.0,yearend2014-chartcalcs.ods,Top 25 Shows Pt. Calcs,31,10,inverse_points_preserve_position
2014,2014-06,6,18,8,Yes! PreCure 5,8.0,yearend2014-chartcalcs.ods,Top 25 Shows Pt. Calcs,14,10,inverse_points_preserve_position
2014,2014-06,6,19,7,Last Week Tonight with John Oliver,7.0,yearend2014-chartcalcs.ods,Top 25 Shows Pt. Calcs,46,10,inverse_points_preserve_position
2014,2014-06,6,20,6,Yuyushiki,6.0,yearend2014-chartcalcs.ods,Top 25 Shows Pt. Calcs,32,10,inverse_points_preserve_position
2014,2014-06,6,21,5,Littlest Pet Shop,5.0,yearend2014-chartcalcs.ods,Top 25 Shows Pt. Calcs,26,10,inverse_points_preserve_position
2014,2014-06,6,22,4,Suite PreCure,4.0,yearend2014-chartcalcs.ods,Top 25 Shows Pt. Calcs,58,10,inverse_points_preserve_position
2014,2014-06,6,23,3,Sound of the Sky,3.0,yearend2014-chartcalcs.ods,Top 25 Shows Pt. Calcs,28,10,inverse_points_preserve_position
2014,2014-06,6,24,2,Galaxy Angel,2.0,yearend2014-chartcalcs.ods,Top 25 Shows Pt. Calcs,51,10,inverse_points_preserve_position
2014,2014-06,6,25,1,Dirty Pair,1.0,yearend2014-chartcalcs.ods,Top 25 Shows Pt. Calcs,34,10,inverse_points_preserve_position
2014,2014-07,7,1,25,Little Busters!,25.0,yearend2014-chartcalcs.ods,Top 25 Shows Pt. Calcs,16,11,inverse_points_preserve_position
2014,2014-07,7,2,24,The Bold and the Beautiful,24.0,yearend2014-chartcalcs.ods,Top 25 Shows Pt. Calcs,15,11,inverse_points_preserve_position
2014,2014-07,7,3,23,Teenage Mutant Ninja Turtles (2012),23.0,yearend2014-chartcalcs.ods,Top 25 Shows Pt. Calcs,24,11,inverse_points_preserve_position
2014,2014-07,7,4,22,The Young and the Restless,22.0,yearend2014-chartcalcs.ods,Top 25 Shows Pt. Calcs,9,11,inverse_points_preserve_position
2014,2014-07,7,5,21,How It’s Made,21.0,yearend2014-chartcalcs.ods,Top 25 Shows Pt. Calcs,12,11,inverse_points_preserve_position
2014,2014-07,7,6,20,My Little Pony: Friendship is Magic,20.0,yearend2014-chartcalcs.ods,Top 25 Shows Pt. Calcs,13,11,inverse_points_preserve_position
2014,2014-07,7,7,19,In the Heat of the Night,19.0,yearend2014-chartcalcs.ods,Top 25 Shows Pt. Calcs,11,11,inverse_points_preserve_position
2014,2014-07,7,8,18,HappinessCharge PreCure!,18.0,yearend2014-chartcalcs.ods,Top 25 Shows Pt. Calcs,10,11,inverse_points_preserve_position
2014,2014-07,7,9,17,Pani Poni Dash!,17.0,yearend2014-chartcalcs.ods,Top 25 Shows Pt. Calcs,50,11,inverse_points_preserve_position
2014,2014-07,7,10,16,Moon Phase,16.0,yearend2014-chartcalcs.ods,Top 25 Shows Pt. Calcs,38,11,inverse_points_preserve_position
2014,2014-07,7,11,15,Star Trek: The Next Generation,15.0,yearend2014-chartcalcs.ods,Top 25 Shows Pt. Calcs,17,11,inverse_points_preserve_position
2014,2014-07,7,12,14,truTV Presents World's Dumbest,14.0,yearend2014-chartcalcs.ods,Top 25 Shows Pt. Calcs,20,11,inverse_points_preserve_position
2014,2014-07,7,13,13,Yes! PreCure 5,13.0,yearend2014-chartcalcs.ods,Top 25 Shows Pt. Calcs,14,11,inverse_points_preserve_position
2014,2014-07,7,14,12,Last Week Tonight with John Oliver,12.0,yearend2014-chartcalcs.ods,Top 25 Shows Pt. Calcs,46,11,inverse_points_preserve_position
2014,2014-07,7,15,11,MAGI: The Labyrinth of Magic,11.0,yearend2014-chartcalcs.ods,Top 25 Shows Pt. Calcs,22,11,inverse_points_preserve_position
2014,2014-07,7,16,10,Snapped,10.0,yearend2014-chartcalcs.ods,Top 25 Shows Pt. Calcs,42,11,inverse_points_preserve_position
2014,2014-07,7,17,9,Samurai Pizza Cats,9.0,yearend2014-chartcalcs.ods,Top 25 Shows Pt. Calcs,40,11,inverse_points_preserve_position
2014,2014-07,7,18,8,X-Men (2011),8.0,yearend2014-chartcalcs.ods,Top 25 Shows Pt. Calcs,21,11,inverse_points_preserve_position
2014,2014-07,7,19,7,Hanako & Anne,7.0,yearend2014-chartcalcs.ods,Top 25 Shows Pt. Calcs,27,11,inverse_points_preserve_position
2014,2014-07,7,20,6,The Last Word with Lawrence O’Donnell,6.0,yearend2014-chartcalcs.ods,Top 25 Shows Pt. Calcs,31,11,inverse_points_preserve_position
2014,2014-07,7,21,5,Suite PreCure,5.0,yearend2014-chartcalcs.ods,Top 25 Shows Pt. Calcs,58,11,inverse_points_preserve_position
2014,2014-07,7,22,4,The Pirates of Dark Water,4.0,yearend2014-chartcalcs.ods,Top 25 Shows Pt. Calcs,55,11,inverse_points_preserve_position
2014,2014-07,7,23,3,Pretty Cure Splash Star,3.0,yearend2014-chartcalcs.ods,Top 25 Shows Pt. Calcs,33,11,inverse_points_preserve_position
2014,2014-07,7,24,2,Yuyushiki,2.0,yearend2014-chartcalcs.ods,Top 25 Shows Pt. Calcs,32,11,inverse_points_preserve_position
2014,2014-07,7,25,1,Sound of the Sky,1.0,yearend2014-chartcalcs.ods,Top 25 Shows Pt. Calcs,28,11,inverse_points_preserve_position
2014,2014-08,8,1,25,HappinessCharge PreCure!,25.0,yearend2014-chartcalcs.ods,Top 25 Shows Pt. Calcs,10,12,inverse_points_preserve_position
2014,2014-08,8,2,24,The Young and the Restless,24.0,yearend2014-chartcalcs.ods,Top 25 Shows Pt. Calcs,9,12,inverse_points_preserve_position
2014,2014-08,8,3,23,Little Busters!,23.0,yearend2014-chartcalcs.ods,Top 25 Shows Pt. Calcs,16,12,inverse_points_preserve_position
2014,2014-08,8,4,22,The Bold and the Beautiful,22.0,yearend2014-chartcalcs.ods,Top 25 Shows Pt. Calcs,15,12,inverse_points_preserve_position
2014,2014-08,8,5,21,Hyakko,21.0,yearend2014-chartcalcs.ods,Top 25 Shows Pt. Calcs,23,12,inverse_points_preserve_position
2014,2014-08,8,6,20,My Little Pony: Friendship is Magic,20.0,yearend2014-chartcalcs.ods,Top 25 Shows Pt. Calcs,13,12,inverse_points_preserve_position
2014,2014-08,8,7,19,Sabrina: Secrets of a Teenage Witch,19.0,yearend2014-chartcalcs.ods,Top 25 Shows Pt. Calcs,30,12,inverse_points_preserve_position
2014,2014-08,8,8,18,MAGI: The Labyrinth of Magic,18.0,yearend2014-chartcalcs.ods,Top 25 Shows Pt. Calcs,22,12,inverse_points_preserve_position
2014,2014-08,8,9,17,In the Heat of the Night,17.0,yearend2014-chartcalcs.ods,Top 25 Shows Pt. Calcs,11,12,inverse_points_preserve_position
2014,2014-08,8,10,16,How It’s Made,16.0,yearend2014-chartcalcs.ods,Top 25 Shows Pt. Calcs,12,12,inverse_points_preserve_position
2014,2014-08,8,11,15,truTV Presents World's Dumbest,15.0,yearend2014-chartcalcs.ods,Top 25 Shows Pt. Calcs,20,12,inverse_points_preserve_position
2014,2014-08,8,12,14,Star Trek: The Next Generation,14.0,yearend2014-chartcalcs.ods,Top 25 Shows Pt. Calcs,17,12,inverse_points_preserve_position
2014,2014-08,8,13,13,Teenage Mutant Ninja Turtles (2012),13.0,yearend2014-chartcalcs.ods,Top 25 Shows Pt. Calcs,24,12,inverse_points_preserve_position
2014,2014-08,8,14,12,True Blood,12.0,yearend2014-chartcalcs.ods,Top 25 Shows Pt. Calcs,52,12,inverse_points_preserve_position
2014,2014-08,8,15,11,Last Week Tonight with John Oliver,11.0,yearend2014-chartcalcs.ods,Top 25 Shows Pt. Calcs,46,12,inverse_points_preserve_position
2014,2014-08,8,16,10,Moon Phase,10.0,yearend2014-chartcalcs.ods,Top 25 Shows Pt. Calcs,38,12,inverse_points_preserve_position
2014,2014-08,8,17,9,Yes! PreCure 5,9.0,yearend2014-chartcalcs.ods,Top 25 Shows Pt. Calcs,14,12,inverse_points_preserve_position
2014,2014-08,8,18,8,Kung Fu Panda: Legends of Awesomeness,8.0,yearend2014-chartcalcs.ods,Top 25 Shows Pt. Calcs,54,12,inverse_points_preserve_position
2014,2014-08,8,19,7,X-Men (2011),7.0,yearend2014-chartcalcs.ods,Top 25 Shows Pt. Calcs,21,12,inverse_points_preserve_position
2014,2014-08,8,20,6,Pani Poni Dash!,6.0,yearend2014-chartcalcs.ods,Top 25 Shows Pt. Calcs,50,12,inverse_points_preserve_position
2014,2014-08,8,21,5,Snapped,5.0,yearend2014-chartcalcs.ods,Top 25 Shows Pt. Calcs,42,12,inverse_points_preserve_position
2014,2014-08,8,22,4,Weather Geeks,4.0,yearend2014-chartcalcs.ods,Top 25 Shows Pt. Calcs,59,12,inverse_points_preserve_position
2014,2014-08,8,23,3,The Last Word with Lawrence O’Donnell,3.0,yearend2014-chartcalcs.ods,Top 25 Shows Pt. Calcs,31,12,inverse_points_preserve_position
2014,2014-08,8,24,2,Pretty Cure Splash Star,2.0,yearend2014-chartcalcs.ods,Top 25 Shows Pt. Calcs,33,12,inverse_points_preserve_position
2014,2014-08,8,25,1,Sound of the Sky,1.0,yearend2014-chartcalcs.ods,Top 25 Shows Pt. Calcs,28,12,inverse_points_preserve_position
2014,2014-09,9,1,25,HappinessCharge PreCure!,25.0,yearend2014-chartcalcs.ods,Top 25 Shows Pt. Calcs,10,13,inverse_points_preserve_position
2014,2014-09,9,2,24,Hyakko,24.0,yearend2014-chartcalcs.ods,Top 25 Shows Pt. Calcs,23,13,inverse_points_preserve_position
2014,2014-09,9,3,23,The Young and the Restless,23.0,yearend2014-chartcalcs.ods,Top 25 Shows Pt. Calcs,9,13,inverse_points_preserve_position
2014,2014-09,9,4,22,My Little Pony: Friendship is Magic,22.0,yearend2014-chartcalcs.ods,Top 25 Shows Pt. Calcs,13,13,inverse_points_preserve_position
2014,2014-09,9,5,21,In the Heat of the Night,21.0,yearend2014-chartcalcs.ods,Top 25 Shows Pt. Calcs,11,13,inverse_points_preserve_position
2014,2014-09,9,6,20,Digimon Fusion,20.0,yearend2014-chartcalcs.ods,Top 25 Shows Pt. Calcs,18,13,inverse_points_preserve_position
2014,2014-09,9,7,19,The Rose of Versailles,19.0,yearend2014-chartcalcs.ods,Top 25 Shows Pt. Calcs,19,13,inverse_points_preserve_position
2014,2014-09,9,8,18,Sabrina: Secrets of a Teenage Witch,18.0,yearend2014-chartcalcs.ods,Top 25 Shows Pt. Calcs,30,13,inverse_points_preserve_position
2014,2014-09,9,9,17,Dragonball GT,17.0,yearend2014-chartcalcs.ods,Top 25 Shows Pt. Calcs,39,13,inverse_points_preserve_position
2014,2014-09,9,10,16,Little Busters!,16.0,yearend2014-chartcalcs.ods,Top 25 Shows Pt. Calcs,16,13,inverse_points_preserve_position
2014,2014-09,9,11,15,The Bold and the Beautiful,15.0,yearend2014-chartcalcs.ods,Top 25 Shows Pt. Calcs,15,13,inverse_points_preserve_position
2014,2014-09,9,12,14,Fruits Basket,14.0,yearend2014-chartcalcs.ods,Top 25 Shows Pt. Calcs,49,13,inverse_points_preserve_position
2014,2014-09,9,13,13,True Blood,13.0,yearend2014-chartcalcs.ods,Top 25 Shows Pt. Calcs,52,13,inverse_points_preserve_position
2014,2014-09,9,14,12,How It’s Made,12.0,yearend2014-chartcalcs.ods,Top 25 Shows Pt. Calcs,12,13,inverse_points_preserve_position
2014,2014-09,9,15,11,Littlest Pet Shop,11.0,yearend2014-chartcalcs.ods,Top 25 Shows Pt. Calcs,26,13,inverse_points_preserve_position
2014,2014-09,9,16,10,MAGI: The Labyrinth of Magic,10.0,yearend2014-chartcalcs.ods,Top 25 Shows Pt. Calcs,22,13,inverse_points_preserve_position
2014,2014-09,9,17,9,Star Trek: The Next Generation,9.0,yearend2014-chartcalcs.ods,Top 25 Shows Pt. Calcs,17,13,inverse_points_preserve_position
2014,2014-09,9,18,8,Kung Fu Panda: Legends of Awesomeness,8.0,yearend2014-chartcalcs.ods,Top 25 Shows Pt. Calcs,54,13,inverse_points_preserve_position
2014,2014-09,9,19,7,truTV Presents World's Dumbest,7.0,yearend2014-chartcalcs.ods,Top 25 Shows Pt. Calcs,20,13,inverse_points_preserve_position
2014,2014-09,9,20,6,Teenage Mutant Ninja Turtles (2012),6.0,yearend2014-chartcalcs.ods,Top 25 Shows Pt. Calcs,24,13,inverse_points_preserve_position
2014,2014-09,9,21,5,Last Week Tonight with John Oliver,5.0,yearend2014-chartcalcs.ods,Top 25 Shows Pt. Calcs,46,13,inverse_points_preserve_position
2014,2014-09,9,22,4,Yes! PreCure 5,4.0,yearend2014-chartcalcs.ods,Top 25 Shows Pt. Calcs,14,13,inverse_points_preserve_position
2014,2014-09,9,23,3,X-Men (2011),3.0,yearend2014-chartcalcs.ods,Top 25 Shows Pt. Calcs,21,13,inverse_points_preserve_position
2014,2014-09,9,24,2,Pani Poni Dash!,2.0,yearend2014-chartcalcs.ods,Top 25 Shows Pt. Calcs,50,13,inverse_points_preserve_position
2014,2014-09,9,25,1,Sound of the Sky,1.0,yearend2014-chartcalcs.ods,Top 25 Shows Pt. Calcs,28,13,inverse_points_preserve_position
2014,2014-10,10,1,25,HappinessCharge PreCure!,25.0,yearend2014-chartcalcs.ods,Top 25 Shows Pt. Calcs,10,14,inverse_points_preserve_position
2014,2014-10,10,2,24,Hyakko,24.0,yearend2014-chartcalcs.ods,Top 25 Shows Pt. Calcs,23,14,inverse_points_preserve_position
2014,2014-10,10,3,23,"Last Exile: Fam, the Silver Wing",23.0,yearend2014-chartcalcs.ods,Top 25 Shows Pt. Calcs,25,14,inverse_points_preserve_position
2014,2014-10,10,4,22,Ninja Scroll: The Series,22.0,yearend2014-chartcalcs.ods,Top 25 Shows Pt. Calcs,35,14,inverse_points_preserve_position
2014,2014-10,10,5,21,The Rose of Versailles,21.0,yearend2014-chartcalcs.ods,Top 25 Shows Pt. Calcs,19,14,inverse_points_preserve_position
2014,2014-10,10,6,20,Sabrina: Secrets of a Teenage Witch,20.0,yearend2014-chartcalcs.ods,Top 25 Shows Pt. Calcs,30,14,inverse_points_preserve_position
2014,2014-10,10,7,19,The Young and the Restless,19.0,yearend2014-chartcalcs.ods,Top 25 Shows Pt. Calcs,9,14,inverse_points_preserve_position
2014,2014-10,10,8,18,Spaceship Operators,18.0,yearend2014-chartcalcs.ods,Top 25 Shows Pt. Calcs,44,14,inverse_points_preserve_position
2014,2014-10,10,9,17,Digimon Fusion,17.0,yearend2014-chartcalcs.ods,Top 25 Shows Pt. Calcs,18,14,inverse_points_preserve_position
2014,2014-10,10,10,16,In the Heat of the Night,16.0,yearend2014-chartcalcs.ods,Top 25 Shows Pt. Calcs,11,14,inverse_points_preserve_position
2014,2014-10,10,11,15,The Bold and the Beautiful,15.0,yearend2014-chartcalcs.ods,Top 25 Shows Pt. Calcs,15,14,inverse_points_preserve_position
2014,2014-10,10,12,14,How It’s Made,14.0,yearend2014-chartcalcs.ods,Top 25 Shows Pt. Calcs,12,14,inverse_points_preserve_position
2014,2014-10,10,13,13,My Little Pony: Friendship is Magic,13.0,yearend2014-chartcalcs.ods,Top 25 Shows Pt. Calcs,13,14,inverse_points_preserve_position
2014,2014-10,10,14,12,Star Trek: The Next Generation,12.0,yearend2014-chartcalcs.ods,Top 25 Shows Pt. Calcs,17,14,inverse_points_preserve_position
2014,2014-10,10,15,11,Dragonball GT,11.0,yearend2014-chartcalcs.ods,Top 25 Shows Pt. Calcs,39,14,inverse_points_preserve_position
2014,2014-10,10,16,10,Little Busters!,10.0,yearend2014-chartcalcs.ods,Top 25 Shows Pt. Calcs,16,14,inverse_points_preserve_position
2014,2014-10,10,17,9,Fruits Basket,9.0,yearend2014-chartcalcs.ods,Top 25 Shows Pt. Calcs,49,14,inverse_points_preserve_position
2014,2014-10,10,18,8,Littlest Pet Shop,8.0,yearend2014-chartcalcs.ods,Top 25 Shows Pt. Calcs,26,14,inverse_points_preserve_position
2014,2014-10,10,19,7,truTV Presents World's Dumbest,7.0,yearend2014-chartcalcs.ods,Top 25 Shows Pt. Calcs,20,14,inverse_points_preserve_position
2014,2014-10,10,20,6,Kung Fu Panda: Legends of Awesomeness,6.0,yearend2014-chartcalcs.ods,Top 25 Shows Pt. Calcs,54,14,inverse_points_preserve_position
2014,2014-10,10,21,5,Teenage Mutant Ninja Turtles (2012),5.0,yearend2014-chartcalcs.ods,Top 25 Shows Pt. Calcs,24,14,inverse_points_preserve_position
2014,2014-10,10,22,4,Sound of the Sky,4.0,yearend2014-chartcalcs.ods,Top 25 Shows Pt. Calcs,28,14,inverse_points_preserve_position
2014,2014-10,10,23,3,MAGI: The Labyrinth of Magic,3.0,yearend2014-chartcalcs.ods,Top 25 Shows Pt. Calcs,22,14,inverse_points_preserve_position
2014,2014-10,10,24,2,Yes! PreCure 5,2.0,yearend2014-chartcalcs.ods,Top 25 Shows Pt. Calcs,14,14,inverse_points_preserve_position
2014,2014-10,10,25,1,X-Men (2011),1.0,yearend2014-chartcalcs.ods,Top 25 Shows Pt. Calcs,21,14,inverse_points_preserve_position
2014,2014-11,11,1,25,HappinessCharge PreCure!,25.0,yearend2014-chartcalcs.ods,Top 25 Shows Pt. Calcs,10,15,inverse_points_preserve_position
2014,2014-11,11,2,24,How It’s Made,24.0,yearend2014-chartcalcs.ods,Top 25 Shows Pt. Calcs,12,15,inverse_points_preserve_position
2014,2014-11,11,3,23,Digimon Fusion,23.0,yearend2014-chartcalcs.ods,Top 25 Shows Pt. Calcs,18,15,inverse_points_preserve_position
2014,2014-11,11,4,22,"Last Exile: Fam, the Silver Wing",22.0,yearend2014-chartcalcs.ods,Top 25 Shows Pt. Calcs,25,15,inverse_points_preserve_position
2014,2014-11,11,5,21,The Bold and the Beautiful,21.0,yearend2014-chartcalcs.ods,Top 25 Shows Pt. Calcs,15,15,inverse_points_preserve_position
2014,2014-11,11,6,20,The Young and the Restless,20.0,yearend2014-chartcalcs.ods,Top 25 Shows Pt. Calcs,9,15,inverse_points_preserve_position
2014,2014-11,11,7,19,Hyakko,19.0,yearend2014-chartcalcs.ods,Top 25 Shows Pt. Calcs,23,15,inverse_points_preserve_position
2014,2014-11,11,8,18,Teenage Mutant Ninja Turtles (2012),18.0,yearend2014-chartcalcs.ods,Top 25 Shows Pt. Calcs,24,15,inverse_points_preserve_position
2014,2014-11,11,9,17,My Little Pony: Friendship is Magic,17.0,yearend2014-chartcalcs.ods,Top 25 Shows Pt. Calcs,13,15,inverse_points_preserve_position
2014,2014-11,11,10,16,The Rose of Versailles,16.0,yearend2014-chartcalcs.ods,Top 25 Shows Pt. Calcs,19,15,inverse_points_preserve_position
2014,2014-11,11,11,15,Law & Order: Special Victims Unit,15.0,yearend2014-chartcalcs.ods,Top 25 Shows Pt. Calcs,53,15,inverse_points_preserve_position
2014,2014-11,11,12,14,In the Heat of the Night,14.0,yearend2014-chartcalcs.ods,Top 25 Shows Pt. Calcs,11,15,inverse_points_preserve_position
2014,2014-11,11,13,13,Ninja Scroll: The Series,13.0,yearend2014-chartcalcs.ods,Top 25 Shows Pt. Calcs,35,15,inverse_points_preserve_position
2014,2014-11,11,14,12,Spaceship Operators,12.0,yearend2014-chartcalcs.ods,Top 25 Shows Pt. Calcs,44,15,inverse_points_preserve_position
2014,2014-11,11,15,11,Weather Geeks,11.0,yearend2014-chartcalcs.ods,Top 25 Shows Pt. Calcs,59,15,inverse_points_preserve_position
2014,2014-11,11,16,10,Dragonball GT,10.0,yearend2014-chartcalcs.ods,Top 25 Shows Pt. Calcs,39,15,inverse_points_preserve_position
2014,2014-11,11,17,9,Star Trek: The Next Generation,9.0,yearend2014-chartcalcs.ods,Top 25 Shows Pt. Calcs,17,15,inverse_points_preserve_position
2014,2014-11,11,18,8,Little Busters!,8.0,yearend2014-chartcalcs.ods,Top 25 Shows Pt. Calcs,16,15,inverse_points_preserve_position
2014,2014-11,11,19,7,Yes! PreCure 5,7.0,yearend2014-chartcalcs.ods,Top 25 Shows Pt. Calcs,14,15,inverse_points_preserve_position
2014,2014-11,11,20,6,Sabrina: Secrets of a Teenage Witch,6.0,yearend2014-chartcalcs.ods,Top 25 Shows Pt. Calcs,30,15,inverse_points_preserve_position
2014,2014-11,11,21,5,truTV Presents World's Dumbest,5.0,yearend2014-chartcalcs.ods,Top 25 Shows Pt. Calcs,20,15,inverse_points_preserve_position
2014,2014-11,11,22,4,Littlest Pet Shop,4.0,yearend2014-chartcalcs.ods,Top 25 Shows Pt. Calcs,26,15,inverse_points_preserve_position
2014,2014-11,11,23,3,Sound of the Sky,3.0,yearend2014-chartcalcs.ods,Top 25 Shows Pt. Calcs,28,15,inverse_points_preserve_position
2014,2014-11,11,24,2,Fruits Basket,2.0,yearend2014-chartcalcs.ods,Top 25 Shows Pt. Calcs,49,15,inverse_points_preserve_position
2014,2014-11,11,25,1,MAGI: The Labyrinth of Magic,1.0,yearend2014-chartcalcs.ods,Top 25 Shows Pt. Calcs,22,15,inverse_points_preserve_position
2014,2014-12,12,1,25,HappinessCharge PreCure!,25.0,yearend2014-chartcalcs.ods,Top 25 Shows Pt. Calcs,10,16,inverse_points_preserve_position
2014,2014-12,12,2,24,The Bold and the Beautiful,24.0,yearend2014-chartcalcs.ods,Top 25 Shows Pt. Calcs,15,16,inverse_points_preserve_position
2014,2014-12,12,3,23,The Young and the Restless,23.0,yearend2014-chartcalcs.ods,Top 25 Shows Pt. Calcs,9,16,inverse_points_preserve_position
2014,2014-12,12,4,22,Appleseed XIII,22.0,yearend2014-chartcalcs.ods,Top 25 Shows Pt. Calcs,36,16,inverse_points_preserve_position
2014,2014-12,12,5,21,"Last Exile: Fam, the Silver Wing",21.0,yearend2014-chartcalcs.ods,Top 25 Shows Pt. Calcs,25,16,inverse_points_preserve_position
2014,2014-12,12,6,20,How It’s Made,20.0,yearend2014-chartcalcs.ods,Top 25 Shows Pt. Calcs,12,16,inverse_points_preserve_position
2014,2014-12,12,7,19,Teenage Mutant Ninja Turtles (2012),19.0,yearend2014-chartcalcs.ods,Top 25 Shows Pt. Calcs,24,16,inverse_points_preserve_position
2014,2014-12,12,8,18,Yes! PreCure 5,18.0,yearend2014-chartcalcs.ods,Top 25 Shows Pt. Calcs,14,16,inverse_points_preserve_position
2014,2014-12,12,9,17,In the Heat of the Night,17.0,yearend2014-chartcalcs.ods,Top 25 Shows Pt. Calcs,11,16,inverse_points_preserve_position
2014,2014-12,12,10,16,Ninja Scroll: The Series,16.0,yearend2014-chartcalcs.ods,Top 25 Shows Pt. Calcs,35,16,inverse_points_preserve_position
2014,2014-12,12,11,15,Sonic Underground,15.0,yearend2014-chartcalcs.ods,Top 25 Shows Pt. Calcs,61,16,inverse_points_preserve_position
2014,2014-12,12,12,14,Sofia the First,14.0,yearend2014-chartcalcs.ods,Top 25 Shows Pt. Calcs,62,16,inverse_points_preserve_position
2014,2014-12,12,13,13,The Rose of Versailles,13.0,yearend2014-chartcalcs.ods,Top 25 Shows Pt. Calcs,19,16,inverse_points_preserve_position
2014,2014-12,12,14,12,Digimon Fusion,12.0,yearend2014-chartcalcs.ods,Top 25 Shows Pt. Calcs,18,16,inverse_points_preserve_position
2014,2014-12,12,15,11,My Little Pony: Friendship is Magic,11.0,yearend2014-chartcalcs.ods,Top 25 Shows Pt. Calcs,13,16,inverse_points_preserve_position
2014,2014-12,12,16,10,Hyakko,10.0,yearend2014-chartcalcs.ods,Top 25 Shows Pt. Calcs,23,16,inverse_points_preserve_position
2014,2014-12,12,17,9,Law & Order: Special Victims Unit,9.0,yearend2014-chartcalcs.ods,Top 25 Shows Pt. Calcs,53,16,inverse_points_preserve_position
2014,2014-12,12,18,8,Spaceship Operators,8.0,yearend2014-chartcalcs.ods,Top 25 Shows Pt. Calcs,44,16,inverse_points_preserve_position
2014,2014-12,12,19,7,Little Busters!,7.0,yearend2014-chartcalcs.ods,Top 25 Shows Pt. Calcs,16,16,inverse_points_preserve_position
2014,2014-12,12,20,6,Star Trek: The Next Generation,6.0,yearend2014-chartcalcs.ods,Top 25 Shows Pt. Calcs,17,16,inverse_points_preserve_position
2014,2014-12,12,21,5,truTV Presents World's Dumbest,5.0,yearend2014-chartcalcs.ods,Top 25 Shows Pt. Calcs,20,16,inverse_points_preserve_position
2014,2014-12,12,22,4,Dragonball GT,4.0,yearend2014-chartcalcs.ods,Top 25 Shows Pt. Calcs,39,16,inverse_points_preserve_position
2014,2014-12,12,23,3,Sabrina: Secrets of a Teenage Witch,3.0,yearend2014-chartcalcs.ods,Top 25 Shows Pt. Calcs,30,16,inverse_points_preserve_position
2014,2014-12,12,24,2,Sound of the Sky,2.0,yearend2014-chartcalcs.ods,Top 25 Shows Pt. Calcs,28,16,inverse_points_preserve_position
2014,2014-12,12,25,1,Wolverine,1.0,yearend2014-chartcalcs.ods,Top 25 Shows Pt. Calcs,41,16,inverse_points_preserve_position
2015,2015-01,1,1,25,Rail Wars!,25.0,yearend2015-chartcalcs.ods,Sheet1,45,5,inverse_points_preserve_position
2015,2015-01,1,2,24,Happiness Charge PreCure!,24.0,yearend2015-chartcalcs.ods,Sheet1,21,5,inverse_points_preserve_position
2015,2015-01,1,3,23,Appleseed XIII,23.0,yearend2015-chartcalcs.ods,Sheet1,11,5,inverse_points_preserve_position
2015,2015-01,1,4,22,How It’s Made,22.0,yearend2015-chartcalcs.ods,Sheet1,24,5,inverse_points_preserve_position
2015,2015-01,1,5,21,The Bold and the Beautiful,21.0,yearend2015-chartcalcs.ods,Sheet1,55,5,inverse_points_preserve_position
2015,2015-01,1,6,20,ReactToThat,20.0,yearend2015-chartcalcs.ods,Sheet1,46,5,inverse_points_preserve_position
2015,2015-01,1,7,19,Yuyushiki,19.0,yearend2015-chartcalcs.ods,Sheet1,63,5,inverse_points_preserve_position
2015,2015-01,1,8,18,Hyakko,18.0,yearend2015-chartcalcs.ods,Sheet1,25,5,inverse_points_preserve_position
2015,2015-01,1,9,17,Sonic Boom,17.0,yearend2015-chartcalcs.ods,Sheet1,50,5,inverse_points_preserve_position
2015,2015-01,1,10,16,Star Trek: The Next Generation,16.0,yearend2015-chartcalcs.ods,Sheet1,52,5,inverse_points_preserve_position
2015,2015-01,1,11,15,The Young and the Restless,15.0,yearend2015-chartcalcs.ods,Sheet1,58,5,inverse_points_preserve_position
2015,2015-01,1,12,14,Pretty Cure Splash Star,14.0,yearend2015-chartcalcs.ods,Sheet1,44,5,inverse_points_preserve_position
2015,2015-01,1,13,13,Sofia the First,13.0,yearend2015-chartcalcs.ods,Sheet1,49,5,inverse_points_preserve_position
2015,2015-01,1,14,12,Digimon Fusion,12.0,yearend2015-chartcalcs.ods,Sheet1,13,5,inverse_points_preserve_position
2015,2015-01,1,15,11,"Last Exile: Fam, the Silver Wing",11.0,yearend2015-chartcalcs.ods,Sheet1,31,5,inverse_points_preserve_position
2015,2015-01,1,16,10,Sonic Underground,10.0,yearend2015-chartcalcs.ods,Sheet1,51,5,inverse_points_preserve_position
2015,2015-01,1,17,9,Yes! PreCure 5/GoGo!,9.0,yearend2015-chartcalcs.ods,Sheet1,61,5,inverse_points_preserve_position
2015,2015-01,1,18,8,Law & Order: Special Victims Unit,8.0,yearend2015-chartcalcs.ods,Sheet1,32,5,inverse_points_preserve_position
2015,2015-01,1,19,7,TruTV Presents World’s Dumbest,7.0,yearend2015-chartcalcs.ods,Sheet1,59,5,inverse_points_preserve_position
2015,2015-01,1,20,6,Teenage Mutant Ninja Turtles (2012),6.0,yearend2015-chartcalcs.ods,Sheet1,54,5,inverse_points_preserve_position
2015,2015-01,1,21,5,In the Heat of the Night,5.0,yearend2015-chartcalcs.ods,Sheet1,26,5,inverse_points_preserve_position
2015,2015-01,1,22,4,My Little Pony: Friendship is Magic,4.0,yearend2015-chartcalcs.ods,Sheet1,39,5,inverse_points_preserve_position
2015,2015-01,1,23,3,Little Busters!,3.0,yearend2015-chartcalcs.ods,Sheet1,34,5,inverse_points_preserve_position
2015,2015-01,1,24,2,The Rose of Versailles,2.0,yearend2015-chartcalcs.ods,Sheet1,57,5,inverse_points_preserve_position
2015,2015-01,1,25,1,Ninja Scroll: The Series,1.0,yearend2015-chartcalcs.ods,Sheet1,41,5,inverse_points_preserve_position
2015,2015-02,2,1,25,Rail Wars!,25.0,yearend2015-chartcalcs.ods,Sheet1,45,6,inverse_points_preserve_position
2015,2015-02,2,2,24,Futari wa Pretty Cure,24.0,yearend2015-chartcalcs.ods,Sheet1,17,6,inverse_points_preserve_position
2015,2015-02,2,3,23,The Bold and the Beautiful,23.0,yearend2015-chartcalcs.ods,Sheet1,55,6,inverse_points_preserve_position
2015,2015-02,2,4,22,Law & Order: Special Victims Unit,22.0,yearend2015-chartcalcs.ods,Sheet1,32,6,inverse_points_preserve_position
2015,2015-02,2,5,21,Appleseed XIII,21.0,yearend2015-chartcalcs.ods,Sheet1,11,6,inverse_points_preserve_position
2015,2015-02,2,6,20,Happiness Charge PreCure!,20.0,yearend2015-chartcalcs.ods,Sheet1,21,6,inverse_points_preserve_position
2015,2015-02,2,7,19,The Young and the Restless,19.0,yearend2015-chartcalcs.ods,Sheet1,58,6,inverse_points_preserve_position
2015,2015-02,2,8,18,Teenage Mutant Ninja Turtles (2012),18.0,yearend2015-chartcalcs.ods,Sheet1,54,6,inverse_points_preserve_position
2015,2015-02,2,9,17,Hyakko,17.0,yearend2015-chartcalcs.ods,Sheet1,25,6,inverse_points_preserve_position
2015,2015-02,2,10,16,Yuyushiki,16.0,yearend2015-chartcalcs.ods,Sheet1,63,6,inverse_points_preserve_position
2015,2015-02,2,11,15,How It’s Made,15.0,yearend2015-chartcalcs.ods,Sheet1,24,6,inverse_points_preserve_position
2015,2015-02,2,12,14,Sonic Boom,14.0,yearend2015-chartcalcs.ods,Sheet1,50,6,inverse_points_preserve_position
2015,2015-02,2,13,13,Star Trek: The Next Generation,13.0,yearend2015-chartcalcs.ods,Sheet1,52,6,inverse_points_preserve_position
2015,2015-02,2,14,12,Sofia the First,12.0,yearend2015-chartcalcs.ods,Sheet1,49,6,inverse_points_preserve_position
2015,2015-02,2,15,11,Pretty Cure Splash Star,11.0,yearend2015-chartcalcs.ods,Sheet1,44,6,inverse_points_preserve_position
2015,2015-02,2,16,10,"Last Exile: Fam, the Silver Wing",10.0,yearend2015-chartcalcs.ods,Sheet1,31,6,inverse_points_preserve_position
2015,2015-02,2,17,9,Digimon Fusion,9.0,yearend2015-chartcalcs.ods,Sheet1,13,6,inverse_points_preserve_position
2015,2015-02,2,18,8,ReactToThat,8.0,yearend2015-chartcalcs.ods,Sheet1,46,6,inverse_points_preserve_position
2015,2015-02,2,19,7,Yes! PreCure 5/GoGo!,7.0,yearend2015-chartcalcs.ods,Sheet1,61,6,inverse_points_preserve_position
2015,2015-02,2,20,6,My Little Pony: Friendship is Magic,6.0,yearend2015-chartcalcs.ods,Sheet1,39,6,inverse_points_preserve_position
2015,2015-02,2,21,5,Little Busters!,5.0,yearend2015-chartcalcs.ods,Sheet1,34,6,inverse_points_preserve_position
2015,2015-02,2,22,4,In the Heat of the Night,4.0,yearend2015-chartcalcs.ods,Sheet1,26,6,inverse_points_preserve_position
2015,2015-02,2,23,3,TruTV Presents World’s Dumbest,3.0,yearend2015-chartcalcs.ods,Sheet1,59,6,inverse_points_preserve_position
2015,2015-02,2,24,2,The Rose of Versailles,2.0,yearend2015-chartcalcs.ods,Sheet1,57,6,inverse_points_preserve_position
2015,2015-02,2,25,1,Sonic Underground,1.0,yearend2015-chartcalcs.ods,Sheet1,51,6,inverse_points_preserve_position
2015,2015-03,3,1,25,Go! Princess PreCure,25.0,yearend2015-chartcalcs.ods,Sheet1,18,7,inverse_points_preserve_position
2015,2015-03,3,2,24,The Bold and the Beautiful,24.0,yearend2015-chartcalcs.ods,Sheet1,55,7,inverse_points_preserve_position
2015,2015-03,3,3,23,Futari wa Pretty Cure,23.0,yearend2015-chartcalcs.ods,Sheet1,17,7,inverse_points_preserve_position
2015,2015-03,3,4,22,Sonic Boom,22.0,yearend2015-chartcalcs.ods,Sheet1,50,7,inverse_points_preserve_position
2015,2015-03,3,5,21,Little Women,21.0,yearend2015-chartcalcs.ods,Sheet1,35,7,inverse_points_preserve_position
2015,2015-03,3,6,20,Law & Order: Special Victims Unit,20.0,yearend2015-chartcalcs.ods,Sheet1,32,7,inverse_points_preserve_position
2015,2015-03,3,7,19,Rail Wars!,19.0,yearend2015-chartcalcs.ods,Sheet1,45,7,inverse_points_preserve_position
2015,2015-03,3,8,18,How It’s Made,18.0,yearend2015-chartcalcs.ods,Sheet1,24,7,inverse_points_preserve_position
2015,2015-03,3,9,17,The Young and the Restless,17.0,yearend2015-chartcalcs.ods,Sheet1,58,7,inverse_points_preserve_position
2015,2015-03,3,10,16,Hack My Life,16.0,yearend2015-chartcalcs.ods,Sheet1,20,7,inverse_points_preserve_position
2015,2015-03,3,11,15,Sofia the First,15.0,yearend2015-chartcalcs.ods,Sheet1,49,7,inverse_points_preserve_position
2015,2015-03,3,12,14,Teenage Mutant Ninja Turtles (2012),14.0,yearend2015-chartcalcs.ods,Sheet1,54,7,inverse_points_preserve_position
2015,2015-03,3,13,13,Magi-Nation,13.0,yearend2015-chartcalcs.ods,Sheet1,37,7,inverse_points_preserve_position
2015,2015-03,3,14,12,Yes! PreCure 5/GoGo!,12.0,yearend2015-chartcalcs.ods,Sheet1,61,7,inverse_points_preserve_position
2015,2015-03,3,15,11,Yuyushiki,11.0,yearend2015-chartcalcs.ods,Sheet1,63,7,inverse_points_preserve_position
2015,2015-03,3,16,10,Hyakko,10.0,yearend2015-chartcalcs.ods,Sheet1,25,7,inverse_points_preserve_position
2015,2015-03,3,17,9,Happiness Charge PreCure!,9.0,yearend2015-chartcalcs.ods,Sheet1,21,7,inverse_points_preserve_position
2015,2015-03,3,18,8,Appleseed XIII,8.0,yearend2015-chartcalcs.ods,Sheet1,11,7,inverse_points_preserve_position
2015,2015-03,3,19,7,TruTV Presents World’s Dumbest,7.0,yearend2015-chartcalcs.ods,Sheet1,59,7,inverse_points_preserve_position
2015,2015-03,3,20,6,Star Trek: The Next Generation,6.0,yearend2015-chartcalcs.ods,Sheet1,52,7,inverse_points_preserve_position
2015,2015-03,3,21,5,My Little Pony: Friendship is Magic,5.0,yearend2015-chartcalcs.ods,Sheet1,39,7,inverse_points_preserve_position
2015,2015-03,3,22,4,Pretty Cure Splash Star,4.0,yearend2015-chartcalcs.ods,Sheet1,44,7,inverse_points_preserve_position
2015,2015-03,3,23,3,Little Busters!,3.0,yearend2015-chartcalcs.ods,Sheet1,34,7,inverse_points_preserve_position
2015,2015-03,3,24,2,"Last Exile: Fam, the Silver Wing",2.0,yearend2015-chartcalcs.ods,Sheet1,31,7,inverse_points_preserve_position
2015,2015-03,3,25,1,Digimon Fusion,1.0,yearend2015-chartcalcs.ods,Sheet1,13,7,inverse_points_preserve_position
2015,2015-04,4,1,25,Go! Princess PreCure,25.0,yearend2015-chartcalcs.ods,Sheet1,18,8,inverse_points_preserve_position
2015,2015-04,4,2,24,Sonic Boom,24.0,yearend2015-chartcalcs.ods,Sheet1,50,8,inverse_points_preserve_position
2015,2015-04,4,3,23,Futari wa Pretty Cure,23.0,yearend2015-chartcalcs.ods,Sheet1,17,8,inverse_points_preserve_position
2015,2015-04,4,4,22,Little Women,22.0,yearend2015-chartcalcs.ods,Sheet1,35,8,inverse_points_preserve_position
2015,2015-04,4,5,21,The Bold and the Beautiful,21.0,yearend2015-chartcalcs.ods,Sheet1,55,8,inverse_points_preserve_position
2015,2015-04,4,6,20,The Young and the Restless,20.0,yearend2015-chartcalcs.ods,Sheet1,58,8,inverse_points_preserve_position
2015,2015-04,4,7,19,Sofia the First,19.0,yearend2015-chartcalcs.ods,Sheet1,49,8,inverse_points_preserve_position
2015,2015-04,4,8,18,Law & Order: Special Victims Unit,18.0,yearend2015-chartcalcs.ods,Sheet1,32,8,inverse_points_preserve_position
2015,2015-04,4,9,17,How It’s Made,17.0,yearend2015-chartcalcs.ods,Sheet1,24,8,inverse_points_preserve_position
2015,2015-04,4,10,16,Hack My Life,16.0,yearend2015-chartcalcs.ods,Sheet1,20,8,inverse_points_preserve_position
2015,2015-04,4,11,15,Star Wars Rebels,15.0,yearend2015-chartcalcs.ods,Sheet1,53,8,inverse_points_preserve_position
2015,2015-04,4,12,14,Rail Wars!,14.0,yearend2015-chartcalcs.ods,Sheet1,45,8,inverse_points_preserve_position
2015,2015-04,4,13,13,Teenage Mutant Ninja Turtles (2012),13.0,yearend2015-chartcalcs.ods,Sheet1,54,8,inverse_points_preserve_position
2015,2015-04,4,14,12,Hyakko,12.0,yearend2015-chartcalcs.ods,Sheet1,25,8,inverse_points_preserve_position
2015,2015-04,4,15,11,Pretty Cure Splash Star,11.0,yearend2015-chartcalcs.ods,Sheet1,44,8,inverse_points_preserve_position
2015,2015-04,4,16,10,Yes! PreCure 5/GoGo!,10.0,yearend2015-chartcalcs.ods,Sheet1,61,8,inverse_points_preserve_position
2015,2015-04,4,17,9,My Little Pony: Friendship is Magic,9.0,yearend2015-chartcalcs.ods,Sheet1,39,8,inverse_points_preserve_position
2015,2015-04,4,18,8,Yuyushiki,8.0,yearend2015-chartcalcs.ods,Sheet1,63,8,inverse_points_preserve_position
2015,2015-04,4,19,7,Digimon Fusion,7.0,yearend2015-chartcalcs.ods,Sheet1,13,8,inverse_points_preserve_position
2015,2015-04,4,20,6,Happiness Charge PreCure!,6.0,yearend2015-chartcalcs.ods,Sheet1,21,8,inverse_points_preserve_position
2015,2015-04,4,21,5,Appleseed XIII,5.0,yearend2015-chartcalcs.ods,Sheet1,11,8,inverse_points_preserve_position
2015,2015-04,4,22,4,TruTV Presents World’s Dumbest,4.0,yearend2015-chartcalcs.ods,Sheet1,59,8,inverse_points_preserve_position
2015,2015-04,4,23,3,Star Trek: The Next Generation,3.0,yearend2015-chartcalcs.ods,Sheet1,52,8,inverse_points_preserve_position
2015,2015-04,4,24,2,Little Busters!,2.0,yearend2015-chartcalcs.ods,Sheet1,34,8,inverse_points_preserve_position
2015,2015-04,4,25,1,"Last Exile: Fam, the Silver Wing",1.0,yearend2015-chartcalcs.ods,Sheet1,31,8,inverse_points_preserve_position
2015,2015-05,5,1,25,How It’s Made,25.0,yearend2015-chartcalcs.ods,Sheet1,24,9,inverse_points_preserve_position
2015,2015-05,5,2,24,Go! Princess PreCure,24.0,yearend2015-chartcalcs.ods,Sheet1,18,9,inverse_points_preserve_position
2015,2015-05,5,3,23,Etotama,23.0,yearend2015-chartcalcs.ods,Sheet1,15,9,inverse_points_preserve_position
2015,2015-05,5,4,22,The Bold and the Beautiful,22.0,yearend2015-chartcalcs.ods,Sheet1,55,9,inverse_points_preserve_position
2015,2015-05,5,5,21,My Little Pony: Friendship is Magic,21.0,yearend2015-chartcalcs.ods,Sheet1,39,9,inverse_points_preserve_position
2015,2015-05,5,6,20,The Young and the Restless,20.0,yearend2015-chartcalcs.ods,Sheet1,58,9,inverse_points_preserve_position
2015,2015-05,5,7,19,Digimon Fusion,19.0,yearend2015-chartcalcs.ods,Sheet1,13,9,inverse_points_preserve_position
2015,2015-05,5,8,18,Mission-E,18.0,yearend2015-chartcalcs.ods,Sheet1,38,9,inverse_points_preserve_position
2015,2015-05,5,9,17,Sofia the First,17.0,yearend2015-chartcalcs.ods,Sheet1,49,9,inverse_points_preserve_position
2015,2015-05,5,10,16,Star Wars Rebels,16.0,yearend2015-chartcalcs.ods,Sheet1,53,9,inverse_points_preserve_position
2015,2015-05,5,11,15,Law & Order: Special Victims Unit,15.0,yearend2015-chartcalcs.ods,Sheet1,32,9,inverse_points_preserve_position
2015,2015-05,5,12,14,Hyakko,14.0,yearend2015-chartcalcs.ods,Sheet1,25,9,inverse_points_preserve_position
2015,2015-05,5,13,13,Futari wa Pretty Cure,13.0,yearend2015-chartcalcs.ods,Sheet1,17,9,inverse_points_preserve_position
2015,2015-05,5,14,12,Yona of the Dawn,12.0,yearend2015-chartcalcs.ods,Sheet1,62,9,inverse_points_preserve_position
2015,2015-05,5,15,11,Sonic Boom,11.0,yearend2015-chartcalcs.ods,Sheet1,50,9,inverse_points_preserve_position
2015,2015-05,5,16,10,In the Heat of the Night,10.0,yearend2015-chartcalcs.ods,Sheet1,26,9,inverse_points_preserve_position
2015,2015-05,5,17,9,Hack My Life,9.0,yearend2015-chartcalcs.ods,Sheet1,20,9,inverse_points_preserve_position
2015,2015-05,5,18,8,Little Women,8.0,yearend2015-chartcalcs.ods,Sheet1,35,9,inverse_points_preserve_position
2015,2015-05,5,19,7,TruTV Presents World’s Dumbest,7.0,yearend2015-chartcalcs.ods,Sheet1,59,9,inverse_points_preserve_position
2015,2015-05,5,20,6,Rail Wars!,6.0,yearend2015-chartcalcs.ods,Sheet1,45,9,inverse_points_preserve_position
2015,2015-05,5,21,5,Star Trek: The Next Generation,5.0,yearend2015-chartcalcs.ods,Sheet1,52,9,inverse_points_preserve_position
2015,2015-05,5,22,4,Yes! PreCure 5/GoGo!,4.0,yearend2015-chartcalcs.ods,Sheet1,61,9,inverse_points_preserve_position
2015,2015-05,5,23,3,Teenage Mutant Ninja Turtles (2012),3.0,yearend2015-chartcalcs.ods,Sheet1,54,9,inverse_points_preserve_position
2015,2015-05,5,24,2,Pretty Cure Splash Star,2.0,yearend2015-chartcalcs.ods,Sheet1,44,9,inverse_points_preserve_position
2015,2015-05,5,25,1,Happiness Charge PreCure!,1.0,yearend2015-chartcalcs.ods,Sheet1,21,9,inverse_points_preserve_position
2015,2015-06,6,1,25,Etotama,25.0,yearend2015-chartcalcs.ods,Sheet1,15,10,inverse_points_preserve_position
2015,2015-06,6,2,24,Go! Princess PreCure,24.0,yearend2015-chartcalcs.ods,Sheet1,18,10,inverse_points_preserve_position
2015,2015-06,6,3,23,The Bold and the Beautiful,23.0,yearend2015-chartcalcs.ods,Sheet1,55,10,inverse_points_preserve_position
2015,2015-06,6,4,22,How It’s Made,22.0,yearend2015-chartcalcs.ods,Sheet1,24,10,inverse_points_preserve_position
2015,2015-06,6,5,21,The Young and the Restless,21.0,yearend2015-chartcalcs.ods,Sheet1,58,10,inverse_points_preserve_position
2015,2015-06,6,6,20,My Little Pony: Friendship is Magic,20.0,yearend2015-chartcalcs.ods,Sheet1,39,10,inverse_points_preserve_position
2015,2015-06,6,7,19,TruTV Presents World’s Dumbest,19.0,yearend2015-chartcalcs.ods,Sheet1,59,10,inverse_points_preserve_position
2015,2015-06,6,8,18,Vampire Princess Miyu,18.0,yearend2015-chartcalcs.ods,Sheet1,60,10,inverse_points_preserve_position
2015,2015-06,6,9,17,Mission-E,17.0,yearend2015-chartcalcs.ods,Sheet1,38,10,inverse_points_preserve_position
2015,2015-06,6,10,16,Sofia the First,16.0,yearend2015-chartcalcs.ods,Sheet1,49,10,inverse_points_preserve_position
2015,2015-06,6,11,15,In the Heat of the Night,15.0,yearend2015-chartcalcs.ods,Sheet1,26,10,inverse_points_preserve_position
2015,2015-06,6,12,14,Digimon Fusion,14.0,yearend2015-chartcalcs.ods,Sheet1,13,10,inverse_points_preserve_position
2015,2015-06,6,13,13,Futari wa Pretty Cure,13.0,yearend2015-chartcalcs.ods,Sheet1,17,10,inverse_points_preserve_position
2015,2015-06,6,14,12,Hyakko,12.0,yearend2015-chartcalcs.ods,Sheet1,25,10,inverse_points_preserve_position
2015,2015-06,6,15,11,Star Wars Rebels,11.0,yearend2015-chartcalcs.ods,Sheet1,53,10,inverse_points_preserve_position
2015,2015-06,6,16,10,Lucky Star,10.0,yearend2015-chartcalcs.ods,Sheet1,36,10,inverse_points_preserve_position
2015,2015-06,6,17,9,Teenage Mutant Ninja Turtles (2012),9.0,yearend2015-chartcalcs.ods,Sheet1,54,10,inverse_points_preserve_position
2015,2015-06,6,18,8,Sonic Boom,8.0,yearend2015-chartcalcs.ods,Sheet1,50,10,inverse_points_preserve_position
2015,2015-06,6,19,7,Law & Order: Special Victims Unit,7.0,yearend2015-chartcalcs.ods,Sheet1,32,10,inverse_points_preserve_position
2015,2015-06,6,20,6,Yona of the Dawn,6.0,yearend2015-chartcalcs.ods,Sheet1,62,10,inverse_points_preserve_position
2015,2015-06,6,21,5,Star Trek: The Next Generation,5.0,yearend2015-chartcalcs.ods,Sheet1,52,10,inverse_points_preserve_position
2015,2015-06,6,22,4,Noir,4.0,yearend2015-chartcalcs.ods,Sheet1,42,10,inverse_points_preserve_position
2015,2015-06,6,23,3,Little Women,3.0,yearend2015-chartcalcs.ods,Sheet1,35,10,inverse_points_preserve_position
2015,2015-06,6,24,2,Hack My Life,2.0,yearend2015-chartcalcs.ods,Sheet1,20,10,inverse_points_preserve_position
2015,2015-06,6,25,1,Rail Wars!,1.0,yearend2015-chartcalcs.ods,Sheet1,45,10,inverse_points_preserve_position
2015,2015-07,7,1,25,Etotama,25.0,yearend2015-chartcalcs.ods,Sheet1,15,11,inverse_points_preserve_position
2015,2015-07,7,2,24,How It’s Made,24.0,yearend2015-chartcalcs.ods,Sheet1,24,11,inverse_points_preserve_position
2015,2015-07,7,3,23,Go! Princess PreCure,23.0,yearend2015-chartcalcs.ods,Sheet1,18,11,inverse_points_preserve_position
2015,2015-07,7,4,22,The Disappearance of Nagato Yuki,22.0,yearend2015-chartcalcs.ods,Sheet1,56,11,inverse_points_preserve_position
2015,2015-07,7,5,21,My Little Pony: Friendship is Magic,21.0,yearend2015-chartcalcs.ods,Sheet1,39,11,inverse_points_preserve_position
2015,2015-07,7,6,20,El Cazador de la Bruja,20.0,yearend2015-chartcalcs.ods,Sheet1,14,11,inverse_points_preserve_position
2015,2015-07,7,7,19,TruTV Presents World’s Dumbest,19.0,yearend2015-chartcalcs.ods,Sheet1,59,11,inverse_points_preserve_position
2015,2015-07,7,8,18,009-1,18.0,yearend2015-chartcalcs.ods,Sheet1,9,11,inverse_points_preserve_position
2015,2015-07,7,9,17,The Young and the Restless,17.0,yearend2015-chartcalcs.ods,Sheet1,58,11,inverse_points_preserve_position
2015,2015-07,7,10,16,The Bold and the Beautiful,16.0,yearend2015-chartcalcs.ods,Sheet1,55,11,inverse_points_preserve_position
2015,2015-07,7,11,15,Mission-E,15.0,yearend2015-chartcalcs.ods,Sheet1,38,11,inverse_points_preserve_position
2015,2015-07,7,12,14,Sofia the First,14.0,yearend2015-chartcalcs.ods,Sheet1,49,11,inverse_points_preserve_position
2015,2015-07,7,13,13,Kids on the Slope,13.0,yearend2015-chartcalcs.ods,Sheet1,28,11,inverse_points_preserve_position
2015,2015-07,7,14,12,In the Heat of the Night,12.0,yearend2015-chartcalcs.ods,Sheet1,26,11,inverse_points_preserve_position
2015,2015-07,7,15,11,Lucky Star,11.0,yearend2015-chartcalcs.ods,Sheet1,36,11,inverse_points_preserve_position
2015,2015-07,7,16,10,Futari wa Pretty Cure,10.0,yearend2015-chartcalcs.ods,Sheet1,17,11,inverse_points_preserve_position
2015,2015-07,7,17,9,Sisterhood of Hip Hop,9.0,yearend2015-chartcalcs.ods,Sheet1,48,11,inverse_points_preserve_position
2015,2015-07,7,18,8,Star Trek: The Next Generation,8.0,yearend2015-chartcalcs.ods,Sheet1,52,11,inverse_points_preserve_position
2015,2015-07,7,19,7,Hyakko,7.0,yearend2015-chartcalcs.ods,Sheet1,25,11,inverse_points_preserve_position
2015,2015-07,7,20,6,Digimon Fusion,6.0,yearend2015-chartcalcs.ods,Sheet1,13,11,inverse_points_preserve_position
2015,2015-07,7,21,5,Vampire Princess Miyu,5.0,yearend2015-chartcalcs.ods,Sheet1,60,11,inverse_points_preserve_position
2015,2015-07,7,22,4,Noir,4.0,yearend2015-chartcalcs.ods,Sheet1,42,11,inverse_points_preserve_position
2015,2015-07,7,23,3,Sonic Boom,3.0,yearend2015-chartcalcs.ods,Sheet1,50,11,inverse_points_preserve_position
2015,2015-07,7,24,2,Star Wars Rebels,2.0,yearend2015-chartcalcs.ods,Sheet1,53,11,inverse_points_preserve_position
2015,2015-07,7,25,1,Teenage Mutant Ninja Turtles (2012),1.0,yearend2015-chartcalcs.ods,Sheet1,54,11,inverse_points_preserve_position
2015,2015-08,8,1,25,Go! Princess PreCure,25.0,yearend2015-chartcalcs.ods,Sheet1,18,12,inverse_points_preserve_position
2015,2015-08,8,2,24,The Young and the Restless,24.0,yearend2015-chartcalcs.ods,Sheet1,58,12,inverse_points_preserve_position
2015,2015-08,8,3,23,Etotama,23.0,yearend2015-chartcalcs.ods,Sheet1,15,12,inverse_points_preserve_position
2015,2015-08,8,4,22,My Little Pony: Friendship is Magic,22.0,yearend2015-chartcalcs.ods,Sheet1,39,12,inverse_points_preserve_position
2015,2015-08,8,5,21,Sofia the First,21.0,yearend2015-chartcalcs.ods,Sheet1,49,12,inverse_points_preserve_position
2015,2015-08,8,6,20,How It’s Made,20.0,yearend2015-chartcalcs.ods,Sheet1,24,12,inverse_points_preserve_position
2015,2015-08,8,7,19,The Bold and the Beautiful,19.0,yearend2015-chartcalcs.ods,Sheet1,55,12,inverse_points_preserve_position
2015,2015-08,8,8,18,The Disappearance of Nagato Yuki,18.0,yearend2015-chartcalcs.ods,Sheet1,56,12,inverse_points_preserve_position
2015,2015-08,8,9,17,Sonic Boom,17.0,yearend2015-chartcalcs.ods,Sheet1,50,12,inverse_points_preserve_position
2015,2015-08,8,10,16,Kin-iro Mosaic,16.0,yearend2015-chartcalcs.ods,Sheet1,29,12,inverse_points_preserve_position
2015,2015-08,8,11,15,TruTV Presents World’s Dumbest,15.0,yearend2015-chartcalcs.ods,Sheet1,59,12,inverse_points_preserve_position
2015,2015-08,8,12,14,Digimon Fusion,14.0,yearend2015-chartcalcs.ods,Sheet1,13,12,inverse_points_preserve_position
2015,2015-08,8,13,13,009-1,13.0,yearend2015-chartcalcs.ods,Sheet1,9,12,inverse_points_preserve_position
2015,2015-08,8,14,12,In the Heat of the Night,12.0,yearend2015-chartcalcs.ods,Sheet1,26,12,inverse_points_preserve_position
2015,2015-08,8,15,11,El Cazador de la Bruja,11.0,yearend2015-chartcalcs.ods,Sheet1,14,12,inverse_points_preserve_position
2015,2015-08,8,16,10,Mission-E,10.0,yearend2015-chartcalcs.ods,Sheet1,38,12,inverse_points_preserve_position
2015,2015-08,8,17,9,Lucky Star,9.0,yearend2015-chartcalcs.ods,Sheet1,36,12,inverse_points_preserve_position
2015,2015-08,8,18,8,Jungle Book (2015),8.0,yearend2015-chartcalcs.ods,Sheet1,27,12,inverse_points_preserve_position
2015,2015-08,8,19,7,Hyakko,7.0,yearend2015-chartcalcs.ods,Sheet1,25,12,inverse_points_preserve_position
2015,2015-08,8,20,6,Classroom Crisis,6.0,yearend2015-chartcalcs.ods,Sheet1,12,12,inverse_points_preserve_position
2015,2015-08,8,21,5,Hidamari Sketch,5.0,yearend2015-chartcalcs.ods,Sheet1,23,12,inverse_points_preserve_position
2015,2015-08,8,22,4,Star Trek: The Next Generation,4.0,yearend2015-chartcalcs.ods,Sheet1,52,12,inverse_points_preserve_position
2015,2015-08,8,23,3,Sisterhood of Hip Hop,3.0,yearend2015-chartcalcs.ods,Sheet1,48,12,inverse_points_preserve_position
2015,2015-08,8,24,2,Kids on the Slope,2.0,yearend2015-chartcalcs.ods,Sheet1,28,12,inverse_points_preserve_position
2015,2015-08,8,25,1,Teenage Mutant Ninja Turtles (2012),1.0,yearend2015-chartcalcs.ods,Sheet1,54,12,inverse_points_preserve_position
2015,2015-09,9,1,25,Kin-iro Mosaic,25.0,yearend2015-chartcalcs.ods,Sheet1,29,13,inverse_points_preserve_position
2015,2015-09,9,2,24,Go! Princess PreCure,24.0,yearend2015-chartcalcs.ods,Sheet1,18,13,inverse_points_preserve_position
2015,2015-09,9,3,23,How It’s Made,23.0,yearend2015-chartcalcs.ods,Sheet1,24,13,inverse_points_preserve_position
2015,2015-09,9,4,22,Etotama,22.0,yearend2015-chartcalcs.ods,Sheet1,15,13,inverse_points_preserve_position
2015,2015-09,9,5,21,The Bold and the Beautiful,21.0,yearend2015-chartcalcs.ods,Sheet1,55,13,inverse_points_preserve_position
2015,2015-09,9,6,20,ALVINNN!!! and the Chipmunks,20.0,yearend2015-chartcalcs.ods,Sheet1,10,13,inverse_points_preserve_position
2015,2015-09,9,7,19,Sofia the First,19.0,yearend2015-chartcalcs.ods,Sheet1,49,13,inverse_points_preserve_position
2015,2015-09,9,8,18,Jungle Book (2015),18.0,yearend2015-chartcalcs.ods,Sheet1,27,13,inverse_points_preserve_position
2015,2015-09,9,9,17,Les Miserables: Shoujo Cosette,17.0,yearend2015-chartcalcs.ods,Sheet1,33,13,inverse_points_preserve_position
2015,2015-09,9,10,16,My Little Pony: Friendship is Magic,16.0,yearend2015-chartcalcs.ods,Sheet1,39,13,inverse_points_preserve_position
2015,2015-09,9,11,15,Hetalia,15.0,yearend2015-chartcalcs.ods,Sheet1,22,13,inverse_points_preserve_position
2015,2015-09,9,12,14,TruTV Presents World’s Dumbest,14.0,yearend2015-chartcalcs.ods,Sheet1,59,13,inverse_points_preserve_position
2015,2015-09,9,13,13,009-1,13.0,yearend2015-chartcalcs.ods,Sheet1,9,13,inverse_points_preserve_position
2015,2015-09,9,14,12,Digimon Fusion,12.0,yearend2015-chartcalcs.ods,Sheet1,13,13,inverse_points_preserve_position
2015,2015-09,9,15,11,The Young and the Restless,11.0,yearend2015-chartcalcs.ods,Sheet1,58,13,inverse_points_preserve_position
2015,2015-09,9,16,10,Sonic Boom,10.0,yearend2015-chartcalcs.ods,Sheet1,50,13,inverse_points_preserve_position
2015,2015-09,9,17,9,The Disappearance of Nagato Yuki,9.0,yearend2015-chartcalcs.ods,Sheet1,56,13,inverse_points_preserve_position
2015,2015-09,9,18,8,Star Trek: The Next Generation,8.0,yearend2015-chartcalcs.ods,Sheet1,52,13,inverse_points_preserve_position
2015,2015-09,9,19,7,In the Heat of the Night,7.0,yearend2015-chartcalcs.ods,Sheet1,26,13,inverse_points_preserve_position
2015,2015-09,9,20,6,Teenage Mutant Ninja Turtles (2012),6.0,yearend2015-chartcalcs.ods,Sheet1,54,13,inverse_points_preserve_position
2015,2015-09,9,21,5,Hyakko,5.0,yearend2015-chartcalcs.ods,Sheet1,25,13,inverse_points_preserve_position
2015,2015-09,9,22,4,Running Wild with Bear Grylls,4.0,yearend2015-chartcalcs.ods,Sheet1,47,13,inverse_points_preserve_position
2015,2015-09,9,23,3,Mission-E,3.0,yearend2015-chartcalcs.ods,Sheet1,38,13,inverse_points_preserve_position
2015,2015-09,9,24,2,El Cazador de la Bruja,2.0,yearend2015-chartcalcs.ods,Sheet1,14,13,inverse_points_preserve_position
2015,2015-09,9,25,1,Hidamari Sketch,1.0,yearend2015-chartcalcs.ods,Sheet1,23,13,inverse_points_preserve_position
2015,2015-10,10,1,25,Hetalia,25.0,yearend2015-chartcalcs.ods,Sheet1,22,14,inverse_points_preserve_position
2015,2015-10,10,2,24,Kin-iro Mosaic,24.0,yearend2015-chartcalcs.ods,Sheet1,29,14,inverse_points_preserve_position
2015,2015-10,10,3,23,How It’s Made,23.0,yearend2015-chartcalcs.ods,Sheet1,24,14,inverse_points_preserve_position
2015,2015-10,10,4,22,Evolution of Evil,22.0,yearend2015-chartcalcs.ods,Sheet1,16,14,inverse_points_preserve_position
2015,2015-10,10,5,21,My Little Pony: Friendship is Magic,21.0,yearend2015-chartcalcs.ods,Sheet1,39,14,inverse_points_preserve_position
2015,2015-10,10,6,20,ALVINNN!!! and the Chipmunks,20.0,yearend2015-chartcalcs.ods,Sheet1,10,14,inverse_points_preserve_position
2015,2015-10,10,7,19,Nightwalker: The Midnight Detective,19.0,yearend2015-chartcalcs.ods,Sheet1,40,14,inverse_points_preserve_position
2015,2015-10,10,8,18,Go! Princess PreCure,18.0,yearend2015-chartcalcs.ods,Sheet1,18,14,inverse_points_preserve_position
2015,2015-10,10,9,17,Etotama,17.0,yearend2015-chartcalcs.ods,Sheet1,15,14,inverse_points_preserve_position
2015,2015-10,10,10,16,Kurogane Communication,16.0,yearend2015-chartcalcs.ods,Sheet1,30,14,inverse_points_preserve_position
2015,2015-10,10,11,15,Jungle Book (2015),15.0,yearend2015-chartcalcs.ods,Sheet1,27,14,inverse_points_preserve_position
2015,2015-10,10,12,14,Star Trek: The Next Generation,14.0,yearend2015-chartcalcs.ods,Sheet1,52,14,inverse_points_preserve_position
2015,2015-10,10,13,13,The Bold and the Beautiful,13.0,yearend2015-chartcalcs.ods,Sheet1,55,14,inverse_points_preserve_position
2015,2015-10,10,14,12,Sonic Boom,12.0,yearend2015-chartcalcs.ods,Sheet1,50,14,inverse_points_preserve_position
2015,2015-10,10,15,11,Les Miserables: Shoujo Cosette,11.0,yearend2015-chartcalcs.ods,Sheet1,33,14,inverse_points_preserve_position
2015,2015-10,10,16,10,The Young and the Restless,10.0,yearend2015-chartcalcs.ods,Sheet1,58,14,inverse_points_preserve_position
2015,2015-10,10,17,9,Pani Poni Dash!,9.0,yearend2015-chartcalcs.ods,Sheet1,43,14,inverse_points_preserve_position
2015,2015-10,10,18,8,Digimon Fusion,8.0,yearend2015-chartcalcs.ods,Sheet1,13,14,inverse_points_preserve_position
2015,2015-10,10,19,7,009-1,7.0,yearend2015-chartcalcs.ods,Sheet1,9,14,inverse_points_preserve_position
2015,2015-10,10,20,6,In the Heat of the Night,6.0,yearend2015-chartcalcs.ods,Sheet1,26,14,inverse_points_preserve_position
2015,2015-10,10,21,5,Teenage Mutant Ninja Turtles (2012),5.0,yearend2015-chartcalcs.ods,Sheet1,54,14,inverse_points_preserve_position
2015,2015-10,10,22,4,Sofia the First,4.0,yearend2015-chartcalcs.ods,Sheet1,49,14,inverse_points_preserve_position
2015,2015-10,10,23,3,Running Wild with Bear Grylls,3.0,yearend2015-chartcalcs.ods,Sheet1,47,14,inverse_points_preserve_position
2015,2015-10,10,24,2,TruTV Presents World’s Dumbest,2.0,yearend2015-chartcalcs.ods,Sheet1,59,14,inverse_points_preserve_position
2015,2015-10,10,25,1,The Disappearance of Nagato Yuki,1.0,yearend2015-chartcalcs.ods,Sheet1,56,14,inverse_points_preserve_position
2015,2015-11,11,1,25,Hetalia,25.0,yearend2015-chartcalcs.ods,Sheet1,22,15,inverse_points_preserve_position
2015,2015-11,11,2,24,Kin-iro Mosaic,24.0,yearend2015-chartcalcs.ods,Sheet1,29,15,inverse_points_preserve_position
2015,2015-11,11,3,23,The Young and the Restless,23.0,yearend2015-chartcalcs.ods,Sheet1,58,15,inverse_points_preserve_position
2015,2015-11,11,4,22,My Little Pony: Friendship is Magic,22.0,yearend2015-chartcalcs.ods,Sheet1,39,15,inverse_points_preserve_position
2015,2015-11,11,5,21,Nightwalker: The Midnight Detective,21.0,yearend2015-chartcalcs.ods,Sheet1,40,15,inverse_points_preserve_position
2015,2015-11,11,6,20,How It’s Made,20.0,yearend2015-chartcalcs.ods,Sheet1,24,15,inverse_points_preserve_position
2015,2015-11,11,7,19,Go! Princess PreCure,19.0,yearend2015-chartcalcs.ods,Sheet1,18,15,inverse_points_preserve_position
2015,2015-11,11,8,18,The Bold and the Beautiful,18.0,yearend2015-chartcalcs.ods,Sheet1,55,15,inverse_points_preserve_position
2015,2015-11,11,9,17,Gourmet Girl Graffiti,17.0,yearend2015-chartcalcs.ods,Sheet1,19,15,inverse_points_preserve_position
2015,2015-11,11,10,16,Star Trek: The Next Generation,16.0,yearend2015-chartcalcs.ods,Sheet1,52,15,inverse_points_preserve_position
2015,2015-11,11,11,15,Etotama,15.0,yearend2015-chartcalcs.ods,Sheet1,15,15,inverse_points_preserve_position
2015,2015-11,11,12,14,Sofia the First,14.0,yearend2015-chartcalcs.ods,Sheet1,49,15,inverse_points_preserve_position
2015,2015-11,11,13,13,ALVINNN!!! and the Chipmunks,13.0,yearend2015-chartcalcs.ods,Sheet1,10,15,inverse_points_preserve_position
2015,2015-11,11,14,12,Teenage Mutant Ninja Turtles (2012),12.0,yearend2015-chartcalcs.ods,Sheet1,54,15,inverse_points_preserve_position
2015,2015-11,11,15,11,Hack My Life,11.0,yearend2015-chartcalcs.ods,Sheet1,20,15,inverse_points_preserve_position
2015,2015-11,11,16,10,Jungle Book (2015),10.0,yearend2015-chartcalcs.ods,Sheet1,27,15,inverse_points_preserve_position
2015,2015-11,11,17,9,Kurogane Communication,9.0,yearend2015-chartcalcs.ods,Sheet1,30,15,inverse_points_preserve_position
2015,2015-11,11,18,8,Sonic Boom,8.0,yearend2015-chartcalcs.ods,Sheet1,50,15,inverse_points_preserve_position
2015,2015-11,11,19,7,In the Heat of the Night,7.0,yearend2015-chartcalcs.ods,Sheet1,26,15,inverse_points_preserve_position
2015,2015-11,11,20,6,Evolution of Evil,6.0,yearend2015-chartcalcs.ods,Sheet1,16,15,inverse_points_preserve_position
2015,2015-11,11,21,5,Pani Poni Dash!,5.0,yearend2015-chartcalcs.ods,Sheet1,43,15,inverse_points_preserve_position
2015,2015-11,11,22,4,Les Miserables: Shoujo Cosette,4.0,yearend2015-chartcalcs.ods,Sheet1,33,15,inverse_points_preserve_position
2015,2015-11,11,23,3,009-1,3.0,yearend2015-chartcalcs.ods,Sheet1,9,15,inverse_points_preserve_position
2015,2015-11,11,24,2,TruTV Presents World’s Dumbest,2.0,yearend2015-chartcalcs.ods,Sheet1,59,15,inverse_points_preserve_position
2015,2015-11,11,25,1,Digimon Fusion,1.0,yearend2015-chartcalcs.ods,Sheet1,13,15,inverse_points_preserve_position
2015,2015-12,12,1,25,My Little Pony: Friendship is Magic,25.0,yearend2015-chartcalcs.ods,Sheet1,39,16,inverse_points_preserve_position
2015,2015-12,12,2,24,The Young and the Restless,24.0,yearend2015-chartcalcs.ods,Sheet1,58,16,inverse_points_preserve_position
2015,2015-12,12,3,23,Hetalia,23.0,yearend2015-chartcalcs.ods,Sheet1,22,16,inverse_points_preserve_position
2015,2015-12,12,4,22,Gourmet Girl Graffiti,22.0,yearend2015-chartcalcs.ods,Sheet1,19,16,inverse_points_preserve_position
2015,2015-12,12,5,21,How It’s Made,21.0,yearend2015-chartcalcs.ods,Sheet1,24,16,inverse_points_preserve_position
2015,2015-12,12,6,20,Kin-iro Mosaic,20.0,yearend2015-chartcalcs.ods,Sheet1,29,16,inverse_points_preserve_position
2015,2015-12,12,7,19,ALVINNN!!! and the Chipmunks,19.0,yearend2015-chartcalcs.ods,Sheet1,10,16,inverse_points_preserve_position
2015,2015-12,12,8,18,Etotama,18.0,yearend2015-chartcalcs.ods,Sheet1,15,16,inverse_points_preserve_position
2015,2015-12,12,9,17,The Bold and the Beautiful,17.0,yearend2015-chartcalcs.ods,Sheet1,55,16,inverse_points_preserve_position
2015,2015-12,12,10,16,Sonic Boom,16.0,yearend2015-chartcalcs.ods,Sheet1,50,16,inverse_points_preserve_position
2015,2015-12,12,11,15,Sofia the First,15.0,yearend2015-chartcalcs.ods,Sheet1,49,16,inverse_points_preserve_position
2015,2015-12,12,12,14,Teenage Mutant Ninja Turtles (2012),14.0,yearend2015-chartcalcs.ods,Sheet1,54,16,inverse_points_preserve_position
2015,2015-12,12,13,13,Star Trek: The Next Generation,13.0,yearend2015-chartcalcs.ods,Sheet1,52,16,inverse_points_preserve_position
2015,2015-12,12,14,12,Nightwalker: The Midnight Detective,12.0,yearend2015-chartcalcs.ods,Sheet1,40,16,inverse_points_preserve_position
2015,2015-12,12,15,11,Go! Princess PreCure,11.0,yearend2015-chartcalcs.ods,Sheet1,18,16,inverse_points_preserve_position
2015,2015-12,12,16,10,Jungle Book (2015),10.0,yearend2015-chartcalcs.ods,Sheet1,27,16,inverse_points_preserve_position
2015,2015-12,12,17,9,Kurogane Communication,9.0,yearend2015-chartcalcs.ods,Sheet1,30,16,inverse_points_preserve_position
2015,2015-12,12,18,8,Hack My Life,8.0,yearend2015-chartcalcs.ods,Sheet1,20,16,inverse_points_preserve_position
2015,2015-12,12,19,7,In the Heat of the Night,7.0,yearend2015-chartcalcs.ods,Sheet1,26,16,inverse_points_preserve_position
2015,2015-12,12,20,6,Yes! PreCure 5/GoGo!,6.0,yearend2015-chartcalcs.ods,Sheet1,61,16,inverse_points_preserve_position
2015,2015-12,12,21,5,TruTV Presents World’s Dumbest,5.0,yearend2015-chartcalcs.ods,Sheet1,59,16,inverse_points_preserve_position
2015,2015-12,12,22,4,Pani Poni Dash!,4.0,yearend2015-chartcalcs.ods,Sheet1,43,16,inverse_points_preserve_position
2015,2015-12,12,23,3,Les Miserables: Shoujo Cosette,3.0,yearend2015-chartcalcs.ods,Sheet1,33,16,inverse_points_preserve_position
2015,2015-12,12,24,2,009-1,2.0,yearend2015-chartcalcs.ods,Sheet1,9,16,inverse_points_preserve_position
2015,2015-12,12,25,1,Evolution of Evil,1.0,yearend2015-chartcalcs.ods,Sheet1,16,16,inverse_points_preserve_position
2016,2016-01,1,1,25,GA: Geijutsuka Art Design Class,25.0,yearend2016-chartcalcs.ods,Sheet1,27,5,inverse_points_preserve_position
2016,2016-01,1,2,24,The Young and the Restless,24.0,yearend2016-chartcalcs.ods,Sheet1,11,5,inverse_points_preserve_position
2016,2016-01,1,3,23,Etotama,23.0,yearend2016-chartcalcs.ods,Sheet1,30,5,inverse_points_preserve_position
2016,2016-01,1,4,22,Gakkou Gurashi!,22.0,yearend2016-chartcalcs.ods,Sheet1,41,5,inverse_points_preserve_position
2016,2016-01,1,5,21,How It’s Made,21.0,yearend2016-chartcalcs.ods,Sheet1,14,5,inverse_points_preserve_position
2016,2016-01,1,6,20,Star Trek: The Next Generation,20.0,yearend2016-chartcalcs.ods,Sheet1,15,5,inverse_points_preserve_position
2016,2016-01,1,7,19,Lucha Underground,19.0,yearend2016-chartcalcs.ods,Sheet1,10,5,inverse_points_preserve_position
2016,2016-01,1,8,18,Yes! PreCure 5/GoGo!,18.0,yearend2016-chartcalcs.ods,Sheet1,31,5,inverse_points_preserve_position
2016,2016-01,1,9,17,Hetalia,17.0,yearend2016-chartcalcs.ods,Sheet1,32,5,inverse_points_preserve_position
2016,2016-01,1,10,16,My Little Pony: Friendship is Magic,16.0,yearend2016-chartcalcs.ods,Sheet1,9,5,inverse_points_preserve_position
2016,2016-01,1,11,15,Gourmet Girl Graffiti,15.0,yearend2016-chartcalcs.ods,Sheet1,35,5,inverse_points_preserve_position
2016,2016-01,1,12,14,Snapped,14.0,yearend2016-chartcalcs.ods,Sheet1,49,5,inverse_points_preserve_position
2016,2016-01,1,13,13,Sofia the First,13.0,yearend2016-chartcalcs.ods,Sheet1,22,5,inverse_points_preserve_position
2016,2016-01,1,14,12,ALVINNN!!! And the Chipmunks,12.0,yearend2016-chartcalcs.ods,Sheet1,19,5,inverse_points_preserve_position
2016,2016-01,1,15,11,The Bold and the Beautiful,11.0,yearend2016-chartcalcs.ods,Sheet1,12,5,inverse_points_preserve_position
2016,2016-01,1,16,10,Kin-iro Mosaic,10.0,yearend2016-chartcalcs.ods,Sheet1,38,5,inverse_points_preserve_position
2016,2016-01,1,17,9,Kurogane Communication,9.0,yearend2016-chartcalcs.ods,Sheet1,52,5,inverse_points_preserve_position
2016,2016-01,1,18,8,Go! Princess PreCure,8.0,yearend2016-chartcalcs.ods,Sheet1,45,5,inverse_points_preserve_position
2016,2016-01,1,19,7,Fantastic Children,7.0,yearend2016-chartcalcs.ods,Sheet1,21,5,inverse_points_preserve_position
2016,2016-01,1,20,6,TruTV Presents World’s Dumbest,6.0,yearend2016-chartcalcs.ods,Sheet1,42,5,inverse_points_preserve_position
2016,2016-01,1,21,5,In the Heat of the Night,5.0,yearend2016-chartcalcs.ods,Sheet1,26,5,inverse_points_preserve_position
2016,2016-01,1,22,4,Nightwalker: The Midnight Detective,4.0,yearend2016-chartcalcs.ods,Sheet1,55,5,inverse_points_preserve_position
2016,2016-01,1,23,3,Teenage Mutant Ninja Turtles (2012),3.0,yearend2016-chartcalcs.ods,Sheet1,24,5,inverse_points_preserve_position
2016,2016-01,1,24,2,Jungle Book (2015),2.0,yearend2016-chartcalcs.ods,Sheet1,56,5,inverse_points_preserve_position
2016,2016-01,1,25,1,Sonic Boom,1.0,yearend2016-chartcalcs.ods,Sheet1,57,5,inverse_points_preserve_position
2016,2016-02,2,1,25,Fantastic Children,25.0,yearend2016-chartcalcs.ods,Sheet1,21,6,inverse_points_preserve_position
2016,2016-02,2,2,24,The Young and the Restless,24.0,yearend2016-chartcalcs.ods,Sheet1,11,6,inverse_points_preserve_position
2016,2016-02,2,3,23,My Little Pony: Friendship is Magic,23.0,yearend2016-chartcalcs.ods,Sheet1,9,6,inverse_points_preserve_position
2016,2016-02,2,4,22,The Bold and the Beautiful,22.0,yearend2016-chartcalcs.ods,Sheet1,12,6,inverse_points_preserve_position
2016,2016-02,2,5,21,GA: Geijutsuka Art Design Class,21.0,yearend2016-chartcalcs.ods,Sheet1,27,6,inverse_points_preserve_position
2016,2016-02,2,6,20,The Lion Guard,20.0,yearend2016-chartcalcs.ods,Sheet1,17,6,inverse_points_preserve_position
2016,2016-02,2,7,19,Star Wars Rebels,19.0,yearend2016-chartcalcs.ods,Sheet1,13,6,inverse_points_preserve_position
2016,2016-02,2,8,18,Gakkou Gurashi!,18.0,yearend2016-chartcalcs.ods,Sheet1,41,6,inverse_points_preserve_position
2016,2016-02,2,9,17,Lucha Underground,17.0,yearend2016-chartcalcs.ods,Sheet1,10,6,inverse_points_preserve_position
2016,2016-02,2,10,16,Gourmet Girl Graffiti,16.0,yearend2016-chartcalcs.ods,Sheet1,35,6,inverse_points_preserve_position
2016,2016-02,2,11,15,How It’s Made,15.0,yearend2016-chartcalcs.ods,Sheet1,14,6,inverse_points_preserve_position
2016,2016-02,2,12,14,Adventure Time,14.0,yearend2016-chartcalcs.ods,Sheet1,46,6,inverse_points_preserve_position
2016,2016-02,2,13,13,Yes! PreCure 5/GoGo!,13.0,yearend2016-chartcalcs.ods,Sheet1,31,6,inverse_points_preserve_position
2016,2016-02,2,14,12,Sofia the First,12.0,yearend2016-chartcalcs.ods,Sheet1,22,6,inverse_points_preserve_position
2016,2016-02,2,15,11,Etotama,11.0,yearend2016-chartcalcs.ods,Sheet1,30,6,inverse_points_preserve_position
2016,2016-02,2,16,10,Hetalia,10.0,yearend2016-chartcalcs.ods,Sheet1,32,6,inverse_points_preserve_position
2016,2016-02,2,17,9,ALVINNN!!! And the Chipmunks,9.0,yearend2016-chartcalcs.ods,Sheet1,19,6,inverse_points_preserve_position
2016,2016-02,2,18,8,Go! Princess PreCure,8.0,yearend2016-chartcalcs.ods,Sheet1,45,6,inverse_points_preserve_position
2016,2016-02,2,19,7,Kin-iro Mosaic,7.0,yearend2016-chartcalcs.ods,Sheet1,38,6,inverse_points_preserve_position
2016,2016-02,2,20,6,TruTV Presents World’s Dumbest,6.0,yearend2016-chartcalcs.ods,Sheet1,42,6,inverse_points_preserve_position
2016,2016-02,2,21,5,In the Heat of the Night,5.0,yearend2016-chartcalcs.ods,Sheet1,26,6,inverse_points_preserve_position
2016,2016-02,2,22,4,Kurogane Communication,4.0,yearend2016-chartcalcs.ods,Sheet1,52,6,inverse_points_preserve_position
2016,2016-02,2,23,3,Star Trek: The Next Generation,3.0,yearend2016-chartcalcs.ods,Sheet1,15,6,inverse_points_preserve_position
2016,2016-02,2,24,2,Teenage Mutant Ninja Turtles (2012),2.0,yearend2016-chartcalcs.ods,Sheet1,24,6,inverse_points_preserve_position
2016,2016-02,2,25,1,Snapped,1.0,yearend2016-chartcalcs.ods,Sheet1,49,6,inverse_points_preserve_position
2016,2016-03,3,1,25,Lucha Underground,25.0,yearend2016-chartcalcs.ods,Sheet1,10,7,inverse_points_preserve_position
2016,2016-03,3,2,24,Star Wars Rebels,24.0,yearend2016-chartcalcs.ods,Sheet1,13,7,inverse_points_preserve_position
2016,2016-03,3,3,23,Fantastic Children,23.0,yearend2016-chartcalcs.ods,Sheet1,21,7,inverse_points_preserve_position
2016,2016-03,3,4,22,The Young and the Restless,22.0,yearend2016-chartcalcs.ods,Sheet1,11,7,inverse_points_preserve_position
2016,2016-03,3,5,21,Revolutionary Girl Utena,21.0,yearend2016-chartcalcs.ods,Sheet1,16,7,inverse_points_preserve_position
2016,2016-03,3,6,20,The Lion Guard,20.0,yearend2016-chartcalcs.ods,Sheet1,17,7,inverse_points_preserve_position
2016,2016-03,3,7,19,My Little Pony: Friendship is Magic,19.0,yearend2016-chartcalcs.ods,Sheet1,9,7,inverse_points_preserve_position
2016,2016-03,3,8,18,Snow White with the Red Hair,18.0,yearend2016-chartcalcs.ods,Sheet1,44,7,inverse_points_preserve_position
2016,2016-03,3,9,17,How It’s Made,17.0,yearend2016-chartcalcs.ods,Sheet1,14,7,inverse_points_preserve_position
2016,2016-03,3,10,16,Law & Order: Special Victims Unit,16.0,yearend2016-chartcalcs.ods,Sheet1,20,7,inverse_points_preserve_position
2016,2016-03,3,11,15,GA: Geijutsuka Art Design Class,15.0,yearend2016-chartcalcs.ods,Sheet1,27,7,inverse_points_preserve_position
2016,2016-03,3,12,14,The Bold and the Beautiful,14.0,yearend2016-chartcalcs.ods,Sheet1,12,7,inverse_points_preserve_position
2016,2016-03,3,13,13,Gourmet Girl Graffiti,13.0,yearend2016-chartcalcs.ods,Sheet1,35,7,inverse_points_preserve_position
2016,2016-03,3,14,12,Magi-Nation,12.0,yearend2016-chartcalcs.ods,Sheet1,53,7,inverse_points_preserve_position
2016,2016-03,3,15,11,In the Heat of the Night,11.0,yearend2016-chartcalcs.ods,Sheet1,26,7,inverse_points_preserve_position
2016,2016-03,3,16,10,Sofia the First,10.0,yearend2016-chartcalcs.ods,Sheet1,22,7,inverse_points_preserve_position
2016,2016-03,3,17,9,ALVINNN!!! And the Chipmunks,9.0,yearend2016-chartcalcs.ods,Sheet1,19,7,inverse_points_preserve_position
2016,2016-03,3,18,8,Go! Princess PreCure,8.0,yearend2016-chartcalcs.ods,Sheet1,45,7,inverse_points_preserve_position
2016,2016-03,3,19,7,Hetalia,7.0,yearend2016-chartcalcs.ods,Sheet1,32,7,inverse_points_preserve_position
2016,2016-03,3,20,6,Etotama,6.0,yearend2016-chartcalcs.ods,Sheet1,30,7,inverse_points_preserve_position
2016,2016-03,3,21,5,Star Trek: The Next Generation,5.0,yearend2016-chartcalcs.ods,Sheet1,15,7,inverse_points_preserve_position
2016,2016-03,3,22,4,Kin-iro Mosaic,4.0,yearend2016-chartcalcs.ods,Sheet1,38,7,inverse_points_preserve_position
2016,2016-03,3,23,3,Gakkou Gurashi!,3.0,yearend2016-chartcalcs.ods,Sheet1,41,7,inverse_points_preserve_position
2016,2016-03,3,24,2,Yes! PreCure 5/GoGo!,2.0,yearend2016-chartcalcs.ods,Sheet1,31,7,inverse_points_preserve_position
2016,2016-03,3,25,1,TruTV Presents World’s Dumbest,1.0,yearend2016-chartcalcs.ods,Sheet1,42,7,inverse_points_preserve_position
2016,2016-04,4,1,25,Revolutionary Girl Utena,25.0,yearend2016-chartcalcs.ods,Sheet1,16,8,inverse_points_preserve_position
2016,2016-04,4,2,24,Lucha Underground,24.0,yearend2016-chartcalcs.ods,Sheet1,10,8,inverse_points_preserve_position
2016,2016-04,4,3,23,Star Wars Rebels,23.0,yearend2016-chartcalcs.ods,Sheet1,13,8,inverse_points_preserve_position
2016,2016-04,4,4,22,The Young and the Restless,22.0,yearend2016-chartcalcs.ods,Sheet1,11,8,inverse_points_preserve_position
2016,2016-04,4,5,21,Fantastic Children,21.0,yearend2016-chartcalcs.ods,Sheet1,21,8,inverse_points_preserve_position
2016,2016-04,4,6,20,The Bold and the Beautiful,20.0,yearend2016-chartcalcs.ods,Sheet1,12,8,inverse_points_preserve_position
2016,2016-04,4,7,19,Maho Girls PreCure!,19.0,yearend2016-chartcalcs.ods,Sheet1,18,8,inverse_points_preserve_position
2016,2016-04,4,8,18,Law & Order: Special Victims Unit,18.0,yearend2016-chartcalcs.ods,Sheet1,20,8,inverse_points_preserve_position
2016,2016-04,4,9,17,How It’s Made,17.0,yearend2016-chartcalcs.ods,Sheet1,14,8,inverse_points_preserve_position
2016,2016-04,4,10,16,The Lion Guard,16.0,yearend2016-chartcalcs.ods,Sheet1,17,8,inverse_points_preserve_position
2016,2016-04,4,11,15,In the Heat of the Night,15.0,yearend2016-chartcalcs.ods,Sheet1,26,8,inverse_points_preserve_position
2016,2016-04,4,12,14,My Little Pony: Friendship is Magic,14.0,yearend2016-chartcalcs.ods,Sheet1,9,8,inverse_points_preserve_position
2016,2016-04,4,13,13,GA: Geijutsuka Art Design Class,13.0,yearend2016-chartcalcs.ods,Sheet1,27,8,inverse_points_preserve_position
2016,2016-04,4,14,12,Dora & Friends: Into the City,12.0,yearend2016-chartcalcs.ods,Sheet1,34,8,inverse_points_preserve_position
2016,2016-04,4,15,11,Snow White with the Red Hair,11.0,yearend2016-chartcalcs.ods,Sheet1,44,8,inverse_points_preserve_position
2016,2016-04,4,16,10,Gourmet Girl Graffiti,10.0,yearend2016-chartcalcs.ods,Sheet1,35,8,inverse_points_preserve_position
2016,2016-04,4,17,9,Kin-iro Mosaic,9.0,yearend2016-chartcalcs.ods,Sheet1,38,8,inverse_points_preserve_position
2016,2016-04,4,18,8,Sofia the First,8.0,yearend2016-chartcalcs.ods,Sheet1,22,8,inverse_points_preserve_position
2016,2016-04,4,19,7,ALVINNN!!! And the Chipmunks,7.0,yearend2016-chartcalcs.ods,Sheet1,19,8,inverse_points_preserve_position
2016,2016-04,4,20,6,Star Trek: The Next Generation,6.0,yearend2016-chartcalcs.ods,Sheet1,15,8,inverse_points_preserve_position
2016,2016-04,4,21,5,Etotama,5.0,yearend2016-chartcalcs.ods,Sheet1,30,8,inverse_points_preserve_position
2016,2016-04,4,22,4,Hetalia,4.0,yearend2016-chartcalcs.ods,Sheet1,32,8,inverse_points_preserve_position
2016,2016-04,4,23,3,Go! Princess PreCure,3.0,yearend2016-chartcalcs.ods,Sheet1,45,8,inverse_points_preserve_position
2016,2016-04,4,24,2,Gakkou Gurashi!,2.0,yearend2016-chartcalcs.ods,Sheet1,41,8,inverse_points_preserve_position
2016,2016-04,4,25,1,TruTV Presents World’s Dumbest,1.0,yearend2016-chartcalcs.ods,Sheet1,42,8,inverse_points_preserve_position
2016,2016-05,5,1,25,Maho Girls PreCure!,25.0,yearend2016-chartcalcs.ods,Sheet1,18,9,inverse_points_preserve_position
2016,2016-05,5,2,24,My Little Pony: Friendship is Magic,24.0,yearend2016-chartcalcs.ods,Sheet1,9,9,inverse_points_preserve_position
2016,2016-05,5,3,23,The Bold and the Beautiful,23.0,yearend2016-chartcalcs.ods,Sheet1,12,9,inverse_points_preserve_position
2016,2016-05,5,4,22,Revolutionary Girl Utena,22.0,yearend2016-chartcalcs.ods,Sheet1,16,9,inverse_points_preserve_position
2016,2016-05,5,5,21,Lucha Underground,21.0,yearend2016-chartcalcs.ods,Sheet1,10,9,inverse_points_preserve_position
2016,2016-05,5,6,20,How It’s Made,20.0,yearend2016-chartcalcs.ods,Sheet1,14,9,inverse_points_preserve_position
2016,2016-05,5,7,19,The Young and the Restless,19.0,yearend2016-chartcalcs.ods,Sheet1,11,9,inverse_points_preserve_position
2016,2016-05,5,8,18,The Lion Guard,18.0,yearend2016-chartcalcs.ods,Sheet1,17,9,inverse_points_preserve_position
2016,2016-05,5,9,17,Rush Hour,17.0,yearend2016-chartcalcs.ods,Sheet1,40,9,inverse_points_preserve_position
2016,2016-05,5,10,16,Star Wars Rebels,16.0,yearend2016-chartcalcs.ods,Sheet1,13,9,inverse_points_preserve_position
2016,2016-05,5,11,15,In the Heat of the Night,15.0,yearend2016-chartcalcs.ods,Sheet1,26,9,inverse_points_preserve_position
2016,2016-05,5,12,14,Dora & Friends: Into the City,14.0,yearend2016-chartcalcs.ods,Sheet1,34,9,inverse_points_preserve_position
2016,2016-05,5,13,13,Law & Order: Special Victims Unit,13.0,yearend2016-chartcalcs.ods,Sheet1,20,9,inverse_points_preserve_position
2016,2016-05,5,14,12,Fantastic Children,12.0,yearend2016-chartcalcs.ods,Sheet1,21,9,inverse_points_preserve_position
2016,2016-05,5,15,11,Sofia the First,11.0,yearend2016-chartcalcs.ods,Sheet1,22,9,inverse_points_preserve_position
2016,2016-05,5,16,10,GA: Geijutsuka Art Design Class,10.0,yearend2016-chartcalcs.ods,Sheet1,27,9,inverse_points_preserve_position
2016,2016-05,5,17,9,Kin-iro Mosaic,9.0,yearend2016-chartcalcs.ods,Sheet1,38,9,inverse_points_preserve_position
2016,2016-05,5,18,8,Gourmet Girl Graffiti,8.0,yearend2016-chartcalcs.ods,Sheet1,35,9,inverse_points_preserve_position
2016,2016-05,5,19,7,Star Trek: The Next Generation,7.0,yearend2016-chartcalcs.ods,Sheet1,15,9,inverse_points_preserve_position
2016,2016-05,5,20,6,Hetalia,6.0,yearend2016-chartcalcs.ods,Sheet1,32,9,inverse_points_preserve_position
2016,2016-05,5,21,5,TruTV Presents World’s Dumbest,5.0,yearend2016-chartcalcs.ods,Sheet1,42,9,inverse_points_preserve_position
2016,2016-05,5,22,4,Snow White with the Red Hair,4.0,yearend2016-chartcalcs.ods,Sheet1,44,9,inverse_points_preserve_position
2016,2016-05,5,23,3,Etotama,3.0,yearend2016-chartcalcs.ods,Sheet1,30,9,inverse_points_preserve_position
2016,2016-05,5,24,2,Gakkou Gurashi!,2.0,yearend2016-chartcalcs.ods,Sheet1,41,9,inverse_points_preserve_position
2016,2016-05,5,25,1,ALVINNN!!! And the Chipmunks,1.0,yearend2016-chartcalcs.ods,Sheet1,19,9,inverse_points_preserve_position
2016,2016-06,6,1,25,Anne Happy,25.0,yearend2016-chartcalcs.ods,Sheet1,25,10,inverse_points_preserve_position
2016,2016-06,6,2,24,Lucha Underground,24.0,yearend2016-chartcalcs.ods,Sheet1,10,10,inverse_points_preserve_position
2016,2016-06,6,3,23,The Young and the Restless,23.0,yearend2016-chartcalcs.ods,Sheet1,11,10,inverse_points_preserve_position
2016,2016-06,6,4,22,My Little Pony: Friendship is Magic,22.0,yearend2016-chartcalcs.ods,Sheet1,9,10,inverse_points_preserve_position
2016,2016-06,6,5,21,The Bold and the Beautiful,21.0,yearend2016-chartcalcs.ods,Sheet1,12,10,inverse_points_preserve_position
2016,2016-06,6,6,20,Is The Order A Rabbit?,20.0,yearend2016-chartcalcs.ods,Sheet1,33,10,inverse_points_preserve_position
2016,2016-06,6,7,19,Maho Girls PreCure!,19.0,yearend2016-chartcalcs.ods,Sheet1,18,10,inverse_points_preserve_position
2016,2016-06,6,8,18,In the Heat of the Night,18.0,yearend2016-chartcalcs.ods,Sheet1,26,10,inverse_points_preserve_position
2016,2016-06,6,9,17,Dora & Friends: Into the City,17.0,yearend2016-chartcalcs.ods,Sheet1,34,10,inverse_points_preserve_position
2016,2016-06,6,10,16,How It’s Made,16.0,yearend2016-chartcalcs.ods,Sheet1,14,10,inverse_points_preserve_position
2016,2016-06,6,11,15,Law & Order: Special Victims Unit,15.0,yearend2016-chartcalcs.ods,Sheet1,20,10,inverse_points_preserve_position
2016,2016-06,6,12,14,Revolutionary Girl Utena,14.0,yearend2016-chartcalcs.ods,Sheet1,16,10,inverse_points_preserve_position
2016,2016-06,6,13,13,The Lion Guard,13.0,yearend2016-chartcalcs.ods,Sheet1,17,10,inverse_points_preserve_position
2016,2016-06,6,14,12,Rush Hour,12.0,yearend2016-chartcalcs.ods,Sheet1,40,10,inverse_points_preserve_position
2016,2016-06,6,15,11,Star Wars Rebels,11.0,yearend2016-chartcalcs.ods,Sheet1,13,10,inverse_points_preserve_position
2016,2016-06,6,16,10,Sofia the First,10.0,yearend2016-chartcalcs.ods,Sheet1,22,10,inverse_points_preserve_position
2016,2016-06,6,17,9,Star Trek: The Next Generation,9.0,yearend2016-chartcalcs.ods,Sheet1,15,10,inverse_points_preserve_position
2016,2016-06,6,18,8,Fantastic Children,8.0,yearend2016-chartcalcs.ods,Sheet1,21,10,inverse_points_preserve_position
2016,2016-06,6,19,7,TruTV Presents World’s Dumbest,7.0,yearend2016-chartcalcs.ods,Sheet1,42,10,inverse_points_preserve_position
2016,2016-06,6,20,6,Hetalia,6.0,yearend2016-chartcalcs.ods,Sheet1,32,10,inverse_points_preserve_position
2016,2016-06,6,21,5,Kin-iro Mosaic,5.0,yearend2016-chartcalcs.ods,Sheet1,38,10,inverse_points_preserve_position
2016,2016-06,6,22,4,GA: Geijutsuka Art Design Class,4.0,yearend2016-chartcalcs.ods,Sheet1,27,10,inverse_points_preserve_position
2016,2016-06,6,23,3,Gourmet Girl Graffiti,3.0,yearend2016-chartcalcs.ods,Sheet1,35,10,inverse_points_preserve_position
2016,2016-06,6,24,2,ALVINNN!!! And the Chipmunks,2.0,yearend2016-chartcalcs.ods,Sheet1,19,10,inverse_points_preserve_position
2016,2016-06,6,25,1,Etotama,1.0,yearend2016-chartcalcs.ods,Sheet1,30,10,inverse_points_preserve_position
2016,2016-07,7,1,25,Anne Happy,25.0,yearend2016-chartcalcs.ods,Sheet1,25,11,inverse_points_preserve_position
2016,2016-07,7,2,24,The Bold and the Beautiful,24.0,yearend2016-chartcalcs.ods,Sheet1,12,11,inverse_points_preserve_position
2016,2016-07,7,3,23,My Little Pony: Friendship is Magic,23.0,yearend2016-chartcalcs.ods,Sheet1,9,11,inverse_points_preserve_position
2016,2016-07,7,4,22,Star Trek: The Next Generation,22.0,yearend2016-chartcalcs.ods,Sheet1,15,11,inverse_points_preserve_position
2016,2016-07,7,5,21,Maho Girls PreCure!,21.0,yearend2016-chartcalcs.ods,Sheet1,18,11,inverse_points_preserve_position
2016,2016-07,7,6,20,How It’s Made,20.0,yearend2016-chartcalcs.ods,Sheet1,14,11,inverse_points_preserve_position
2016,2016-07,7,7,19,The Young and the Restless,19.0,yearend2016-chartcalcs.ods,Sheet1,11,11,inverse_points_preserve_position
2016,2016-07,7,8,18,Is The Order A Rabbit?,18.0,yearend2016-chartcalcs.ods,Sheet1,33,11,inverse_points_preserve_position
2016,2016-07,7,9,17,Lucha Underground,17.0,yearend2016-chartcalcs.ods,Sheet1,10,11,inverse_points_preserve_position
2016,2016-07,7,10,16,In the Heat of the Night,16.0,yearend2016-chartcalcs.ods,Sheet1,26,11,inverse_points_preserve_position
2016,2016-07,7,11,15,Dora & Friends: Into the City,15.0,yearend2016-chartcalcs.ods,Sheet1,34,11,inverse_points_preserve_position
2016,2016-07,7,12,14,Sofia the First,14.0,yearend2016-chartcalcs.ods,Sheet1,22,11,inverse_points_preserve_position
2016,2016-07,7,13,13,Yes! PreCure 5/GoGo!,13.0,yearend2016-chartcalcs.ods,Sheet1,31,11,inverse_points_preserve_position
2016,2016-07,7,14,12,Law & Order: Special Victims Unit,12.0,yearend2016-chartcalcs.ods,Sheet1,20,11,inverse_points_preserve_position
2016,2016-07,7,15,11,Revolutionary Girl Utena,11.0,yearend2016-chartcalcs.ods,Sheet1,16,11,inverse_points_preserve_position
2016,2016-07,7,16,10,The Lion Guard,10.0,yearend2016-chartcalcs.ods,Sheet1,17,11,inverse_points_preserve_position
2016,2016-07,7,17,9,Hetalia,9.0,yearend2016-chartcalcs.ods,Sheet1,32,11,inverse_points_preserve_position
2016,2016-07,7,18,8,Star Wars Rebels,8.0,yearend2016-chartcalcs.ods,Sheet1,13,11,inverse_points_preserve_position
2016,2016-07,7,19,7,TruTV Presents World’s Dumbest,7.0,yearend2016-chartcalcs.ods,Sheet1,42,11,inverse_points_preserve_position
2016,2016-07,7,20,6,Fantastic Children,6.0,yearend2016-chartcalcs.ods,Sheet1,21,11,inverse_points_preserve_position
2016,2016-07,7,21,5,Kin-iro Mosaic,5.0,yearend2016-chartcalcs.ods,Sheet1,38,11,inverse_points_preserve_position
2016,2016-07,7,22,4,The New Adventures of Peter Pan,4.0,yearend2016-chartcalcs.ods,Sheet1,23,11,inverse_points_preserve_position
2016,2016-07,7,23,3,ALVINNN!!! And the Chipmunks,3.0,yearend2016-chartcalcs.ods,Sheet1,19,11,inverse_points_preserve_position
2016,2016-07,7,24,2,Rush Hour,2.0,yearend2016-chartcalcs.ods,Sheet1,40,11,inverse_points_preserve_position
2016,2016-07,7,25,1,Etotama,1.0,yearend2016-chartcalcs.ods,Sheet1,30,11,inverse_points_preserve_position
2016,2016-08,8,1,25,Anne Happy,25.0,yearend2016-chartcalcs.ods,Sheet1,25,12,inverse_points_preserve_position
2016,2016-08,8,2,24,The Young and the Restless,24.0,yearend2016-chartcalcs.ods,Sheet1,11,12,inverse_points_preserve_position
2016,2016-08,8,3,23,Flying Witch,23.0,yearend2016-chartcalcs.ods,Sheet1,29,12,inverse_points_preserve_position
2016,2016-08,8,4,22,How It’s Made,22.0,yearend2016-chartcalcs.ods,Sheet1,14,12,inverse_points_preserve_position
2016,2016-08,8,5,21,The Bold and the Beautiful,21.0,yearend2016-chartcalcs.ods,Sheet1,12,12,inverse_points_preserve_position
2016,2016-08,8,6,20,Lucha Underground,20.0,yearend2016-chartcalcs.ods,Sheet1,10,12,inverse_points_preserve_position
2016,2016-08,8,7,19,My Little Pony: Friendship is Magic,19.0,yearend2016-chartcalcs.ods,Sheet1,9,12,inverse_points_preserve_position
2016,2016-08,8,8,18,Maho Girls PreCure!,18.0,yearend2016-chartcalcs.ods,Sheet1,18,12,inverse_points_preserve_position
2016,2016-08,8,9,17,Star Trek: The Next Generation,17.0,yearend2016-chartcalcs.ods,Sheet1,15,12,inverse_points_preserve_position
2016,2016-08,8,10,16,The New Adventures of Peter Pan,16.0,yearend2016-chartcalcs.ods,Sheet1,23,12,inverse_points_preserve_position
2016,2016-08,8,11,15,The Lion Guard,15.0,yearend2016-chartcalcs.ods,Sheet1,17,12,inverse_points_preserve_position
2016,2016-08,8,12,14,Revolutionary Girl Utena,14.0,yearend2016-chartcalcs.ods,Sheet1,16,12,inverse_points_preserve_position
2016,2016-08,8,13,13,Sofia the First,13.0,yearend2016-chartcalcs.ods,Sheet1,22,12,inverse_points_preserve_position
2016,2016-08,8,14,12,Is The Order A Rabbit?,12.0,yearend2016-chartcalcs.ods,Sheet1,33,12,inverse_points_preserve_position
2016,2016-08,8,15,11,In the Heat of the Night,11.0,yearend2016-chartcalcs.ods,Sheet1,26,12,inverse_points_preserve_position
2016,2016-08,8,16,10,Dora & Friends: Into the City,10.0,yearend2016-chartcalcs.ods,Sheet1,34,12,inverse_points_preserve_position
2016,2016-08,8,17,9,Yes! PreCure 5/GoGo!,9.0,yearend2016-chartcalcs.ods,Sheet1,31,12,inverse_points_preserve_position
2016,2016-08,8,18,8,Beautiful Bones,8.0,yearend2016-chartcalcs.ods,Sheet1,51,12,inverse_points_preserve_position
2016,2016-08,8,19,7,Hetalia,7.0,yearend2016-chartcalcs.ods,Sheet1,32,12,inverse_points_preserve_position
2016,2016-08,8,20,6,Law & Order: Special Victims Unit,6.0,yearend2016-chartcalcs.ods,Sheet1,20,12,inverse_points_preserve_position
2016,2016-08,8,21,5,Star Wars Rebels,5.0,yearend2016-chartcalcs.ods,Sheet1,13,12,inverse_points_preserve_position
2016,2016-08,8,22,4,Kin-iro Mosaic,4.0,yearend2016-chartcalcs.ods,Sheet1,38,12,inverse_points_preserve_position
2016,2016-08,8,23,3,Fantastic Children,3.0,yearend2016-chartcalcs.ods,Sheet1,21,12,inverse_points_preserve_position
2016,2016-08,8,24,2,ALVINNN!!! And the Chipmunks,2.0,yearend2016-chartcalcs.ods,Sheet1,19,12,inverse_points_preserve_position
2016,2016-08,8,25,1,Etotama,1.0,yearend2016-chartcalcs.ods,Sheet1,30,12,inverse_points_preserve_position
2016,2016-09,9,1,25,My Little Pony: Friendship is Magic,25.0,yearend2016-chartcalcs.ods,Sheet1,9,13,inverse_points_preserve_position
2016,2016-09,9,2,24,The Bold and the Beautiful,24.0,yearend2016-chartcalcs.ods,Sheet1,12,13,inverse_points_preserve_position
2016,2016-09,9,3,23,Flying Witch,23.0,yearend2016-chartcalcs.ods,Sheet1,29,13,inverse_points_preserve_position
2016,2016-09,9,4,22,The Young and the Restless,22.0,yearend2016-chartcalcs.ods,Sheet1,11,13,inverse_points_preserve_position
2016,2016-09,9,5,21,Maho Girls PreCure!,21.0,yearend2016-chartcalcs.ods,Sheet1,18,13,inverse_points_preserve_position
2016,2016-09,9,6,20,ALVINNN!!! And the Chipmunks,20.0,yearend2016-chartcalcs.ods,Sheet1,19,13,inverse_points_preserve_position
2016,2016-09,9,7,19,Dawn of the Croods,19.0,yearend2016-chartcalcs.ods,Sheet1,37,13,inverse_points_preserve_position
2016,2016-09,9,8,18,How It’s Made,18.0,yearend2016-chartcalcs.ods,Sheet1,14,13,inverse_points_preserve_position
2016,2016-09,9,9,17,Kumamiko: Girl Meets Bear,17.0,yearend2016-chartcalcs.ods,Sheet1,28,13,inverse_points_preserve_position
2016,2016-09,9,10,16,The Lion Guard,16.0,yearend2016-chartcalcs.ods,Sheet1,17,13,inverse_points_preserve_position
2016,2016-09,9,11,15,Anne Happy,15.0,yearend2016-chartcalcs.ods,Sheet1,25,13,inverse_points_preserve_position
2016,2016-09,9,12,14,The New Adventures of Peter Pan,14.0,yearend2016-chartcalcs.ods,Sheet1,23,13,inverse_points_preserve_position
2016,2016-09,9,13,13,Lucha Underground,13.0,yearend2016-chartcalcs.ods,Sheet1,10,13,inverse_points_preserve_position
2016,2016-09,9,14,12,Star Trek: The Next Generation,12.0,yearend2016-chartcalcs.ods,Sheet1,15,13,inverse_points_preserve_position
2016,2016-09,9,15,11,Sofia the First,11.0,yearend2016-chartcalcs.ods,Sheet1,22,13,inverse_points_preserve_position
2016,2016-09,9,16,10,Is The Order A Rabbit?,10.0,yearend2016-chartcalcs.ods,Sheet1,33,13,inverse_points_preserve_position
2016,2016-09,9,17,9,Revolutionary Girl Utena,9.0,yearend2016-chartcalcs.ods,Sheet1,16,13,inverse_points_preserve_position
2016,2016-09,9,18,8,In the Heat of the Night,8.0,yearend2016-chartcalcs.ods,Sheet1,26,13,inverse_points_preserve_position
2016,2016-09,9,19,7,Hetalia,7.0,yearend2016-chartcalcs.ods,Sheet1,32,13,inverse_points_preserve_position
2016,2016-09,9,20,6,Law & Order: Special Victims Unit,6.0,yearend2016-chartcalcs.ods,Sheet1,20,13,inverse_points_preserve_position
2016,2016-09,9,21,5,Yes! PreCure 5/GoGo!,5.0,yearend2016-chartcalcs.ods,Sheet1,31,13,inverse_points_preserve_position
2016,2016-09,9,22,4,Star Wars Rebels,4.0,yearend2016-chartcalcs.ods,Sheet1,13,13,inverse_points_preserve_position
2016,2016-09,9,23,3,Fantastic Children,3.0,yearend2016-chartcalcs.ods,Sheet1,21,13,inverse_points_preserve_position
2016,2016-09,9,24,2,Beautiful Bones,2.0,yearend2016-chartcalcs.ods,Sheet1,51,13,inverse_points_preserve_position
2016,2016-09,9,25,1,Kin-iro Mosaic,1.0,yearend2016-chartcalcs.ods,Sheet1,38,13,inverse_points_preserve_position
2016,2016-10,10,1,25,My Little Pony: Friendship is Magic,25.0,yearend2016-chartcalcs.ods,Sheet1,9,14,inverse_points_preserve_position
2016,2016-10,10,2,24,The Young and the Restless,24.0,yearend2016-chartcalcs.ods,Sheet1,11,14,inverse_points_preserve_position
2016,2016-10,10,3,23,Kumamiko: Girl Meets Bear,23.0,yearend2016-chartcalcs.ods,Sheet1,28,14,inverse_points_preserve_position
2016,2016-10,10,4,22,Wild West C.O.W.-Boys of Moo Mesa,22.0,yearend2016-chartcalcs.ods,Sheet1,36,14,inverse_points_preserve_position
2016,2016-10,10,5,21,How It’s Made,21.0,yearend2016-chartcalcs.ods,Sheet1,14,14,inverse_points_preserve_position
2016,2016-10,10,6,20,Teenage Mutant Ninja Turtles (2012),20.0,yearend2016-chartcalcs.ods,Sheet1,24,14,inverse_points_preserve_position
2016,2016-10,10,7,19,The Bold and the Beautiful,19.0,yearend2016-chartcalcs.ods,Sheet1,12,14,inverse_points_preserve_position
2016,2016-10,10,8,18,Flying Witch,18.0,yearend2016-chartcalcs.ods,Sheet1,29,14,inverse_points_preserve_position
2016,2016-10,10,9,17,Lucha Underground,17.0,yearend2016-chartcalcs.ods,Sheet1,10,14,inverse_points_preserve_position
2016,2016-10,10,10,16,Maho Girls PreCure!,16.0,yearend2016-chartcalcs.ods,Sheet1,18,14,inverse_points_preserve_position
2016,2016-10,10,11,15,The Lion Guard,15.0,yearend2016-chartcalcs.ods,Sheet1,17,14,inverse_points_preserve_position
2016,2016-10,10,12,14,ALVINNN!!! And the Chipmunks,14.0,yearend2016-chartcalcs.ods,Sheet1,19,14,inverse_points_preserve_position
2016,2016-10,10,13,13,Law & Order: Special Victims Unit,13.0,yearend2016-chartcalcs.ods,Sheet1,20,14,inverse_points_preserve_position
2016,2016-10,10,14,12,Star Trek: The Next Generation,12.0,yearend2016-chartcalcs.ods,Sheet1,15,14,inverse_points_preserve_position
2016,2016-10,10,15,11,Star Wars Rebels,11.0,yearend2016-chartcalcs.ods,Sheet1,13,14,inverse_points_preserve_position
2016,2016-10,10,16,10,Dawn of the Croods,10.0,yearend2016-chartcalcs.ods,Sheet1,37,14,inverse_points_preserve_position
2016,2016-10,10,17,9,Revolutionary Girl Utena,9.0,yearend2016-chartcalcs.ods,Sheet1,16,14,inverse_points_preserve_position
2016,2016-10,10,18,8,Anne Happy,8.0,yearend2016-chartcalcs.ods,Sheet1,25,14,inverse_points_preserve_position
2016,2016-10,10,19,7,Sofia the First,7.0,yearend2016-chartcalcs.ods,Sheet1,22,14,inverse_points_preserve_position
2016,2016-10,10,20,6,In the Heat of the Night,6.0,yearend2016-chartcalcs.ods,Sheet1,26,14,inverse_points_preserve_position
2016,2016-10,10,21,5,Is The Order A Rabbit?,5.0,yearend2016-chartcalcs.ods,Sheet1,33,14,inverse_points_preserve_position
2016,2016-10,10,22,4,Hetalia,4.0,yearend2016-chartcalcs.ods,Sheet1,32,14,inverse_points_preserve_position
2016,2016-10,10,23,3,Fantastic Children,3.0,yearend2016-chartcalcs.ods,Sheet1,21,14,inverse_points_preserve_position
2016,2016-10,10,24,2,Beautiful Bones,2.0,yearend2016-chartcalcs.ods,Sheet1,51,14,inverse_points_preserve_position
2016,2016-10,10,25,1,The New Adventures of Peter Pan,1.0,yearend2016-chartcalcs.ods,Sheet1,23,14,inverse_points_preserve_position
2016,2016-11,11,1,25,Star Wars Rebels,25.0,yearend2016-chartcalcs.ods,Sheet1,13,15,inverse_points_preserve_position
2016,2016-11,11,2,24,My Little Pony: Friendship is Magic,24.0,yearend2016-chartcalcs.ods,Sheet1,9,15,inverse_points_preserve_position
2016,2016-11,11,3,23,How It’s Made,23.0,yearend2016-chartcalcs.ods,Sheet1,14,15,inverse_points_preserve_position
2016,2016-11,11,4,22,The Bold and the Beautiful,22.0,yearend2016-chartcalcs.ods,Sheet1,12,15,inverse_points_preserve_position
2016,2016-11,11,5,21,Negima,21.0,yearend2016-chartcalcs.ods,Sheet1,43,15,inverse_points_preserve_position
2016,2016-11,11,6,20,Lucha Underground,20.0,yearend2016-chartcalcs.ods,Sheet1,10,15,inverse_points_preserve_position
2016,2016-11,11,7,19,Maho Girls PreCure!,19.0,yearend2016-chartcalcs.ods,Sheet1,18,15,inverse_points_preserve_position
2016,2016-11,11,8,18,Angelic Layer,18.0,yearend2016-chartcalcs.ods,Sheet1,39,15,inverse_points_preserve_position
2016,2016-11,11,9,17,Wild West C.O.W.-Boys of Moo Mesa,17.0,yearend2016-chartcalcs.ods,Sheet1,36,15,inverse_points_preserve_position
2016,2016-11,11,10,16,Law & Order: Special Victims Unit,16.0,yearend2016-chartcalcs.ods,Sheet1,20,15,inverse_points_preserve_position
2016,2016-11,11,11,15,The Young and the Restless,15.0,yearend2016-chartcalcs.ods,Sheet1,11,15,inverse_points_preserve_position
2016,2016-11,11,12,14,Kumamiko: Girl Meets Bear,14.0,yearend2016-chartcalcs.ods,Sheet1,28,15,inverse_points_preserve_position
2016,2016-11,11,13,13,Flying Witch,13.0,yearend2016-chartcalcs.ods,Sheet1,29,15,inverse_points_preserve_position
2016,2016-11,11,14,12,Sofia the First,12.0,yearend2016-chartcalcs.ods,Sheet1,22,15,inverse_points_preserve_position
2016,2016-11,11,15,11,The Lion Guard,11.0,yearend2016-chartcalcs.ods,Sheet1,17,15,inverse_points_preserve_position
2016,2016-11,11,16,10,Star Trek: The Next Generation,10.0,yearend2016-chartcalcs.ods,Sheet1,15,15,inverse_points_preserve_position
2016,2016-11,11,17,9,Dawn of the Croods,9.0,yearend2016-chartcalcs.ods,Sheet1,37,15,inverse_points_preserve_position
2016,2016-11,11,18,8,ALVINNN!!! And the Chipmunks,8.0,yearend2016-chartcalcs.ods,Sheet1,19,15,inverse_points_preserve_position
2016,2016-11,11,19,7,Revolutionary Girl Utena,7.0,yearend2016-chartcalcs.ods,Sheet1,16,15,inverse_points_preserve_position
2016,2016-11,11,20,6,Anne Happy,6.0,yearend2016-chartcalcs.ods,Sheet1,25,15,inverse_points_preserve_position
2016,2016-11,11,21,5,In the Heat of the Night,5.0,yearend2016-chartcalcs.ods,Sheet1,26,15,inverse_points_preserve_position
2016,2016-11,11,22,4,Hetalia,4.0,yearend2016-chartcalcs.ods,Sheet1,32,15,inverse_points_preserve_position
2016,2016-11,11,23,3,Is The Order A Rabbit?,3.0,yearend2016-chartcalcs.ods,Sheet1,33,15,inverse_points_preserve_position
2016,2016-11,11,24,2,Teenage Mutant Ninja Turtles (2012),2.0,yearend2016-chartcalcs.ods,Sheet1,24,15,inverse_points_preserve_position
2016,2016-11,11,25,1,Fantastic Children,1.0,yearend2016-chartcalcs.ods,Sheet1,21,15,inverse_points_preserve_position
2016,2016-12,12,1,25,My Little Pony: Friendship is Magic,25.0,yearend2016-chartcalcs.ods,Sheet1,9,16,inverse_points_preserve_position
2016,2016-12,12,2,24,Lucha Underground,24.0,yearend2016-chartcalcs.ods,Sheet1,10,16,inverse_points_preserve_position
2016,2016-12,12,3,23,Star Wars Rebels,23.0,yearend2016-chartcalcs.ods,Sheet1,13,16,inverse_points_preserve_position
2016,2016-12,12,4,22,Gunslinger Girl,22.0,yearend2016-chartcalcs.ods,Sheet1,47,16,inverse_points_preserve_position
2016,2016-12,12,5,21,Teenage Mutant Ninja Turtles (2012),21.0,yearend2016-chartcalcs.ods,Sheet1,24,16,inverse_points_preserve_position
2016,2016-12,12,6,20,Elena of Avalor,20.0,yearend2016-chartcalcs.ods,Sheet1,48,16,inverse_points_preserve_position
2016,2016-12,12,7,19,The Lion Guard,19.0,yearend2016-chartcalcs.ods,Sheet1,17,16,inverse_points_preserve_position
2016,2016-12,12,8,18,Angelic Layer,18.0,yearend2016-chartcalcs.ods,Sheet1,39,16,inverse_points_preserve_position
2016,2016-12,12,9,17,How It’s Made,17.0,yearend2016-chartcalcs.ods,Sheet1,14,16,inverse_points_preserve_position
2016,2016-12,12,10,16,Negima,16.0,yearend2016-chartcalcs.ods,Sheet1,43,16,inverse_points_preserve_position
2016,2016-12,12,11,15,When They Cry,15.0,yearend2016-chartcalcs.ods,Sheet1,50,16,inverse_points_preserve_position
2016,2016-12,12,12,14,Law & Order: Special Victims Unit,14.0,yearend2016-chartcalcs.ods,Sheet1,20,16,inverse_points_preserve_position
2016,2016-12,12,13,13,The Bold and the Beautiful,13.0,yearend2016-chartcalcs.ods,Sheet1,12,16,inverse_points_preserve_position
2016,2016-12,12,14,12,Maho Girls PreCure!,12.0,yearend2016-chartcalcs.ods,Sheet1,18,16,inverse_points_preserve_position
2016,2016-12,12,15,11,The Young and the Restless,11.0,yearend2016-chartcalcs.ods,Sheet1,11,16,inverse_points_preserve_position
2016,2016-12,12,16,10,Blade,10.0,yearend2016-chartcalcs.ods,Sheet1,54,16,inverse_points_preserve_position
2016,2016-12,12,17,9,Flying Witch,9.0,yearend2016-chartcalcs.ods,Sheet1,29,16,inverse_points_preserve_position
2016,2016-12,12,18,8,Sofia the First,8.0,yearend2016-chartcalcs.ods,Sheet1,22,16,inverse_points_preserve_position
2016,2016-12,12,19,7,ALVINNN!!! And the Chipmunks,7.0,yearend2016-chartcalcs.ods,Sheet1,19,16,inverse_points_preserve_position
2016,2016-12,12,20,6,Wild West C.O.W.-Boys of Moo Mesa,6.0,yearend2016-chartcalcs.ods,Sheet1,36,16,inverse_points_preserve_position
2016,2016-12,12,21,5,Kumamiko: Girl Meets Bear,5.0,yearend2016-chartcalcs.ods,Sheet1,28,16,inverse_points_preserve_position
2016,2016-12,12,22,4,Star Trek: The Next Generation,4.0,yearend2016-chartcalcs.ods,Sheet1,15,16,inverse_points_preserve_position
2016,2016-12,12,23,3,Dawn of the Croods,3.0,yearend2016-chartcalcs.ods,Sheet1,37,16,inverse_points_preserve_position
2016,2016-12,12,24,2,Revolutionary Girl Utena,2.0,yearend2016-chartcalcs.ods,Sheet1,16,16,inverse_points_preserve_position
2016,2016-12,12,25,1,Anne Happy,1.0,yearend2016-chartcalcs.ods,Sheet1,25,16,inverse_points_preserve_position
2017,2017-01,1,1,25,Elena of Avalor,25.0,yearend2017-chartcalcs.ods,Sheet1,9,5,inverse_points_preserve_position
2017,2017-01,1,2,24,My Little Pony: Friendship is Magic,24.0,yearend2017-chartcalcs.ods,Sheet1,10,5,inverse_points_preserve_position
2017,2017-01,1,3,23,Leah Remini: Scientology and the Aftermath,23.0,yearend2017-chartcalcs.ods,Sheet1,12,5,inverse_points_preserve_position
2017,2017-01,1,4,22,Castle Town Dandelion,22.0,yearend2017-chartcalcs.ods,Sheet1,36,5,inverse_points_preserve_position
2017,2017-01,1,5,21,Maho Girls PreCure!,21.0,yearend2017-chartcalcs.ods,Sheet1,24,5,inverse_points_preserve_position
2017,2017-01,1,6,20,Gunslinger Girl,20.0,yearend2017-chartcalcs.ods,Sheet1,47,5,inverse_points_preserve_position
2017,2017-01,1,7,19,Lucha Underground,19.0,yearend2017-chartcalcs.ods,Sheet1,20,5,inverse_points_preserve_position
2017,2017-01,1,8,18,Mushishi,18.0,yearend2017-chartcalcs.ods,Sheet1,57,5,inverse_points_preserve_position
2017,2017-01,1,9,17,Star Wars Rebels,17.0,yearend2017-chartcalcs.ods,Sheet1,15,5,inverse_points_preserve_position
2017,2017-01,1,10,16,Mummies Alive!,16.0,yearend2017-chartcalcs.ods,Sheet1,56,5,inverse_points_preserve_position
2017,2017-01,1,11,15,The Lion Guard,15.0,yearend2017-chartcalcs.ods,Sheet1,35,5,inverse_points_preserve_position
2017,2017-01,1,12,14,Negima,14.0,yearend2017-chartcalcs.ods,Sheet1,59,5,inverse_points_preserve_position
2017,2017-01,1,13,13,Law & Order: Special Victims Unit,13.0,yearend2017-chartcalcs.ods,Sheet1,18,5,inverse_points_preserve_position
2017,2017-01,1,14,12,The Bold and the Beautiful,12.0,yearend2017-chartcalcs.ods,Sheet1,14,5,inverse_points_preserve_position
2017,2017-01,1,15,11,Blade,11.0,yearend2017-chartcalcs.ods,Sheet1,72,5,inverse_points_preserve_position
2017,2017-01,1,16,10,Angelic Layer,10.0,yearend2017-chartcalcs.ods,Sheet1,68,5,inverse_points_preserve_position
2017,2017-01,1,17,9,Teenage Mutant Ninja Turtles (2012),9.0,yearend2017-chartcalcs.ods,Sheet1,65,5,inverse_points_preserve_position
2017,2017-01,1,18,8,The Young and the Restless,8.0,yearend2017-chartcalcs.ods,Sheet1,17,5,inverse_points_preserve_position
2017,2017-01,1,19,7,Flying Witch,7.0,yearend2017-chartcalcs.ods,Sheet1,29,5,inverse_points_preserve_position
2017,2017-01,1,20,6,How It’s Made,6.0,yearend2017-chartcalcs.ods,Sheet1,50,5,inverse_points_preserve_position
2017,2017-01,1,21,5,Kumamiko: Girl Meets Bear,5.0,yearend2017-chartcalcs.ods,Sheet1,70,5,inverse_points_preserve_position
2017,2017-01,1,22,4,When They Cry,4.0,yearend2017-chartcalcs.ods,Sheet1,77,5,inverse_points_preserve_position
2017,2017-01,1,23,3,Sofia the First,3.0,yearend2017-chartcalcs.ods,Sheet1,61,5,inverse_points_preserve_position
2017,2017-01,1,24,2,Wild West C.O.W.-Boys of Moo Mesa,2.0,yearend2017-chartcalcs.ods,Sheet1,78,5,inverse_points_preserve_position
2017,2017-01,1,25,1,ALVINNN!!! And the Chipmunks,1.0,yearend2017-chartcalcs.ods,Sheet1,79,5,inverse_points_preserve_position
2017,2017-02,2,1,25,Mia and Me,25.0,yearend2017-chartcalcs.ods,Sheet1,22,6,inverse_points_preserve_position
2017,2017-02,2,2,24,My Little Pony: Friendship is Magic,24.0,yearend2017-chartcalcs.ods,Sheet1,10,6,inverse_points_preserve_position
2017,2017-02,2,3,23,Elena of Avalor,23.0,yearend2017-chartcalcs.ods,Sheet1,9,6,inverse_points_preserve_position
2017,2017-02,2,4,22,Star Wars Rebels,22.0,yearend2017-chartcalcs.ods,Sheet1,15,6,inverse_points_preserve_position
2017,2017-02,2,5,21,Maho Girls PreCure!,21.0,yearend2017-chartcalcs.ods,Sheet1,24,6,inverse_points_preserve_position
2017,2017-02,2,6,20,Leah Remini: Scientology and the Aftermath,20.0,yearend2017-chartcalcs.ods,Sheet1,12,6,inverse_points_preserve_position
2017,2017-02,2,7,19,Law & Order: Special Victims Unit,19.0,yearend2017-chartcalcs.ods,Sheet1,18,6,inverse_points_preserve_position
2017,2017-02,2,8,18,LEGO: Friends of Heartlake City,18.0,yearend2017-chartcalcs.ods,Sheet1,13,6,inverse_points_preserve_position
2017,2017-02,2,9,17,Flying Witch,17.0,yearend2017-chartcalcs.ods,Sheet1,29,6,inverse_points_preserve_position
2017,2017-02,2,10,16,The Young and the Restless,16.0,yearend2017-chartcalcs.ods,Sheet1,17,6,inverse_points_preserve_position
2017,2017-02,2,11,15,Digimon: Digital Monsters,15.0,yearend2017-chartcalcs.ods,Sheet1,54,6,inverse_points_preserve_position
2017,2017-02,2,12,14,The Bold and the Beautiful,14.0,yearend2017-chartcalcs.ods,Sheet1,14,6,inverse_points_preserve_position
2017,2017-02,2,13,13,Castle Town Dandelion,13.0,yearend2017-chartcalcs.ods,Sheet1,36,6,inverse_points_preserve_position
2017,2017-02,2,14,12,The Lion Guard,12.0,yearend2017-chartcalcs.ods,Sheet1,35,6,inverse_points_preserve_position
2017,2017-02,2,15,11,XxxHOLiC: Kei,11.0,yearend2017-chartcalcs.ods,Sheet1,73,6,inverse_points_preserve_position
2017,2017-02,2,16,10,Lucha Underground,10.0,yearend2017-chartcalcs.ods,Sheet1,20,6,inverse_points_preserve_position
2017,2017-02,2,17,9,Mummies Alive!,9.0,yearend2017-chartcalcs.ods,Sheet1,56,6,inverse_points_preserve_position
2017,2017-02,2,18,8,Gunslinger Girl,8.0,yearend2017-chartcalcs.ods,Sheet1,47,6,inverse_points_preserve_position
2017,2017-02,2,19,7,Negima,7.0,yearend2017-chartcalcs.ods,Sheet1,59,6,inverse_points_preserve_position
2017,2017-02,2,20,6,Teenage Mutant Ninja Turtles (2012),6.0,yearend2017-chartcalcs.ods,Sheet1,65,6,inverse_points_preserve_position
2017,2017-02,2,21,5,Kumamiko: Girl Meets Bear,5.0,yearend2017-chartcalcs.ods,Sheet1,70,6,inverse_points_preserve_position
2017,2017-02,2,22,4,How It’s Made,4.0,yearend2017-chartcalcs.ods,Sheet1,50,6,inverse_points_preserve_position
2017,2017-02,2,23,3,Angelic Layer,3.0,yearend2017-chartcalcs.ods,Sheet1,68,6,inverse_points_preserve_position
2017,2017-02,2,24,2,Mushishi,2.0,yearend2017-chartcalcs.ods,Sheet1,57,6,inverse_points_preserve_position
2017,2017-02,2,25,1,Sofia the First,1.0,yearend2017-chartcalcs.ods,Sheet1,61,6,inverse_points_preserve_position
2017,2017-03,3,1,25,Steven Universe,25.0,yearend2017-chartcalcs.ods,Sheet1,11,7,inverse_points_preserve_position
2017,2017-03,3,2,24,Interviews with Monster Girls,24.0,yearend2017-chartcalcs.ods,Sheet1,25,7,inverse_points_preserve_position
2017,2017-03,3,3,23,Mia and Me,23.0,yearend2017-chartcalcs.ods,Sheet1,22,7,inverse_points_preserve_position
2017,2017-03,3,4,22,LEGO: Friends of Heartlake City,22.0,yearend2017-chartcalcs.ods,Sheet1,13,7,inverse_points_preserve_position
2017,2017-03,3,5,21,The Bold and the Beautiful,21.0,yearend2017-chartcalcs.ods,Sheet1,14,7,inverse_points_preserve_position
2017,2017-03,3,6,20,Star Wars Rebels,20.0,yearend2017-chartcalcs.ods,Sheet1,15,7,inverse_points_preserve_position
2017,2017-03,3,7,19,Sabrina’s Secret Life,19.0,yearend2017-chartcalcs.ods,Sheet1,44,7,inverse_points_preserve_position
2017,2017-03,3,8,18,The Young and the Restless,18.0,yearend2017-chartcalcs.ods,Sheet1,17,7,inverse_points_preserve_position
2017,2017-03,3,9,17,Cyborg 009: Call of Justice,17.0,yearend2017-chartcalcs.ods,Sheet1,19,7,inverse_points_preserve_position
2017,2017-03,3,10,16,My Little Pony: Friendship is Magic,16.0,yearend2017-chartcalcs.ods,Sheet1,10,7,inverse_points_preserve_position
2017,2017-03,3,11,15,Leah Remini: Scientology and the Aftermath,15.0,yearend2017-chartcalcs.ods,Sheet1,12,7,inverse_points_preserve_position
2017,2017-03,3,12,14,Maho Girls PreCure!,14.0,yearend2017-chartcalcs.ods,Sheet1,24,7,inverse_points_preserve_position
2017,2017-03,3,13,13,She-Ra: Princess of Power,13.0,yearend2017-chartcalcs.ods,Sheet1,45,7,inverse_points_preserve_position
2017,2017-03,3,14,12,Elena of Avalor,12.0,yearend2017-chartcalcs.ods,Sheet1,9,7,inverse_points_preserve_position
2017,2017-03,3,15,11,Law & Order: Special Victims Unit,11.0,yearend2017-chartcalcs.ods,Sheet1,18,7,inverse_points_preserve_position
2017,2017-03,3,16,10,Digimon: Digital Monsters,10.0,yearend2017-chartcalcs.ods,Sheet1,54,7,inverse_points_preserve_position
2017,2017-03,3,17,9,Flying Witch,9.0,yearend2017-chartcalcs.ods,Sheet1,29,7,inverse_points_preserve_position
2017,2017-03,3,18,8,The Lion Guard,8.0,yearend2017-chartcalcs.ods,Sheet1,35,7,inverse_points_preserve_position
2017,2017-03,3,19,7,Castle Town Dandelion,7.0,yearend2017-chartcalcs.ods,Sheet1,36,7,inverse_points_preserve_position
2017,2017-03,3,20,6,Gunslinger Girl,6.0,yearend2017-chartcalcs.ods,Sheet1,47,7,inverse_points_preserve_position
2017,2017-03,3,21,5,How It’s Made,5.0,yearend2017-chartcalcs.ods,Sheet1,50,7,inverse_points_preserve_position
2017,2017-03,3,22,4,Mushishi,4.0,yearend2017-chartcalcs.ods,Sheet1,57,7,inverse_points_preserve_position
2017,2017-03,3,23,3,Lucha Underground,3.0,yearend2017-chartcalcs.ods,Sheet1,20,7,inverse_points_preserve_position
2017,2017-03,3,24,2,Kumamiko: Girl Meets Bear,2.0,yearend2017-chartcalcs.ods,Sheet1,70,7,inverse_points_preserve_position
2017,2017-03,3,25,1,Negima,1.0,yearend2017-chartcalcs.ods,Sheet1,59,7,inverse_points_preserve_position
2017,2017-04,4,1,25,Steven Universe,25.0,yearend2017-chartcalcs.ods,Sheet1,11,8,inverse_points_preserve_position
2017,2017-04,4,2,24,Interviews with Monster Girls,24.0,yearend2017-chartcalcs.ods,Sheet1,25,8,inverse_points_preserve_position
2017,2017-04,4,3,23,Star Wars Rebels,23.0,yearend2017-chartcalcs.ods,Sheet1,15,8,inverse_points_preserve_position
2017,2017-04,4,4,22,Cyborg 009: Call of Justice,22.0,yearend2017-chartcalcs.ods,Sheet1,19,8,inverse_points_preserve_position
2017,2017-04,4,5,21,The Young and the Restless,21.0,yearend2017-chartcalcs.ods,Sheet1,17,8,inverse_points_preserve_position
2017,2017-04,4,6,20,KiraKira PreCure! A La Mode,20.0,yearend2017-chartcalcs.ods,Sheet1,28,8,inverse_points_preserve_position
2017,2017-04,4,7,19,My Little Pony: Friendship is Magic,19.0,yearend2017-chartcalcs.ods,Sheet1,10,8,inverse_points_preserve_position
2017,2017-04,4,8,18,Elena of Avalor,18.0,yearend2017-chartcalcs.ods,Sheet1,9,8,inverse_points_preserve_position
2017,2017-04,4,9,17,LEGO: Friends of Heartlake City,17.0,yearend2017-chartcalcs.ods,Sheet1,13,8,inverse_points_preserve_position
2017,2017-04,4,10,16,The Bold and the Beautiful,16.0,yearend2017-chartcalcs.ods,Sheet1,14,8,inverse_points_preserve_position
2017,2017-04,4,11,15,Mia and Me,15.0,yearend2017-chartcalcs.ods,Sheet1,22,8,inverse_points_preserve_position
2017,2017-04,4,12,14,Sabrina’s Secret Life,14.0,yearend2017-chartcalcs.ods,Sheet1,44,8,inverse_points_preserve_position
2017,2017-04,4,13,13,Miraculous: Tales of Ladybug and Cat Noir,13.0,yearend2017-chartcalcs.ods,Sheet1,43,8,inverse_points_preserve_position
2017,2017-04,4,14,12,She-Ra: Princess of Power,12.0,yearend2017-chartcalcs.ods,Sheet1,45,8,inverse_points_preserve_position
2017,2017-04,4,15,11,The Lion Guard,11.0,yearend2017-chartcalcs.ods,Sheet1,35,8,inverse_points_preserve_position
2017,2017-04,4,16,10,Maho Girls PreCure!,10.0,yearend2017-chartcalcs.ods,Sheet1,24,8,inverse_points_preserve_position
2017,2017-04,4,17,9,Leah Remini: Scientology and the Aftermath,9.0,yearend2017-chartcalcs.ods,Sheet1,12,8,inverse_points_preserve_position
2017,2017-04,4,18,8,Law & Order: Special Victims Unit,8.0,yearend2017-chartcalcs.ods,Sheet1,18,8,inverse_points_preserve_position
2017,2017-04,4,19,7,Flying Witch,7.0,yearend2017-chartcalcs.ods,Sheet1,29,8,inverse_points_preserve_position
2017,2017-04,4,20,6,Rurouni Kenshin,6.0,yearend2017-chartcalcs.ods,Sheet1,32,8,inverse_points_preserve_position
2017,2017-04,4,21,5,Castle Town Dandelion,5.0,yearend2017-chartcalcs.ods,Sheet1,36,8,inverse_points_preserve_position
2017,2017-04,4,22,4,Aiura,4.0,yearend2017-chartcalcs.ods,Sheet1,76,8,inverse_points_preserve_position
2017,2017-04,4,23,3,How It’s Made,3.0,yearend2017-chartcalcs.ods,Sheet1,50,8,inverse_points_preserve_position
2017,2017-04,4,24,2,Lucha Underground,2.0,yearend2017-chartcalcs.ods,Sheet1,20,8,inverse_points_preserve_position
2017,2017-04,4,25,1,Digimon: Digital Monsters,1.0,yearend2017-chartcalcs.ods,Sheet1,54,8,inverse_points_preserve_position
2017,2017-05,5,1,25,Steven Universe,25.0,yearend2017-chartcalcs.ods,Sheet1,11,9,inverse_points_preserve_position
2017,2017-05,5,2,24,Elena of Avalor,24.0,yearend2017-chartcalcs.ods,Sheet1,9,9,inverse_points_preserve_position
2017,2017-05,5,3,23,The Young and the Restless,23.0,yearend2017-chartcalcs.ods,Sheet1,17,9,inverse_points_preserve_position
2017,2017-05,5,4,22,LEGO: Friends of Heartlake City,22.0,yearend2017-chartcalcs.ods,Sheet1,13,9,inverse_points_preserve_position
2017,2017-05,5,5,21,Interviews with Monster Girls,21.0,yearend2017-chartcalcs.ods,Sheet1,25,9,inverse_points_preserve_position
2017,2017-05,5,6,20,Law & Order: Special Victims Unit,20.0,yearend2017-chartcalcs.ods,Sheet1,18,9,inverse_points_preserve_position
2017,2017-05,5,7,19,KiraKira PreCure! A La Mode,19.0,yearend2017-chartcalcs.ods,Sheet1,28,9,inverse_points_preserve_position
2017,2017-05,5,8,18,Bump in the Night,18.0,yearend2017-chartcalcs.ods,Sheet1,42,9,inverse_points_preserve_position
2017,2017-05,5,9,17,My Little Pony: Friendship is Magic,17.0,yearend2017-chartcalcs.ods,Sheet1,10,9,inverse_points_preserve_position
2017,2017-05,5,10,16,Cyborg 009: Call of Justice,16.0,yearend2017-chartcalcs.ods,Sheet1,19,9,inverse_points_preserve_position
2017,2017-05,5,11,15,Miraculous: Tales of Ladybug and Cat Noir,15.0,yearend2017-chartcalcs.ods,Sheet1,43,9,inverse_points_preserve_position
2017,2017-05,5,12,14,Star Wars Rebels,14.0,yearend2017-chartcalcs.ods,Sheet1,15,9,inverse_points_preserve_position
2017,2017-05,5,13,13,Mia and Me,13.0,yearend2017-chartcalcs.ods,Sheet1,22,9,inverse_points_preserve_position
2017,2017-05,5,14,12,The Bold and the Beautiful,12.0,yearend2017-chartcalcs.ods,Sheet1,14,9,inverse_points_preserve_position
2017,2017-05,5,15,11,Star Trek: Deep Space Nine,11.0,yearend2017-chartcalcs.ods,Sheet1,30,9,inverse_points_preserve_position
2017,2017-05,5,16,10,She-Ra: Princess of Power,10.0,yearend2017-chartcalcs.ods,Sheet1,45,9,inverse_points_preserve_position
2017,2017-05,5,17,9,The Lion Guard,9.0,yearend2017-chartcalcs.ods,Sheet1,35,9,inverse_points_preserve_position
2017,2017-05,5,18,8,Sabrina’s Secret Life,8.0,yearend2017-chartcalcs.ods,Sheet1,44,9,inverse_points_preserve_position
2017,2017-05,5,19,7,Night Raid 1931,7.0,yearend2017-chartcalcs.ods,Sheet1,74,9,inverse_points_preserve_position
2017,2017-05,5,20,6,Rurouni Kenshin,6.0,yearend2017-chartcalcs.ods,Sheet1,32,9,inverse_points_preserve_position
2017,2017-05,5,21,5,Flying Witch,5.0,yearend2017-chartcalcs.ods,Sheet1,29,9,inverse_points_preserve_position
2017,2017-05,5,22,4,Castle Town Dandelion,4.0,yearend2017-chartcalcs.ods,Sheet1,36,9,inverse_points_preserve_position
2017,2017-05,5,23,3,Maho Girls PreCure!,3.0,yearend2017-chartcalcs.ods,Sheet1,24,9,inverse_points_preserve_position
2017,2017-05,5,24,2,Lucha Underground,2.0,yearend2017-chartcalcs.ods,Sheet1,20,9,inverse_points_preserve_position
2017,2017-05,5,25,1,Leah Remini: Scientology and the Aftermath,1.0,yearend2017-chartcalcs.ods,Sheet1,12,9,inverse_points_preserve_position
2017,2017-06,6,1,25,Steven Universe,25.0,yearend2017-chartcalcs.ods,Sheet1,11,10,inverse_points_preserve_position
2017,2017-06,6,2,24,My Little Pony: Friendship is Magic,24.0,yearend2017-chartcalcs.ods,Sheet1,10,10,inverse_points_preserve_position
2017,2017-06,6,3,23,Voltron: Legendary Defender,23.0,yearend2017-chartcalcs.ods,Sheet1,16,10,inverse_points_preserve_position
2017,2017-06,6,4,22,Star Trek: Deep Space Nine,22.0,yearend2017-chartcalcs.ods,Sheet1,30,10,inverse_points_preserve_position
2017,2017-06,6,5,21,Sonic X,21.0,yearend2017-chartcalcs.ods,Sheet1,52,10,inverse_points_preserve_position
2017,2017-06,6,6,20,Elena of Avalor,20.0,yearend2017-chartcalcs.ods,Sheet1,9,10,inverse_points_preserve_position
2017,2017-06,6,7,19,Law & Order: Special Victims Unit,19.0,yearend2017-chartcalcs.ods,Sheet1,18,10,inverse_points_preserve_position
2017,2017-06,6,8,18,The Bold and the Beautiful,18.0,yearend2017-chartcalcs.ods,Sheet1,14,10,inverse_points_preserve_position
2017,2017-06,6,9,17,LEGO: Friends of Heartlake City,17.0,yearend2017-chartcalcs.ods,Sheet1,13,10,inverse_points_preserve_position
2017,2017-06,6,10,16,Sonic the Hedgehog (SatAM),16.0,yearend2017-chartcalcs.ods,Sheet1,58,10,inverse_points_preserve_position
2017,2017-06,6,11,15,The Young and the Restless,15.0,yearend2017-chartcalcs.ods,Sheet1,17,10,inverse_points_preserve_position
2017,2017-06,6,12,14,Interviews with Monster Girls,14.0,yearend2017-chartcalcs.ods,Sheet1,25,10,inverse_points_preserve_position
2017,2017-06,6,13,13,KiraKira PreCure! A La Mode,13.0,yearend2017-chartcalcs.ods,Sheet1,28,10,inverse_points_preserve_position
2017,2017-06,6,14,12,Sofia the First,12.0,yearend2017-chartcalcs.ods,Sheet1,61,10,inverse_points_preserve_position
2017,2017-06,6,15,11,Cyborg 009: Call of Justice,11.0,yearend2017-chartcalcs.ods,Sheet1,19,10,inverse_points_preserve_position
2017,2017-06,6,16,10,Miraculous: Tales of Ladybug and Cat Noir,10.0,yearend2017-chartcalcs.ods,Sheet1,43,10,inverse_points_preserve_position
2017,2017-06,6,17,9,Mia and Me,9.0,yearend2017-chartcalcs.ods,Sheet1,22,10,inverse_points_preserve_position
2017,2017-06,6,18,8,How It’s Made,8.0,yearend2017-chartcalcs.ods,Sheet1,50,10,inverse_points_preserve_position
2017,2017-06,6,19,7,Star Wars Rebels,7.0,yearend2017-chartcalcs.ods,Sheet1,15,10,inverse_points_preserve_position
2017,2017-06,6,20,6,Rurouni Kenshin,6.0,yearend2017-chartcalcs.ods,Sheet1,32,10,inverse_points_preserve_position
2017,2017-06,6,21,5,Bump in the Night,5.0,yearend2017-chartcalcs.ods,Sheet1,42,10,inverse_points_preserve_position
2017,2017-06,6,22,4,She-Ra: Princess of Power,4.0,yearend2017-chartcalcs.ods,Sheet1,45,10,inverse_points_preserve_position
2017,2017-06,6,23,3,The Lion Guard,3.0,yearend2017-chartcalcs.ods,Sheet1,35,10,inverse_points_preserve_position
2017,2017-06,6,24,2,Lucha Underground,2.0,yearend2017-chartcalcs.ods,Sheet1,20,10,inverse_points_preserve_position
2017,2017-06,6,25,1,Night Raid 1931,1.0,yearend2017-chartcalcs.ods,Sheet1,74,10,inverse_points_preserve_position
2017,2017-07,7,1,25,Steven Universe,25.0,yearend2017-chartcalcs.ods,Sheet1,11,11,inverse_points_preserve_position
2017,2017-07,7,2,24,Voltron: Legendary Defender,24.0,yearend2017-chartcalcs.ods,Sheet1,16,11,inverse_points_preserve_position
2017,2017-07,7,3,23,Sailor Moon,23.0,yearend2017-chartcalcs.ods,Sheet1,23,11,inverse_points_preserve_position
2017,2017-07,7,4,22,Dragon Ball Super,22.0,yearend2017-chartcalcs.ods,Sheet1,31,11,inverse_points_preserve_position
2017,2017-07,7,5,21,The Bold and the Beautiful,21.0,yearend2017-chartcalcs.ods,Sheet1,14,11,inverse_points_preserve_position
2017,2017-07,7,6,20,My Little Pony: Friendship is Magic,20.0,yearend2017-chartcalcs.ods,Sheet1,10,11,inverse_points_preserve_position
2017,2017-07,7,7,19,Mushi-Uta,19.0,yearend2017-chartcalcs.ods,Sheet1,37,11,inverse_points_preserve_position
2017,2017-07,7,8,18,Elena of Avalor,18.0,yearend2017-chartcalcs.ods,Sheet1,9,11,inverse_points_preserve_position
2017,2017-07,7,9,17,TruTV Presents World’s Dumbest,17.0,yearend2017-chartcalcs.ods,Sheet1,63,11,inverse_points_preserve_position
2017,2017-07,7,10,16,Liberty’s Kids,16.0,yearend2017-chartcalcs.ods,Sheet1,51,11,inverse_points_preserve_position
2017,2017-07,7,11,15,Hyakko,15.0,yearend2017-chartcalcs.ods,Sheet1,67,11,inverse_points_preserve_position
2017,2017-07,7,12,14,Rurouni Kenshin,14.0,yearend2017-chartcalcs.ods,Sheet1,32,11,inverse_points_preserve_position
2017,2017-07,7,13,13,Star Trek: Deep Space Nine,13.0,yearend2017-chartcalcs.ods,Sheet1,30,11,inverse_points_preserve_position
2017,2017-07,7,14,12,Law & Order: Special Victims Unit,12.0,yearend2017-chartcalcs.ods,Sheet1,18,11,inverse_points_preserve_position
2017,2017-07,7,15,11,LEGO: Friends of Heartlake City,11.0,yearend2017-chartcalcs.ods,Sheet1,13,11,inverse_points_preserve_position
2017,2017-07,7,16,10,The Young and the Restless,10.0,yearend2017-chartcalcs.ods,Sheet1,17,11,inverse_points_preserve_position
2017,2017-07,7,17,9,Sonic the Hedgehog (SatAM),9.0,yearend2017-chartcalcs.ods,Sheet1,58,11,inverse_points_preserve_position
2017,2017-07,7,18,8,KiraKira PreCure! A La Mode,8.0,yearend2017-chartcalcs.ods,Sheet1,28,11,inverse_points_preserve_position
2017,2017-07,7,19,7,Sonic X,7.0,yearend2017-chartcalcs.ods,Sheet1,52,11,inverse_points_preserve_position
2017,2017-07,7,20,6,Interviews with Monster Girls,6.0,yearend2017-chartcalcs.ods,Sheet1,25,11,inverse_points_preserve_position
2017,2017-07,7,21,5,Lucha Underground,5.0,yearend2017-chartcalcs.ods,Sheet1,20,11,inverse_points_preserve_position
2017,2017-07,7,22,4,Mia and Me,4.0,yearend2017-chartcalcs.ods,Sheet1,22,11,inverse_points_preserve_position
2017,2017-07,7,23,3,Miraculous: Tales of Ladybug and Cat Noir,3.0,yearend2017-chartcalcs.ods,Sheet1,43,11,inverse_points_preserve_position
2017,2017-07,7,24,2,Star Wars Rebels,2.0,yearend2017-chartcalcs.ods,Sheet1,15,11,inverse_points_preserve_position
2017,2017-07,7,25,1,Cyborg 009: Call of Justice,1.0,yearend2017-chartcalcs.ods,Sheet1,19,11,inverse_points_preserve_position
2017,2017-08,8,1,25,Tara Duncan,25.0,yearend2017-chartcalcs.ods,Sheet1,26,12,inverse_points_preserve_position
2017,2017-08,8,2,24,Steven Universe,24.0,yearend2017-chartcalcs.ods,Sheet1,11,12,inverse_points_preserve_position
2017,2017-08,8,3,23,Voltron: Legendary Defender,23.0,yearend2017-chartcalcs.ods,Sheet1,16,12,inverse_points_preserve_position
2017,2017-08,8,4,22,Miniforce,22.0,yearend2017-chartcalcs.ods,Sheet1,40,12,inverse_points_preserve_position
2017,2017-08,8,5,21,Elena of Avalor,21.0,yearend2017-chartcalcs.ods,Sheet1,9,12,inverse_points_preserve_position
2017,2017-08,8,6,20,Dragon Ball Super,20.0,yearend2017-chartcalcs.ods,Sheet1,31,12,inverse_points_preserve_position
2017,2017-08,8,7,19,LEGO: Elves,19.0,yearend2017-chartcalcs.ods,Sheet1,21,12,inverse_points_preserve_position
2017,2017-08,8,8,18,Sailor Moon,18.0,yearend2017-chartcalcs.ods,Sheet1,23,12,inverse_points_preserve_position
2017,2017-08,8,9,17,Magi-Nation,17.0,yearend2017-chartcalcs.ods,Sheet1,49,12,inverse_points_preserve_position
2017,2017-08,8,10,16,The Bold and the Beautiful,16.0,yearend2017-chartcalcs.ods,Sheet1,14,12,inverse_points_preserve_position
2017,2017-08,8,11,15,Is the Order A Rabbit?,15.0,yearend2017-chartcalcs.ods,Sheet1,62,12,inverse_points_preserve_position
2017,2017-08,8,12,14,My Knight and Me,14.0,yearend2017-chartcalcs.ods,Sheet1,55,12,inverse_points_preserve_position
2017,2017-08,8,13,13,Teekyuu,13.0,yearend2017-chartcalcs.ods,Sheet1,41,12,inverse_points_preserve_position
2017,2017-08,8,14,12,Lucha Underground,12.0,yearend2017-chartcalcs.ods,Sheet1,20,12,inverse_points_preserve_position
2017,2017-08,8,15,11,The Young and the Restless,11.0,yearend2017-chartcalcs.ods,Sheet1,17,12,inverse_points_preserve_position
2017,2017-08,8,16,10,Liberty’s Kids,10.0,yearend2017-chartcalcs.ods,Sheet1,51,12,inverse_points_preserve_position
2017,2017-08,8,17,9,My Little Pony: Friendship is Magic,9.0,yearend2017-chartcalcs.ods,Sheet1,10,12,inverse_points_preserve_position
2017,2017-08,8,18,8,Interviews with Monster Girls,8.0,yearend2017-chartcalcs.ods,Sheet1,25,12,inverse_points_preserve_position
2017,2017-08,8,19,7,LEGO: Friends of Heartlake City,7.0,yearend2017-chartcalcs.ods,Sheet1,13,12,inverse_points_preserve_position
2017,2017-08,8,20,6,Mushi-Uta,6.0,yearend2017-chartcalcs.ods,Sheet1,37,12,inverse_points_preserve_position
2017,2017-08,8,21,5,Law & Order: Special Victims Unit,5.0,yearend2017-chartcalcs.ods,Sheet1,18,12,inverse_points_preserve_position
2017,2017-08,8,22,4,Star Wars Rebels,4.0,yearend2017-chartcalcs.ods,Sheet1,15,12,inverse_points_preserve_position
2017,2017-08,8,23,3,Rurouni Kenshin,3.0,yearend2017-chartcalcs.ods,Sheet1,32,12,inverse_points_preserve_position
2017,2017-08,8,24,2,KiraKira PreCure! A La Mode,2.0,yearend2017-chartcalcs.ods,Sheet1,28,12,inverse_points_preserve_position
2017,2017-08,8,25,1,Cyborg 009: Call of Justice,1.0,yearend2017-chartcalcs.ods,Sheet1,19,12,inverse_points_preserve_position
2017,2017-09,9,1,25,Steven Universe,25.0,yearend2017-chartcalcs.ods,Sheet1,11,13,inverse_points_preserve_position
2017,2017-09,9,2,24,Little Witch Academia,24.0,yearend2017-chartcalcs.ods,Sheet1,27,13,inverse_points_preserve_position
2017,2017-09,9,3,23,Elena of Avalor,23.0,yearend2017-chartcalcs.ods,Sheet1,9,13,inverse_points_preserve_position
2017,2017-09,9,4,22,Tara Duncan,22.0,yearend2017-chartcalcs.ods,Sheet1,26,13,inverse_points_preserve_position
2017,2017-09,9,5,21,My Little Pony: Friendship is Magic,21.0,yearend2017-chartcalcs.ods,Sheet1,10,13,inverse_points_preserve_position
2017,2017-09,9,6,20,Hellsing,20.0,yearend2017-chartcalcs.ods,Sheet1,33,13,inverse_points_preserve_position
2017,2017-09,9,7,19,Voltron: Legendary Defender,19.0,yearend2017-chartcalcs.ods,Sheet1,16,13,inverse_points_preserve_position
2017,2017-09,9,8,18,Lucha Underground,18.0,yearend2017-chartcalcs.ods,Sheet1,20,13,inverse_points_preserve_position
2017,2017-09,9,9,17,Alice & Zouroku,17.0,yearend2017-chartcalcs.ods,Sheet1,39,13,inverse_points_preserve_position
2017,2017-09,9,10,16,LEGO: Elves,16.0,yearend2017-chartcalcs.ods,Sheet1,21,13,inverse_points_preserve_position
2017,2017-09,9,11,15,Black Lagoon,15.0,yearend2017-chartcalcs.ods,Sheet1,38,13,inverse_points_preserve_position
2017,2017-09,9,12,14,Mushi-Uta,14.0,yearend2017-chartcalcs.ods,Sheet1,37,13,inverse_points_preserve_position
2017,2017-09,9,13,13,Cyborg 009: Call of Justice,13.0,yearend2017-chartcalcs.ods,Sheet1,19,13,inverse_points_preserve_position
2017,2017-09,9,14,12,Teekyuu,12.0,yearend2017-chartcalcs.ods,Sheet1,41,13,inverse_points_preserve_position
2017,2017-09,9,15,11,The Bold and the Beautiful,11.0,yearend2017-chartcalcs.ods,Sheet1,14,13,inverse_points_preserve_position
2017,2017-09,9,16,10,LEGO: Friends of Heartlake City,10.0,yearend2017-chartcalcs.ods,Sheet1,13,13,inverse_points_preserve_position
2017,2017-09,9,17,9,Magi-Nation,9.0,yearend2017-chartcalcs.ods,Sheet1,49,13,inverse_points_preserve_position
2017,2017-09,9,18,8,My Knight and Me,8.0,yearend2017-chartcalcs.ods,Sheet1,55,13,inverse_points_preserve_position
2017,2017-09,9,19,7,Miniforce,7.0,yearend2017-chartcalcs.ods,Sheet1,40,13,inverse_points_preserve_position
2017,2017-09,9,20,6,The Young and the Restless,6.0,yearend2017-chartcalcs.ods,Sheet1,17,13,inverse_points_preserve_position
2017,2017-09,9,21,5,Leah Remini: Scientology and the Aftermath,5.0,yearend2017-chartcalcs.ods,Sheet1,12,13,inverse_points_preserve_position
2017,2017-09,9,22,4,Dragon Ball Super,4.0,yearend2017-chartcalcs.ods,Sheet1,31,13,inverse_points_preserve_position
2017,2017-09,9,23,3,Sailor Moon,3.0,yearend2017-chartcalcs.ods,Sheet1,23,13,inverse_points_preserve_position
2017,2017-09,9,24,2,Liberty’s Kids,2.0,yearend2017-chartcalcs.ods,Sheet1,51,13,inverse_points_preserve_position
2017,2017-09,9,25,1,Is the Order A Rabbit?,1.0,yearend2017-chartcalcs.ods,Sheet1,62,13,inverse_points_preserve_position
2017,2017-10,10,1,25,Hellsing,25.0,yearend2017-chartcalcs.ods,Sheet1,33,14,inverse_points_preserve_position
2017,2017-10,10,2,24,My Little Pony: Friendship is Magic,24.0,yearend2017-chartcalcs.ods,Sheet1,10,14,inverse_points_preserve_position
2017,2017-10,10,3,23,LEGO: Elves,23.0,yearend2017-chartcalcs.ods,Sheet1,21,14,inverse_points_preserve_position
2017,2017-10,10,4,22,Steven Universe,22.0,yearend2017-chartcalcs.ods,Sheet1,11,14,inverse_points_preserve_position
2017,2017-10,10,5,21,Black Lagoon,21.0,yearend2017-chartcalcs.ods,Sheet1,38,14,inverse_points_preserve_position
2017,2017-10,10,6,20,Leah Remini: Scientology and the Aftermath,20.0,yearend2017-chartcalcs.ods,Sheet1,12,14,inverse_points_preserve_position
2017,2017-10,10,7,19,Little Witch Academia,19.0,yearend2017-chartcalcs.ods,Sheet1,27,14,inverse_points_preserve_position
2017,2017-10,10,8,18,The Bold and the Beautiful,18.0,yearend2017-chartcalcs.ods,Sheet1,14,14,inverse_points_preserve_position
2017,2017-10,10,9,17,Elena of Avalor,17.0,yearend2017-chartcalcs.ods,Sheet1,9,14,inverse_points_preserve_position
2017,2017-10,10,10,16,Tara Duncan,16.0,yearend2017-chartcalcs.ods,Sheet1,26,14,inverse_points_preserve_position
2017,2017-10,10,11,15,Alice & Zouroku,15.0,yearend2017-chartcalcs.ods,Sheet1,39,14,inverse_points_preserve_position
2017,2017-10,10,12,14,Voltron: Legendary Defender,14.0,yearend2017-chartcalcs.ods,Sheet1,16,14,inverse_points_preserve_position
2017,2017-10,10,13,13,Miniforce,13.0,yearend2017-chartcalcs.ods,Sheet1,40,14,inverse_points_preserve_position
2017,2017-10,10,14,12,Teekyuu,12.0,yearend2017-chartcalcs.ods,Sheet1,41,14,inverse_points_preserve_position
2017,2017-10,10,15,11,Ghost In the Shell: Stand Alone Complex,11.0,yearend2017-chartcalcs.ods,Sheet1,69,14,inverse_points_preserve_position
2017,2017-10,10,16,10,Mushi-Uta,10.0,yearend2017-chartcalcs.ods,Sheet1,37,14,inverse_points_preserve_position
2017,2017-10,10,17,9,Cyborg 009: Call of Justice,9.0,yearend2017-chartcalcs.ods,Sheet1,19,14,inverse_points_preserve_position
2017,2017-10,10,18,8,LEGO: Friends of Heartlake City,8.0,yearend2017-chartcalcs.ods,Sheet1,13,14,inverse_points_preserve_position
2017,2017-10,10,19,7,Magi-Nation,7.0,yearend2017-chartcalcs.ods,Sheet1,49,14,inverse_points_preserve_position
2017,2017-10,10,20,6,Lucha Underground,6.0,yearend2017-chartcalcs.ods,Sheet1,20,14,inverse_points_preserve_position
2017,2017-10,10,21,5,The Young and the Restless,5.0,yearend2017-chartcalcs.ods,Sheet1,17,14,inverse_points_preserve_position
2017,2017-10,10,22,4,My Knight and Me,4.0,yearend2017-chartcalcs.ods,Sheet1,55,14,inverse_points_preserve_position
2017,2017-10,10,23,3,Waiting For Summer,3.0,yearend2017-chartcalcs.ods,Sheet1,60,14,inverse_points_preserve_position
2017,2017-10,10,24,2,Dragon Ball Super,2.0,yearend2017-chartcalcs.ods,Sheet1,31,14,inverse_points_preserve_position
2017,2017-10,10,25,1,Sailor Moon,1.0,yearend2017-chartcalcs.ods,Sheet1,23,14,inverse_points_preserve_position
2017,2017-11,11,1,25,My Little Pony: Friendship is Magic,25.0,yearend2017-chartcalcs.ods,Sheet1,10,15,inverse_points_preserve_position
2017,2017-11,11,2,24,Steven Universe,24.0,yearend2017-chartcalcs.ods,Sheet1,11,15,inverse_points_preserve_position
2017,2017-11,11,3,23,Law & Order: Special Victims Unit,23.0,yearend2017-chartcalcs.ods,Sheet1,18,15,inverse_points_preserve_position
2017,2017-11,11,4,22,H2O: Mermaid Adventures,22.0,yearend2017-chartcalcs.ods,Sheet1,34,15,inverse_points_preserve_position
2017,2017-11,11,5,21,Leah Remini: Scientology and the Aftermath,21.0,yearend2017-chartcalcs.ods,Sheet1,12,15,inverse_points_preserve_position
2017,2017-11,11,6,20,Elena of Avalor,20.0,yearend2017-chartcalcs.ods,Sheet1,9,15,inverse_points_preserve_position
2017,2017-11,11,7,19,Lucha Underground,19.0,yearend2017-chartcalcs.ods,Sheet1,20,15,inverse_points_preserve_position
2017,2017-11,11,8,18,ID-0,18.0,yearend2017-chartcalcs.ods,Sheet1,46,15,inverse_points_preserve_position
2017,2017-11,11,9,17,Bill Nye the Science Guy,17.0,yearend2017-chartcalcs.ods,Sheet1,53,15,inverse_points_preserve_position
2017,2017-11,11,10,16,Sailor Moon,16.0,yearend2017-chartcalcs.ods,Sheet1,23,15,inverse_points_preserve_position
2017,2017-11,11,11,15,Little Witch Academia,15.0,yearend2017-chartcalcs.ods,Sheet1,27,15,inverse_points_preserve_position
2017,2017-11,11,12,14,Hellsing,14.0,yearend2017-chartcalcs.ods,Sheet1,33,15,inverse_points_preserve_position
2017,2017-11,11,13,13,Voltron: Legendary Defender,13.0,yearend2017-chartcalcs.ods,Sheet1,16,15,inverse_points_preserve_position
2017,2017-11,11,14,12,Star Wars Rebels,12.0,yearend2017-chartcalcs.ods,Sheet1,15,15,inverse_points_preserve_position
2017,2017-11,11,15,11,Tornado Hunters,11.0,yearend2017-chartcalcs.ods,Sheet1,66,15,inverse_points_preserve_position
2017,2017-11,11,16,10,LEGO: Elves,10.0,yearend2017-chartcalcs.ods,Sheet1,21,15,inverse_points_preserve_position
2017,2017-11,11,17,9,The Bold and the Beautiful,9.0,yearend2017-chartcalcs.ods,Sheet1,14,15,inverse_points_preserve_position
2017,2017-11,11,18,8,Black Lagoon,8.0,yearend2017-chartcalcs.ods,Sheet1,38,15,inverse_points_preserve_position
2017,2017-11,11,19,7,Tara Duncan,7.0,yearend2017-chartcalcs.ods,Sheet1,26,15,inverse_points_preserve_position
2017,2017-11,11,20,6,LEGO: Friends of Heartlake City,6.0,yearend2017-chartcalcs.ods,Sheet1,13,15,inverse_points_preserve_position
2017,2017-11,11,21,5,Teekyuu,5.0,yearend2017-chartcalcs.ods,Sheet1,41,15,inverse_points_preserve_position
2017,2017-11,11,22,4,Alice & Zouroku,4.0,yearend2017-chartcalcs.ods,Sheet1,39,15,inverse_points_preserve_position
2017,2017-11,11,23,3,Cyborg 009: Call of Justice,3.0,yearend2017-chartcalcs.ods,Sheet1,19,15,inverse_points_preserve_position
2017,2017-11,11,24,2,Ghost In the Shell: Stand Alone Complex,2.0,yearend2017-chartcalcs.ods,Sheet1,69,15,inverse_points_preserve_position
2017,2017-11,11,25,1,Miniforce,1.0,yearend2017-chartcalcs.ods,Sheet1,40,15,inverse_points_preserve_position
2017,2017-12,12,1,25,Leah Remini: Scientology and the Aftermath,25.0,yearend2017-chartcalcs.ods,Sheet1,12,16,inverse_points_preserve_position
2017,2017-12,12,2,24,Star Wars Rebels,24.0,yearend2017-chartcalcs.ods,Sheet1,15,16,inverse_points_preserve_position
2017,2017-12,12,3,23,Steven Universe,23.0,yearend2017-chartcalcs.ods,Sheet1,11,16,inverse_points_preserve_position
2017,2017-12,12,4,22,H2O: Mermaid Adventures,22.0,yearend2017-chartcalcs.ods,Sheet1,34,16,inverse_points_preserve_position
2017,2017-12,12,5,21,ID-0,21.0,yearend2017-chartcalcs.ods,Sheet1,46,16,inverse_points_preserve_position
2017,2017-12,12,6,20,Elena of Avalor,20.0,yearend2017-chartcalcs.ods,Sheet1,9,16,inverse_points_preserve_position
2017,2017-12,12,7,19,LEGO: Friends of Heartlake City,19.0,yearend2017-chartcalcs.ods,Sheet1,13,16,inverse_points_preserve_position
2017,2017-12,12,8,18,Law & Order: Special Victims Unit,18.0,yearend2017-chartcalcs.ods,Sheet1,18,16,inverse_points_preserve_position
2017,2017-12,12,9,17,My Little Pony: Friendship is Magic,17.0,yearend2017-chartcalcs.ods,Sheet1,10,16,inverse_points_preserve_position
2017,2017-12,12,10,16,Star Trek: The Next Generation,16.0,yearend2017-chartcalcs.ods,Sheet1,64,16,inverse_points_preserve_position
2017,2017-12,12,11,15,Fate/Apocrypha,15.0,yearend2017-chartcalcs.ods,Sheet1,48,16,inverse_points_preserve_position
2017,2017-12,12,12,14,Little Witch Academia,14.0,yearend2017-chartcalcs.ods,Sheet1,27,16,inverse_points_preserve_position
2017,2017-12,12,13,13,The Bold and the Beautiful,13.0,yearend2017-chartcalcs.ods,Sheet1,14,16,inverse_points_preserve_position
2017,2017-12,12,14,12,Galaxy Express 999,12.0,yearend2017-chartcalcs.ods,Sheet1,71,16,inverse_points_preserve_position
2017,2017-12,12,15,11,Sailor Moon,11.0,yearend2017-chartcalcs.ods,Sheet1,23,16,inverse_points_preserve_position
2017,2017-12,12,16,10,Bill Nye the Science Guy,10.0,yearend2017-chartcalcs.ods,Sheet1,53,16,inverse_points_preserve_position
2017,2017-12,12,17,9,LEGO: Elves,9.0,yearend2017-chartcalcs.ods,Sheet1,21,16,inverse_points_preserve_position
2017,2017-12,12,18,8,Alice & Zouroku,8.0,yearend2017-chartcalcs.ods,Sheet1,39,16,inverse_points_preserve_position
2017,2017-12,12,19,7,Voltron: Legendary Defender,7.0,yearend2017-chartcalcs.ods,Sheet1,16,16,inverse_points_preserve_position
2017,2017-12,12,20,6,Hellsing,6.0,yearend2017-chartcalcs.ods,Sheet1,33,16,inverse_points_preserve_position
2017,2017-12,12,21,5,Dog Days,5.0,yearend2017-chartcalcs.ods,Sheet1,75,16,inverse_points_preserve_position
2017,2017-12,12,22,4,Tornado Hunters,4.0,yearend2017-chartcalcs.ods,Sheet1,66,16,inverse_points_preserve_position
2017,2017-12,12,23,3,Black Lagoon,3.0,yearend2017-chartcalcs.ods,Sheet1,38,16,inverse_points_preserve_position
2017,2017-12,12,24,2,Tara Duncan,2.0,yearend2017-chartcalcs.ods,Sheet1,26,16,inverse_points_preserve_position
2017,2017-12,12,25,1,Lucha Underground,1.0,yearend2017-chartcalcs.ods,Sheet1,20,16,inverse_points_preserve_position
2018,2018-01,1,1,25,JK-MESHI!,25.0,yearend2018-chartcalcs.ods,calcs,35,5,inverse_points_preserve_position
2018,2018-01,1,2,24,Galaxy Express 999,24.0,yearend2018-chartcalcs.ods,calcs,26,5,inverse_points_preserve_position
2018,2018-01,1,3,23,My Little Pony: Friendship is Magic,23.0,yearend2018-chartcalcs.ods,calcs,51,5,inverse_points_preserve_position
2018,2018-01,1,4,22,H2O: Mermaid Adventures,22.0,yearend2018-chartcalcs.ods,calcs,28,5,inverse_points_preserve_position
2018,2018-01,1,5,21,LEGO: Friends of Heartlake City,21.0,yearend2018-chartcalcs.ods,calcs,42,5,inverse_points_preserve_position
2018,2018-01,1,6,20,Steven Universe,20.0,yearend2018-chartcalcs.ods,calcs,63,5,inverse_points_preserve_position
2018,2018-01,1,7,19,Bill Nye the Science Guy,19.0,yearend2018-chartcalcs.ods,calcs,13,5,inverse_points_preserve_position
2018,2018-01,1,8,18,Wagnaria!!/Working!!,18.0,yearend2018-chartcalcs.ods,calcs,77,5,inverse_points_preserve_position
2018,2018-01,1,9,17,Rozen Maiden,17.0,yearend2018-chartcalcs.ods,calcs,54,5,inverse_points_preserve_position
2018,2018-01,1,10,16,Leah Remini: Scientology and the Aftermath,16.0,yearend2018-chartcalcs.ods,calcs,40,5,inverse_points_preserve_position
2018,2018-01,1,11,15,Tara Duncan,15.0,yearend2018-chartcalcs.ods,calcs,65,5,inverse_points_preserve_position
2018,2018-01,1,12,14,ID-0,14.0,yearend2018-chartcalcs.ods,calcs,33,5,inverse_points_preserve_position
2018,2018-01,1,13,13,Elena of Avalor,13.0,yearend2018-chartcalcs.ods,calcs,23,5,inverse_points_preserve_position
2018,2018-01,1,14,12,Law & Order: Special Victims Unit,12.0,yearend2018-chartcalcs.ods,calcs,39,5,inverse_points_preserve_position
2018,2018-01,1,15,11,Hipira,11.0,yearend2018-chartcalcs.ods,calcs,30,5,inverse_points_preserve_position
2018,2018-01,1,16,10,Soul Eater,10.0,yearend2018-chartcalcs.ods,calcs,57,5,inverse_points_preserve_position
2018,2018-01,1,17,9,The Bold and the Beautiful,9.0,yearend2018-chartcalcs.ods,calcs,66,5,inverse_points_preserve_position
2018,2018-01,1,18,8,Little Witch Academia,8.0,yearend2018-chartcalcs.ods,calcs,43,5,inverse_points_preserve_position
2018,2018-01,1,19,7,Star Wars Rebels,7.0,yearend2018-chartcalcs.ods,calcs,62,5,inverse_points_preserve_position
2018,2018-01,1,20,6,Voltron: Legendary Defender,6.0,yearend2018-chartcalcs.ods,calcs,76,5,inverse_points_preserve_position
2018,2018-01,1,21,5,Fate/Apocrypha,5.0,yearend2018-chartcalcs.ods,calcs,24,5,inverse_points_preserve_position
2018,2018-01,1,22,4,Star Trek: The Next Generation,4.0,yearend2018-chartcalcs.ods,calcs,61,5,inverse_points_preserve_position
2018,2018-01,1,23,3,LEGO: Elves,3.0,yearend2018-chartcalcs.ods,calcs,41,5,inverse_points_preserve_position
2018,2018-01,1,24,2,Sailor Moon,2.0,yearend2018-chartcalcs.ods,calcs,56,5,inverse_points_preserve_position
2018,2018-01,1,25,1,Hellsing,1.0,yearend2018-chartcalcs.ods,calcs,29,5,inverse_points_preserve_position
2018,2018-02,2,1,25,Steven Universe,25.0,yearend2018-chartcalcs.ods,calcs,63,6,inverse_points_preserve_position
2018,2018-02,2,2,24,H2O: Mermaid Adventures,24.0,yearend2018-chartcalcs.ods,calcs,28,6,inverse_points_preserve_position
2018,2018-02,2,3,23,OK K.O.! Let’s Be Heroes,23.0,yearend2018-chartcalcs.ods,calcs,52,6,inverse_points_preserve_position
2018,2018-02,2,4,22,Sailor Moon,22.0,yearend2018-chartcalcs.ods,calcs,56,6,inverse_points_preserve_position
2018,2018-02,2,5,21,My Little Pony: Friendship is Magic,21.0,yearend2018-chartcalcs.ods,calcs,51,6,inverse_points_preserve_position
2018,2018-02,2,6,20,Fullmetal Alchemist,20.0,yearend2018-chartcalcs.ods,calcs,25,6,inverse_points_preserve_position
2018,2018-02,2,7,19,Cadillacs & Dinosaurs,19.0,yearend2018-chartcalcs.ods,calcs,14,6,inverse_points_preserve_position
2018,2018-02,2,8,18,ID-0,18.0,yearend2018-chartcalcs.ods,calcs,33,6,inverse_points_preserve_position
2018,2018-02,2,9,17,Hipira,17.0,yearend2018-chartcalcs.ods,calcs,30,6,inverse_points_preserve_position
2018,2018-02,2,10,16,Magical Meow Meow Taruto,16.0,yearend2018-chartcalcs.ods,calcs,45,6,inverse_points_preserve_position
2018,2018-02,2,11,15,Mummy Nanny,15.0,yearend2018-chartcalcs.ods,calcs,49,6,inverse_points_preserve_position
2018,2018-02,2,12,14,JK-MESHI!,14.0,yearend2018-chartcalcs.ods,calcs,35,6,inverse_points_preserve_position
2018,2018-02,2,13,13,Cardcaptor Sakura,13.0,yearend2018-chartcalcs.ods,calcs,15,6,inverse_points_preserve_position
2018,2018-02,2,14,12,How It’s Made,12.0,yearend2018-chartcalcs.ods,calcs,31,6,inverse_points_preserve_position
2018,2018-02,2,15,11,The Bold and the Beautiful,11.0,yearend2018-chartcalcs.ods,calcs,66,6,inverse_points_preserve_position
2018,2018-02,2,16,10,Bill Nye the Science Guy,10.0,yearend2018-chartcalcs.ods,calcs,13,6,inverse_points_preserve_position
2018,2018-02,2,17,9,Leah Remini: Scientology and the Aftermath,9.0,yearend2018-chartcalcs.ods,calcs,40,6,inverse_points_preserve_position
2018,2018-02,2,18,8,Galaxy Express 999,8.0,yearend2018-chartcalcs.ods,calcs,26,6,inverse_points_preserve_position
2018,2018-02,2,19,7,LEGO: Friends of Heartlake City,7.0,yearend2018-chartcalcs.ods,calcs,42,6,inverse_points_preserve_position
2018,2018-02,2,20,6,LEGO: Elves,6.0,yearend2018-chartcalcs.ods,calcs,41,6,inverse_points_preserve_position
2018,2018-02,2,21,5,Elena of Avalor,5.0,yearend2018-chartcalcs.ods,calcs,23,6,inverse_points_preserve_position
2018,2018-02,2,22,4,Mighty Morphin’ Power Rangers,4.0,yearend2018-chartcalcs.ods,calcs,46,6,inverse_points_preserve_position
2018,2018-02,2,23,3,Wagnaria!!/Working!!,3.0,yearend2018-chartcalcs.ods,calcs,77,6,inverse_points_preserve_position
2018,2018-02,2,24,2,Law & Order: Special Victims Unit,2.0,yearend2018-chartcalcs.ods,calcs,39,6,inverse_points_preserve_position
2018,2018-02,2,25,1,Little Witch Academia,1.0,yearend2018-chartcalcs.ods,calcs,43,6,inverse_points_preserve_position
2018,2018-03,3,1,25,OK K.O.! Let’s Be Heroes,25.0,yearend2018-chartcalcs.ods,calcs,52,7,inverse_points_preserve_position
2018,2018-03,3,2,24,DC Super Hero Girls,24.0,yearend2018-chartcalcs.ods,calcs,19,7,inverse_points_preserve_position
2018,2018-03,3,3,23,Bill Nye the Science Guy,23.0,yearend2018-chartcalcs.ods,calcs,13,7,inverse_points_preserve_position
2018,2018-03,3,4,22,Magical Meow Meow Taruto,22.0,yearend2018-chartcalcs.ods,calcs,45,7,inverse_points_preserve_position
2018,2018-03,3,5,21,H2O: Mermaid Adventures,21.0,yearend2018-chartcalcs.ods,calcs,28,7,inverse_points_preserve_position
2018,2018-03,3,6,20,JK-MESHI!,20.0,yearend2018-chartcalcs.ods,calcs,35,7,inverse_points_preserve_position
2018,2018-03,3,7,19,The New Adventures of Lassie,19.0,yearend2018-chartcalcs.ods,calcs,71,7,inverse_points_preserve_position
2018,2018-03,3,8,18,Cardcaptor Sakura,18.0,yearend2018-chartcalcs.ods,calcs,15,7,inverse_points_preserve_position
2018,2018-03,3,9,17,LEGO: Elves,17.0,yearend2018-chartcalcs.ods,calcs,41,7,inverse_points_preserve_position
2018,2018-03,3,10,16,My Little Pony,16.0,yearend2018-chartcalcs.ods,calcs,50,7,inverse_points_preserve_position
2018,2018-03,3,11,15,Steven Universe,15.0,yearend2018-chartcalcs.ods,calcs,63,7,inverse_points_preserve_position
2018,2018-03,3,12,14,Sailor Moon,14.0,yearend2018-chartcalcs.ods,calcs,56,7,inverse_points_preserve_position
2018,2018-03,3,13,13,Hipira,13.0,yearend2018-chartcalcs.ods,calcs,30,7,inverse_points_preserve_position
2018,2018-03,3,14,12,ID-0,12.0,yearend2018-chartcalcs.ods,calcs,33,7,inverse_points_preserve_position
2018,2018-03,3,15,11,Fullmetal Alchemist,11.0,yearend2018-chartcalcs.ods,calcs,25,7,inverse_points_preserve_position
2018,2018-03,3,16,10,My Little Pony: Friendship is Magic,10.0,yearend2018-chartcalcs.ods,calcs,51,7,inverse_points_preserve_position
2018,2018-03,3,17,9,Galaxy Express 999,9.0,yearend2018-chartcalcs.ods,calcs,26,7,inverse_points_preserve_position
2018,2018-03,3,18,8,Mummy Nanny,8.0,yearend2018-chartcalcs.ods,calcs,49,7,inverse_points_preserve_position
2018,2018-03,3,19,7,Cadillacs & Dinosaurs,7.0,yearend2018-chartcalcs.ods,calcs,14,7,inverse_points_preserve_position
2018,2018-03,3,20,6,Elena of Avalor,6.0,yearend2018-chartcalcs.ods,calcs,23,7,inverse_points_preserve_position
2018,2018-03,3,21,5,The Bold and the Beautiful,5.0,yearend2018-chartcalcs.ods,calcs,66,7,inverse_points_preserve_position
2018,2018-03,3,22,4,How It’s Made,4.0,yearend2018-chartcalcs.ods,calcs,31,7,inverse_points_preserve_position
2018,2018-03,3,23,3,Law & Order: Special Victims Unit,3.0,yearend2018-chartcalcs.ods,calcs,39,7,inverse_points_preserve_position
2018,2018-03,3,24,2,LEGO: Friends of Heartlake City,2.0,yearend2018-chartcalcs.ods,calcs,42,7,inverse_points_preserve_position
2018,2018-03,3,25,1,Leah Remini: Scientology and the Aftermath,1.0,yearend2018-chartcalcs.ods,calcs,40,7,inverse_points_preserve_position
2018,2018-04,4,1,25,DC Super Hero Girls,25.0,yearend2018-chartcalcs.ods,calcs,19,8,inverse_points_preserve_position
2018,2018-04,4,2,24,OK K.O.! Let’s Be Heroes,24.0,yearend2018-chartcalcs.ods,calcs,52,8,inverse_points_preserve_position
2018,2018-04,4,3,23,Star Wars Rebels,23.0,yearend2018-chartcalcs.ods,calcs,62,8,inverse_points_preserve_position
2018,2018-04,4,4,22,JK-MESHI!,22.0,yearend2018-chartcalcs.ods,calcs,35,8,inverse_points_preserve_position
2018,2018-04,4,5,21,The Bold and the Beautiful,21.0,yearend2018-chartcalcs.ods,calcs,66,8,inverse_points_preserve_position
2018,2018-04,4,6,20,Steven Universe,20.0,yearend2018-chartcalcs.ods,calcs,63,8,inverse_points_preserve_position
2018,2018-04,4,7,19,Miss Kobayashi’s Dragon Maid,19.0,yearend2018-chartcalcs.ods,calcs,48,8,inverse_points_preserve_position
2018,2018-04,4,8,18,Voltron: Legendary Defender,18.0,yearend2018-chartcalcs.ods,calcs,76,8,inverse_points_preserve_position
2018,2018-04,4,9,17,The New Adventures of Lassie,17.0,yearend2018-chartcalcs.ods,calcs,71,8,inverse_points_preserve_position
2018,2018-04,4,10,16,How It’s Made,16.0,yearend2018-chartcalcs.ods,calcs,31,8,inverse_points_preserve_position
2018,2018-04,4,11,15,The Young and the Restless,15.0,yearend2018-chartcalcs.ods,calcs,72,8,inverse_points_preserve_position
2018,2018-04,4,12,14,H2O: Mermaid Adventures,14.0,yearend2018-chartcalcs.ods,calcs,28,8,inverse_points_preserve_position
2018,2018-04,4,13,13,My Little Pony: Friendship is Magic,13.0,yearend2018-chartcalcs.ods,calcs,51,8,inverse_points_preserve_position
2018,2018-04,4,14,12,Sailor Moon,12.0,yearend2018-chartcalcs.ods,calcs,56,8,inverse_points_preserve_position
2018,2018-04,4,15,11,Magical Meow Meow Taruto,11.0,yearend2018-chartcalcs.ods,calcs,45,8,inverse_points_preserve_position
2018,2018-04,4,16,10,Mummy Nanny,10.0,yearend2018-chartcalcs.ods,calcs,49,8,inverse_points_preserve_position
2018,2018-04,4,17,9,Elena of Avalor,9.0,yearend2018-chartcalcs.ods,calcs,23,8,inverse_points_preserve_position
2018,2018-04,4,18,8,Spirit Riding Free,8.0,yearend2018-chartcalcs.ods,calcs,60,8,inverse_points_preserve_position
2018,2018-04,4,19,7,LEGO: Elves,7.0,yearend2018-chartcalcs.ods,calcs,41,8,inverse_points_preserve_position
2018,2018-04,4,20,6,Hipira,6.0,yearend2018-chartcalcs.ods,calcs,30,8,inverse_points_preserve_position
2018,2018-04,4,21,5,Cardcaptor Sakura,5.0,yearend2018-chartcalcs.ods,calcs,15,8,inverse_points_preserve_position
2018,2018-04,4,22,4,Bill Nye the Science Guy,4.0,yearend2018-chartcalcs.ods,calcs,13,8,inverse_points_preserve_position
2018,2018-04,4,23,3,Law & Order: Special Victims Unit,3.0,yearend2018-chartcalcs.ods,calcs,39,8,inverse_points_preserve_position
2018,2018-04,4,24,2,ID-0,2.0,yearend2018-chartcalcs.ods,calcs,33,8,inverse_points_preserve_position
2018,2018-04,4,25,1,Cadillacs & Dinosaurs,1.0,yearend2018-chartcalcs.ods,calcs,14,8,inverse_points_preserve_position
2018,2018-05,5,1,25,DC Super Hero Girls,25.0,yearend2018-chartcalcs.ods,calcs,19,9,inverse_points_preserve_position
2018,2018-05,5,2,24,Anime de Training EX,24.0,yearend2018-chartcalcs.ods,calcs,11,9,inverse_points_preserve_position
2018,2018-05,5,3,23,Steven Universe,23.0,yearend2018-chartcalcs.ods,calcs,63,9,inverse_points_preserve_position
2018,2018-05,5,4,22,JK-MESHI!,22.0,yearend2018-chartcalcs.ods,calcs,35,9,inverse_points_preserve_position
2018,2018-05,5,5,21,Dagashi Kashi,21.0,yearend2018-chartcalcs.ods,calcs,18,9,inverse_points_preserve_position
2018,2018-05,5,6,20,H2O: Mermaid Adventures,20.0,yearend2018-chartcalcs.ods,calcs,28,9,inverse_points_preserve_position
2018,2018-05,5,7,19,OK K.O.! Let’s Be Heroes,19.0,yearend2018-chartcalcs.ods,calcs,52,9,inverse_points_preserve_position
2018,2018-05,5,8,18,Spirit Riding Free,18.0,yearend2018-chartcalcs.ods,calcs,60,9,inverse_points_preserve_position
2018,2018-05,5,9,17,My Little Pony: Friendship is Magic,17.0,yearend2018-chartcalcs.ods,calcs,51,9,inverse_points_preserve_position
2018,2018-05,5,10,16,Cardcaptor Sakura,16.0,yearend2018-chartcalcs.ods,calcs,15,9,inverse_points_preserve_position
2018,2018-05,5,11,15,The New Adventures of Lassie,15.0,yearend2018-chartcalcs.ods,calcs,71,9,inverse_points_preserve_position
2018,2018-05,5,12,14,The Magic School Bus Rides Again,14.0,yearend2018-chartcalcs.ods,calcs,69,9,inverse_points_preserve_position
2018,2018-05,5,13,13,Miss Kobayashi’s Dragon Maid,13.0,yearend2018-chartcalcs.ods,calcs,48,9,inverse_points_preserve_position
2018,2018-05,5,14,12,RWBY,12.0,yearend2018-chartcalcs.ods,calcs,55,9,inverse_points_preserve_position
2018,2018-05,5,15,11,The Young and the Restless,11.0,yearend2018-chartcalcs.ods,calcs,72,9,inverse_points_preserve_position
2018,2018-05,5,16,10,Miraculous: Tales of Ladybug and Cat Noir,10.0,yearend2018-chartcalcs.ods,calcs,47,9,inverse_points_preserve_position
2018,2018-05,5,17,9,Sailor Moon,9.0,yearend2018-chartcalcs.ods,calcs,56,9,inverse_points_preserve_position
2018,2018-05,5,18,8,How It’s Made,8.0,yearend2018-chartcalcs.ods,calcs,31,9,inverse_points_preserve_position
2018,2018-05,5,19,7,Law & Order: Special Victims Unit,7.0,yearend2018-chartcalcs.ods,calcs,39,9,inverse_points_preserve_position
2018,2018-05,5,20,6,Voltron: Legendary Defender,6.0,yearend2018-chartcalcs.ods,calcs,76,9,inverse_points_preserve_position
2018,2018-05,5,21,5,Bill Nye the Science Guy,5.0,yearend2018-chartcalcs.ods,calcs,13,9,inverse_points_preserve_position
2018,2018-05,5,22,4,Elena of Avalor,4.0,yearend2018-chartcalcs.ods,calcs,23,9,inverse_points_preserve_position
2018,2018-05,5,23,3,Magical Meow Meow Taruto,3.0,yearend2018-chartcalcs.ods,calcs,45,9,inverse_points_preserve_position
2018,2018-05,5,24,2,The Bold and the Beautiful,2.0,yearend2018-chartcalcs.ods,calcs,66,9,inverse_points_preserve_position
2018,2018-05,5,25,1,Mummy Nanny,1.0,yearend2018-chartcalcs.ods,calcs,49,9,inverse_points_preserve_position
2018,2018-06,6,1,25,DC Super Hero Girls,25.0,yearend2018-chartcalcs.ods,calcs,19,10,inverse_points_preserve_position
2018,2018-06,6,2,24,Spirit Riding Free,24.0,yearend2018-chartcalcs.ods,calcs,60,10,inverse_points_preserve_position
2018,2018-06,6,3,23,RWBY,23.0,yearend2018-chartcalcs.ods,calcs,55,10,inverse_points_preserve_position
2018,2018-06,6,4,22,Steven Universe,22.0,yearend2018-chartcalcs.ods,calcs,63,10,inverse_points_preserve_position
2018,2018-06,6,5,21,My Little Pony: Friendship is Magic,21.0,yearend2018-chartcalcs.ods,calcs,51,10,inverse_points_preserve_position
2018,2018-06,6,6,20,OK K.O.! Let’s Be Heroes,20.0,yearend2018-chartcalcs.ods,calcs,52,10,inverse_points_preserve_position
2018,2018-06,6,7,19,Dagashi Kashi,19.0,yearend2018-chartcalcs.ods,calcs,18,10,inverse_points_preserve_position
2018,2018-06,6,8,18,Miss Kobayashi’s Dragon Maid,18.0,yearend2018-chartcalcs.ods,calcs,48,10,inverse_points_preserve_position
2018,2018-06,6,9,17,Street Fighter: The Animated Series,17.0,yearend2018-chartcalcs.ods,calcs,64,10,inverse_points_preserve_position
2018,2018-06,6,10,16,H2O: Mermaid Adventures,16.0,yearend2018-chartcalcs.ods,calcs,28,10,inverse_points_preserve_position
2018,2018-06,6,11,15,The Lion Guard,15.0,yearend2018-chartcalcs.ods,calcs,68,10,inverse_points_preserve_position
2018,2018-06,6,12,14,Vandread,14.0,yearend2018-chartcalcs.ods,calcs,75,10,inverse_points_preserve_position
2018,2018-06,6,13,13,Cardcaptor Sakura,13.0,yearend2018-chartcalcs.ods,calcs,15,10,inverse_points_preserve_position
2018,2018-06,6,14,12,JK-MESHI!,12.0,yearend2018-chartcalcs.ods,calcs,35,10,inverse_points_preserve_position
2018,2018-06,6,15,11,Law & Order: Special Victims Unit,11.0,yearend2018-chartcalcs.ods,calcs,39,10,inverse_points_preserve_position
2018,2018-06,6,16,10,Anime de Training EX,10.0,yearend2018-chartcalcs.ods,calcs,11,10,inverse_points_preserve_position
2018,2018-06,6,17,9,Adventure Time,9.0,yearend2018-chartcalcs.ods,calcs,9,10,inverse_points_preserve_position
2018,2018-06,6,18,8,Junji Ito Collection,8.0,yearend2018-chartcalcs.ods,calcs,36,10,inverse_points_preserve_position
2018,2018-06,6,19,7,The Magic School Bus Rides Again,7.0,yearend2018-chartcalcs.ods,calcs,69,10,inverse_points_preserve_position
2018,2018-06,6,20,6,Spice and Wolf,6.0,yearend2018-chartcalcs.ods,calcs,59,10,inverse_points_preserve_position
2018,2018-06,6,21,5,Sailor Moon,5.0,yearend2018-chartcalcs.ods,calcs,56,10,inverse_points_preserve_position
2018,2018-06,6,22,4,The Young and the Restless,4.0,yearend2018-chartcalcs.ods,calcs,72,10,inverse_points_preserve_position
2018,2018-06,6,23,3,AggRetsuko,3.0,yearend2018-chartcalcs.ods,calcs,10,10,inverse_points_preserve_position
2018,2018-06,6,24,2,Miraculous: Tales of Ladybug and Cat Noir,2.0,yearend2018-chartcalcs.ods,calcs,47,10,inverse_points_preserve_position
2018,2018-06,6,25,1,The New Adventures of Lassie,1.0,yearend2018-chartcalcs.ods,calcs,71,10,inverse_points_preserve_position
2018,2018-07,7,1,25,DC Super Hero Girls,25.0,yearend2018-chartcalcs.ods,calcs,19,11,inverse_points_preserve_position
2018,2018-07,7,2,24,Digimon: Digital Monsters,24.0,yearend2018-chartcalcs.ods,calcs,21,11,inverse_points_preserve_position
2018,2018-07,7,3,23,The Bold and the Beautiful,23.0,yearend2018-chartcalcs.ods,calcs,66,11,inverse_points_preserve_position
2018,2018-07,7,4,22,Infini T Force,22.0,yearend2018-chartcalcs.ods,calcs,34,11,inverse_points_preserve_position
2018,2018-07,7,5,21,My Little Pony: Friendship is Magic,21.0,yearend2018-chartcalcs.ods,calcs,51,11,inverse_points_preserve_position
2018,2018-07,7,6,20,RWBY,20.0,yearend2018-chartcalcs.ods,calcs,55,11,inverse_points_preserve_position
2018,2018-07,7,7,19,Lucha Underground,19.0,yearend2018-chartcalcs.ods,calcs,44,11,inverse_points_preserve_position
2018,2018-07,7,8,18,Spice and Wolf,18.0,yearend2018-chartcalcs.ods,calcs,59,11,inverse_points_preserve_position
2018,2018-07,7,9,17,How It’s Made,17.0,yearend2018-chartcalcs.ods,calcs,31,11,inverse_points_preserve_position
2018,2018-07,7,10,16,The Young and the Restless,16.0,yearend2018-chartcalcs.ods,calcs,72,11,inverse_points_preserve_position
2018,2018-07,7,11,15,Steven Universe,15.0,yearend2018-chartcalcs.ods,calcs,63,11,inverse_points_preserve_position
2018,2018-07,7,12,14,Dagashi Kashi,14.0,yearend2018-chartcalcs.ods,calcs,18,11,inverse_points_preserve_position
2018,2018-07,7,13,13,Spirit Riding Free,13.0,yearend2018-chartcalcs.ods,calcs,60,11,inverse_points_preserve_position
2018,2018-07,7,14,12,OK K.O.! Let’s Be Heroes,12.0,yearend2018-chartcalcs.ods,calcs,52,11,inverse_points_preserve_position
2018,2018-07,7,15,11,Kakegurui,11.0,yearend2018-chartcalcs.ods,calcs,37,11,inverse_points_preserve_position
2018,2018-07,7,16,10,Miss Kobayashi’s Dragon Maid,10.0,yearend2018-chartcalcs.ods,calcs,48,11,inverse_points_preserve_position
2018,2018-07,7,17,9,Star Trek: The Next Generation,9.0,yearend2018-chartcalcs.ods,calcs,61,11,inverse_points_preserve_position
2018,2018-07,7,18,8,H2O: Mermaid Adventures,8.0,yearend2018-chartcalcs.ods,calcs,28,11,inverse_points_preserve_position
2018,2018-07,7,19,7,The Lion Guard,7.0,yearend2018-chartcalcs.ods,calcs,68,11,inverse_points_preserve_position
2018,2018-07,7,20,6,JK-MESHI!,6.0,yearend2018-chartcalcs.ods,calcs,35,11,inverse_points_preserve_position
2018,2018-07,7,21,5,Cardcaptor Sakura,5.0,yearend2018-chartcalcs.ods,calcs,15,11,inverse_points_preserve_position
2018,2018-07,7,22,4,Junji Ito Collection,4.0,yearend2018-chartcalcs.ods,calcs,36,11,inverse_points_preserve_position
2018,2018-07,7,23,3,Anime de Training EX,3.0,yearend2018-chartcalcs.ods,calcs,11,11,inverse_points_preserve_position
2018,2018-07,7,24,2,Vandread,2.0,yearend2018-chartcalcs.ods,calcs,75,11,inverse_points_preserve_position
2018,2018-07,7,25,1,Street Fighter: The Animated Series,1.0,yearend2018-chartcalcs.ods,calcs,64,11,inverse_points_preserve_position
2018,2018-08,8,1,25,DC Super Hero Girls,25.0,yearend2018-chartcalcs.ods,calcs,19,12,inverse_points_preserve_position
2018,2018-08,8,2,24,Lucha Underground,24.0,yearend2018-chartcalcs.ods,calcs,44,12,inverse_points_preserve_position
2018,2018-08,8,3,23,Vampirina,23.0,yearend2018-chartcalcs.ods,calcs,74,12,inverse_points_preserve_position
2018,2018-08,8,4,22,Digimon: Digital Monsters,22.0,yearend2018-chartcalcs.ods,calcs,21,12,inverse_points_preserve_position
2018,2018-08,8,5,21,Miss Kobayashi’s Dragon Maid,21.0,yearend2018-chartcalcs.ods,calcs,48,12,inverse_points_preserve_position
2018,2018-08,8,6,20,Kakegurui,20.0,yearend2018-chartcalcs.ods,calcs,37,12,inverse_points_preserve_position
2018,2018-08,8,7,19,Steven Universe,19.0,yearend2018-chartcalcs.ods,calcs,63,12,inverse_points_preserve_position
2018,2018-08,8,8,18,DuckTales,18.0,yearend2018-chartcalcs.ods,calcs,22,12,inverse_points_preserve_position
2018,2018-08,8,9,17,Rozen Maiden,17.0,yearend2018-chartcalcs.ods,calcs,54,12,inverse_points_preserve_position
2018,2018-08,8,10,16,How It’s Made,16.0,yearend2018-chartcalcs.ods,calcs,31,12,inverse_points_preserve_position
2018,2018-08,8,11,15,Elena of Avalor,15.0,yearend2018-chartcalcs.ods,calcs,23,12,inverse_points_preserve_position
2018,2018-08,8,12,14,The Bold and the Beautiful,14.0,yearend2018-chartcalcs.ods,calcs,66,12,inverse_points_preserve_position
2018,2018-08,8,13,13,My Little Pony: Friendship is Magic,13.0,yearend2018-chartcalcs.ods,calcs,51,12,inverse_points_preserve_position
2018,2018-08,8,14,12,H2O: Mermaid Adventures,12.0,yearend2018-chartcalcs.ods,calcs,28,12,inverse_points_preserve_position
2018,2018-08,8,15,11,The Young and the Restless,11.0,yearend2018-chartcalcs.ods,calcs,72,12,inverse_points_preserve_position
2018,2018-08,8,16,10,RWBY,10.0,yearend2018-chartcalcs.ods,calcs,55,12,inverse_points_preserve_position
2018,2018-08,8,17,9,Infini T Force,9.0,yearend2018-chartcalcs.ods,calcs,34,12,inverse_points_preserve_position
2018,2018-08,8,18,8,OK K.O.! Let’s Be Heroes,8.0,yearend2018-chartcalcs.ods,calcs,52,12,inverse_points_preserve_position
2018,2018-08,8,19,7,Spice and Wolf,7.0,yearend2018-chartcalcs.ods,calcs,59,12,inverse_points_preserve_position
2018,2018-08,8,20,6,Spirit Riding Free,6.0,yearend2018-chartcalcs.ods,calcs,60,12,inverse_points_preserve_position
2018,2018-08,8,21,5,Cardcaptor Sakura,5.0,yearend2018-chartcalcs.ods,calcs,15,12,inverse_points_preserve_position
2018,2018-08,8,22,4,Dagashi Kashi,4.0,yearend2018-chartcalcs.ods,calcs,18,12,inverse_points_preserve_position
2018,2018-08,8,23,3,Street Fighter: The Animated Series,3.0,yearend2018-chartcalcs.ods,calcs,64,12,inverse_points_preserve_position
2018,2018-08,8,24,2,JK-MESHI!,2.0,yearend2018-chartcalcs.ods,calcs,35,12,inverse_points_preserve_position
2018,2018-08,8,25,1,Star Trek: The Next Generation,1.0,yearend2018-chartcalcs.ods,calcs,61,12,inverse_points_preserve_position
2018,2018-09,9,1,25,Cells At Work!,25.0,yearend2018-chartcalcs.ods,calcs,17,13,inverse_points_preserve_position
2018,2018-09,9,2,24,DuckTales,24.0,yearend2018-chartcalcs.ods,calcs,22,13,inverse_points_preserve_position
2018,2018-09,9,3,23,Vampirina,23.0,yearend2018-chartcalcs.ods,calcs,74,13,inverse_points_preserve_position
2018,2018-09,9,4,22,DC Super Hero Girls,22.0,yearend2018-chartcalcs.ods,calcs,19,13,inverse_points_preserve_position
2018,2018-09,9,5,21,Kakuriyo -Bed & Breakfast for Spirits-,21.0,yearend2018-chartcalcs.ods,calcs,38,13,inverse_points_preserve_position
2018,2018-09,9,6,20,OK K.O.! Let’s Be Heroes,20.0,yearend2018-chartcalcs.ods,calcs,52,13,inverse_points_preserve_position
2018,2018-09,9,7,19,The Young and the Restless,19.0,yearend2018-chartcalcs.ods,calcs,72,13,inverse_points_preserve_position
2018,2018-09,9,8,18,The Bold and the Beautiful,18.0,yearend2018-chartcalcs.ods,calcs,66,13,inverse_points_preserve_position
2018,2018-09,9,9,17,Elena of Avalor,17.0,yearend2018-chartcalcs.ods,calcs,23,13,inverse_points_preserve_position
2018,2018-09,9,10,16,Lucha Underground,16.0,yearend2018-chartcalcs.ods,calcs,44,13,inverse_points_preserve_position
2018,2018-09,9,11,15,Spirit Riding Free,15.0,yearend2018-chartcalcs.ods,calcs,60,13,inverse_points_preserve_position
2018,2018-09,9,12,14,My Little Pony: Friendship is Magic,14.0,yearend2018-chartcalcs.ods,calcs,51,13,inverse_points_preserve_position
2018,2018-09,9,13,13,How It’s Made,13.0,yearend2018-chartcalcs.ods,calcs,31,13,inverse_points_preserve_position
2018,2018-09,9,14,12,Miss Kobayashi’s Dragon Maid,12.0,yearend2018-chartcalcs.ods,calcs,48,13,inverse_points_preserve_position
2018,2018-09,9,15,11,H2O: Mermaid Adventures,11.0,yearend2018-chartcalcs.ods,calcs,28,13,inverse_points_preserve_position
2018,2018-09,9,16,10,Kakegurui,10.0,yearend2018-chartcalcs.ods,calcs,37,13,inverse_points_preserve_position
2018,2018-09,9,17,9,Steven Universe,9.0,yearend2018-chartcalcs.ods,calcs,63,13,inverse_points_preserve_position
2018,2018-09,9,18,8,Digimon: Digital Monsters,8.0,yearend2018-chartcalcs.ods,calcs,21,13,inverse_points_preserve_position
2018,2018-09,9,19,7,RWBY,7.0,yearend2018-chartcalcs.ods,calcs,55,13,inverse_points_preserve_position
2018,2018-09,9,20,6,Oreimo,6.0,yearend2018-chartcalcs.ods,calcs,53,13,inverse_points_preserve_position
2018,2018-09,9,21,5,Rozen Maiden,5.0,yearend2018-chartcalcs.ods,calcs,54,13,inverse_points_preserve_position
2018,2018-09,9,22,4,Dagashi Kashi,4.0,yearend2018-chartcalcs.ods,calcs,18,13,inverse_points_preserve_position
2018,2018-09,9,23,3,Cardcaptor Sakura,3.0,yearend2018-chartcalcs.ods,calcs,15,13,inverse_points_preserve_position
2018,2018-09,9,24,2,Infini T Force,2.0,yearend2018-chartcalcs.ods,calcs,34,13,inverse_points_preserve_position
2018,2018-09,9,25,1,Spice and Wolf,1.0,yearend2018-chartcalcs.ods,calcs,59,13,inverse_points_preserve_position
2018,2018-10,10,1,25,Cells At Work!,25.0,yearend2018-chartcalcs.ods,calcs,17,14,inverse_points_preserve_position
2018,2018-10,10,2,24,DC Super Hero Girls,24.0,yearend2018-chartcalcs.ods,calcs,19,14,inverse_points_preserve_position
2018,2018-10,10,3,23,Kakuriyo -Bed & Breakfast for Spirits-,23.0,yearend2018-chartcalcs.ods,calcs,38,14,inverse_points_preserve_position
2018,2018-10,10,4,22,Asobi Asobase,22.0,yearend2018-chartcalcs.ods,calcs,12,14,inverse_points_preserve_position
2018,2018-10,10,5,21,RWBY,21.0,yearend2018-chartcalcs.ods,calcs,55,14,inverse_points_preserve_position
2018,2018-10,10,6,20,Lucha Underground,20.0,yearend2018-chartcalcs.ods,calcs,44,14,inverse_points_preserve_position
2018,2018-10,10,7,19,Elena of Avalor,19.0,yearend2018-chartcalcs.ods,calcs,23,14,inverse_points_preserve_position
2018,2018-10,10,8,18,Hyakko,18.0,yearend2018-chartcalcs.ods,calcs,32,14,inverse_points_preserve_position
2018,2018-10,10,9,17,Descendants: Wicked World,17.0,yearend2018-chartcalcs.ods,calcs,20,14,inverse_points_preserve_position
2018,2018-10,10,10,16,Miss Kobayashi’s Dragon Maid,16.0,yearend2018-chartcalcs.ods,calcs,48,14,inverse_points_preserve_position
2018,2018-10,10,11,15,DuckTales,15.0,yearend2018-chartcalcs.ods,calcs,22,14,inverse_points_preserve_position
2018,2018-10,10,12,14,Vampirina,14.0,yearend2018-chartcalcs.ods,calcs,74,14,inverse_points_preserve_position
2018,2018-10,10,13,13,Twelve Kingdoms,13.0,yearend2018-chartcalcs.ods,calcs,73,14,inverse_points_preserve_position
2018,2018-10,10,14,12,My Little Pony: Friendship is Magic,12.0,yearend2018-chartcalcs.ods,calcs,51,14,inverse_points_preserve_position
2018,2018-10,10,15,11,Kakegurui,11.0,yearend2018-chartcalcs.ods,calcs,37,14,inverse_points_preserve_position
2018,2018-10,10,16,10,H2O: Mermaid Adventures,10.0,yearend2018-chartcalcs.ods,calcs,28,14,inverse_points_preserve_position
2018,2018-10,10,17,9,Spirit Riding Free,9.0,yearend2018-chartcalcs.ods,calcs,60,14,inverse_points_preserve_position
2018,2018-10,10,18,8,The Bold and the Beautiful,8.0,yearend2018-chartcalcs.ods,calcs,66,14,inverse_points_preserve_position
2018,2018-10,10,19,7,OK K.O.! Let’s Be Heroes,7.0,yearend2018-chartcalcs.ods,calcs,52,14,inverse_points_preserve_position
2018,2018-10,10,20,6,How It’s Made,6.0,yearend2018-chartcalcs.ods,calcs,31,14,inverse_points_preserve_position
2018,2018-10,10,21,5,The Young and the Restless,5.0,yearend2018-chartcalcs.ods,calcs,72,14,inverse_points_preserve_position
2018,2018-10,10,22,4,Steven Universe,4.0,yearend2018-chartcalcs.ods,calcs,63,14,inverse_points_preserve_position
2018,2018-10,10,23,3,Digimon: Digital Monsters,3.0,yearend2018-chartcalcs.ods,calcs,21,14,inverse_points_preserve_position
2018,2018-10,10,24,2,Oreimo,2.0,yearend2018-chartcalcs.ods,calcs,53,14,inverse_points_preserve_position
2018,2018-10,10,25,1,Cardcaptor Sakura,1.0,yearend2018-chartcalcs.ods,calcs,15,14,inverse_points_preserve_position
2018,2018-11,11,1,25,The Dragon Prince,25.0,yearend2018-chartcalcs.ods,calcs,67,15,inverse_points_preserve_position
2018,2018-11,11,2,24,Cells At Work!,24.0,yearend2018-chartcalcs.ods,calcs,17,15,inverse_points_preserve_position
2018,2018-11,11,3,23,DC Super Hero Girls,23.0,yearend2018-chartcalcs.ods,calcs,19,15,inverse_points_preserve_position
2018,2018-11,11,4,22,The Young and the Restless,22.0,yearend2018-chartcalcs.ods,calcs,72,15,inverse_points_preserve_position
2018,2018-11,11,5,21,My Little Pony: Friendship is Magic,21.0,yearend2018-chartcalcs.ods,calcs,51,15,inverse_points_preserve_position
2018,2018-11,11,6,20,Bill Nye the Science Guy,20.0,yearend2018-chartcalcs.ods,calcs,13,15,inverse_points_preserve_position
2018,2018-11,11,7,19,Elena of Avalor,19.0,yearend2018-chartcalcs.ods,calcs,23,15,inverse_points_preserve_position
2018,2018-11,11,8,18,Twelve Kingdoms,18.0,yearend2018-chartcalcs.ods,calcs,73,15,inverse_points_preserve_position
2018,2018-11,11,9,17,The Bold and the Beautiful,17.0,yearend2018-chartcalcs.ods,calcs,66,15,inverse_points_preserve_position
2018,2018-11,11,10,16,The Lion Guard,16.0,yearend2018-chartcalcs.ods,calcs,68,15,inverse_points_preserve_position
2018,2018-11,11,11,15,Lucha Underground,15.0,yearend2018-chartcalcs.ods,calcs,44,15,inverse_points_preserve_position
2018,2018-11,11,12,14,Vampirina,14.0,yearend2018-chartcalcs.ods,calcs,74,15,inverse_points_preserve_position
2018,2018-11,11,13,13,DuckTales,13.0,yearend2018-chartcalcs.ods,calcs,22,15,inverse_points_preserve_position
2018,2018-11,11,14,12,Asobi Asobase,12.0,yearend2018-chartcalcs.ods,calcs,12,15,inverse_points_preserve_position
2018,2018-11,11,15,11,Digimon: Digital Monsters,11.0,yearend2018-chartcalcs.ods,calcs,21,15,inverse_points_preserve_position
2018,2018-11,11,16,10,Sound of the Sky,10.0,yearend2018-chartcalcs.ods,calcs,58,15,inverse_points_preserve_position
2018,2018-11,11,17,9,How It’s Made,9.0,yearend2018-chartcalcs.ods,calcs,31,15,inverse_points_preserve_position
2018,2018-11,11,18,8,Kakuriyo -Bed & Breakfast for Spirits-,8.0,yearend2018-chartcalcs.ods,calcs,38,15,inverse_points_preserve_position
2018,2018-11,11,19,7,Miss Kobayashi’s Dragon Maid,7.0,yearend2018-chartcalcs.ods,calcs,48,15,inverse_points_preserve_position
2018,2018-11,11,20,6,Hyakko,6.0,yearend2018-chartcalcs.ods,calcs,32,15,inverse_points_preserve_position
2018,2018-11,11,21,5,OK K.O.! Let’s Be Heroes,5.0,yearend2018-chartcalcs.ods,calcs,52,15,inverse_points_preserve_position
2018,2018-11,11,22,4,RWBY,4.0,yearend2018-chartcalcs.ods,calcs,55,15,inverse_points_preserve_position
2018,2018-11,11,23,3,Kakegurui,3.0,yearend2018-chartcalcs.ods,calcs,37,15,inverse_points_preserve_position
2018,2018-11,11,24,2,H2O: Mermaid Adventures,2.0,yearend2018-chartcalcs.ods,calcs,28,15,inverse_points_preserve_position
2018,2018-11,11,25,1,Steven Universe,1.0,yearend2018-chartcalcs.ods,calcs,63,15,inverse_points_preserve_position
2018,2018-12,12,1,25,DC Super Hero Girls,25.0,yearend2018-chartcalcs.ods,calcs,19,16,inverse_points_preserve_position
2018,2018-12,12,2,24,The Dragon Prince,24.0,yearend2018-chartcalcs.ods,calcs,67,16,inverse_points_preserve_position
2018,2018-12,12,3,23,Elena of Avalor,23.0,yearend2018-chartcalcs.ods,calcs,23,16,inverse_points_preserve_position
2018,2018-12,12,4,22,Twelve Kingdoms,22.0,yearend2018-chartcalcs.ods,calcs,73,16,inverse_points_preserve_position
2018,2018-12,12,5,21,DuckTales,21.0,yearend2018-chartcalcs.ods,calcs,22,16,inverse_points_preserve_position
2018,2018-12,12,6,20,Miss Kobayashi’s Dragon Maid,20.0,yearend2018-chartcalcs.ods,calcs,48,16,inverse_points_preserve_position
2018,2018-12,12,7,19,My Little Pony: Friendship is Magic,19.0,yearend2018-chartcalcs.ods,calcs,51,16,inverse_points_preserve_position
2018,2018-12,12,8,18,Castlevania,18.0,yearend2018-chartcalcs.ods,calcs,16,16,inverse_points_preserve_position
2018,2018-12,12,9,17,Vampirina,17.0,yearend2018-chartcalcs.ods,calcs,74,16,inverse_points_preserve_position
2018,2018-12,12,10,16,Cells At Work!,16.0,yearend2018-chartcalcs.ods,calcs,17,16,inverse_points_preserve_position
2018,2018-12,12,11,15,Bill Nye the Science Guy,15.0,yearend2018-chartcalcs.ods,calcs,13,16,inverse_points_preserve_position
2018,2018-12,12,12,14,The Young and the Restless,14.0,yearend2018-chartcalcs.ods,calcs,72,16,inverse_points_preserve_position
2018,2018-12,12,13,13,The Bold and the Beautiful,13.0,yearend2018-chartcalcs.ods,calcs,66,16,inverse_points_preserve_position
2018,2018-12,12,14,12,GTO: Great Teacher Onizuka,12.0,yearend2018-chartcalcs.ods,calcs,27,16,inverse_points_preserve_position
2018,2018-12,12,15,11,Digimon: Digital Monsters,11.0,yearend2018-chartcalcs.ods,calcs,21,16,inverse_points_preserve_position
2018,2018-12,12,16,10,Lucha Underground,10.0,yearend2018-chartcalcs.ods,calcs,44,16,inverse_points_preserve_position
2018,2018-12,12,17,9,The Melody of Oblivion,9.0,yearend2018-chartcalcs.ods,calcs,70,16,inverse_points_preserve_position
2018,2018-12,12,18,8,RWBY,8.0,yearend2018-chartcalcs.ods,calcs,55,16,inverse_points_preserve_position
2018,2018-12,12,19,7,Asobi Asobase,7.0,yearend2018-chartcalcs.ods,calcs,12,16,inverse_points_preserve_position
2018,2018-12,12,20,6,The Lion Guard,6.0,yearend2018-chartcalcs.ods,calcs,68,16,inverse_points_preserve_position
2018,2018-12,12,21,5,How It’s Made,5.0,yearend2018-chartcalcs.ods,calcs,31,16,inverse_points_preserve_position
2018,2018-12,12,22,4,Hyakko,4.0,yearend2018-chartcalcs.ods,calcs,32,16,inverse_points_preserve_position
2018,2018-12,12,23,3,Kakegurui,3.0,yearend2018-chartcalcs.ods,calcs,37,16,inverse_points_preserve_position
2018,2018-12,12,24,2,Kakuriyo -Bed & Breakfast for Spirits-,2.0,yearend2018-chartcalcs.ods,calcs,38,16,inverse_points_preserve_position
2018,2018-12,12,25,1,Steven Universe,1.0,yearend2018-chartcalcs.ods,calcs,63,16,inverse_points_preserve_position
2019,2019-01,1,1,25,Frankenstein Family,25.0,yearend2019-chartcalcs.ods,Sheet1,34,5,inverse_points_preserve_position
2019,2019-01,1,2,24,DC Super Hero Girls,24.0,yearend2019-chartcalcs.ods,Sheet1,24,5,inverse_points_preserve_position
2019,2019-01,1,3,23,The Dragon Prince,23.0,yearend2019-chartcalcs.ods,Sheet1,70,5,inverse_points_preserve_position
2019,2019-01,1,4,22,The Bold and the Beautiful,22.0,yearend2019-chartcalcs.ods,Sheet1,68,5,inverse_points_preserve_position
2019,2019-01,1,5,21,Leah Remini: Scientology and the Aftermath,21.0,yearend2019-chartcalcs.ods,Sheet1,46,5,inverse_points_preserve_position
2019,2019-01,1,6,20,GTO: Great Teacher Onizuka,20.0,yearend2019-chartcalcs.ods,Sheet1,36,5,inverse_points_preserve_position
2019,2019-01,1,7,19,Vampirina,19.0,yearend2019-chartcalcs.ods,Sheet1,79,5,inverse_points_preserve_position
2019,2019-01,1,8,18,Elena of Avalor,18.0,yearend2019-chartcalcs.ods,Sheet1,32,5,inverse_points_preserve_position
2019,2019-01,1,9,17,Black Butler,17.0,yearend2019-chartcalcs.ods,Sheet1,15,5,inverse_points_preserve_position
2019,2019-01,1,10,16,RWBY,16.0,yearend2019-chartcalcs.ods,Sheet1,58,5,inverse_points_preserve_position
2019,2019-01,1,11,15,The Young and the Restless,15.0,yearend2019-chartcalcs.ods,Sheet1,77,5,inverse_points_preserve_position
2019,2019-01,1,12,14,Stitch!,14.0,yearend2019-chartcalcs.ods,Sheet1,64,5,inverse_points_preserve_position
2019,2019-01,1,13,13,Bill Nye the Science Guy,13.0,yearend2019-chartcalcs.ods,Sheet1,14,5,inverse_points_preserve_position
2019,2019-01,1,14,12,DuckTales,12.0,yearend2019-chartcalcs.ods,Sheet1,30,5,inverse_points_preserve_position
2019,2019-01,1,15,11,Cells At Work!,11.0,yearend2019-chartcalcs.ods,Sheet1,20,5,inverse_points_preserve_position
2019,2019-01,1,16,10,My Little Pony: Friendship is Magic,10.0,yearend2019-chartcalcs.ods,Sheet1,53,5,inverse_points_preserve_position
2019,2019-01,1,17,9,The Twelve Kingdoms,9.0,yearend2019-chartcalcs.ods,Sheet1,76,5,inverse_points_preserve_position
2019,2019-01,1,18,8,Miss Kobayashi’s Dragon Maid,8.0,yearend2019-chartcalcs.ods,Sheet1,50,5,inverse_points_preserve_position
2019,2019-01,1,19,7,Castlevania,7.0,yearend2019-chartcalcs.ods,Sheet1,19,5,inverse_points_preserve_position
2019,2019-01,1,20,6,Hugtto! PreCure,6.0,yearend2019-chartcalcs.ods,Sheet1,41,5,inverse_points_preserve_position
2019,2019-01,1,21,5,Steven Universe,5.0,yearend2019-chartcalcs.ods,Sheet1,63,5,inverse_points_preserve_position
2019,2019-01,1,22,4,Digimon: Digital Monsters,4.0,yearend2019-chartcalcs.ods,Sheet1,29,5,inverse_points_preserve_position
2019,2019-01,1,23,3,The Melody of Oblivion,3.0,yearend2019-chartcalcs.ods,Sheet1,74,5,inverse_points_preserve_position
2019,2019-01,1,24,2,Asobi Asobase,2.0,yearend2019-chartcalcs.ods,Sheet1,13,5,inverse_points_preserve_position
2019,2019-01,1,25,1,Kakegurui,1.0,yearend2019-chartcalcs.ods,Sheet1,43,5,inverse_points_preserve_position
2019,2019-02,2,1,25,Steven Universe,25.0,yearend2019-chartcalcs.ods,Sheet1,63,6,inverse_points_preserve_position
2019,2019-02,2,2,24,The Bold and the Beautiful,24.0,yearend2019-chartcalcs.ods,Sheet1,68,6,inverse_points_preserve_position
2019,2019-02,2,3,23,DC Super Hero Girls,23.0,yearend2019-chartcalcs.ods,Sheet1,24,6,inverse_points_preserve_position
2019,2019-02,2,4,22,The Young and the Restless,22.0,yearend2019-chartcalcs.ods,Sheet1,77,6,inverse_points_preserve_position
2019,2019-02,2,5,21,The Dragon Prince,21.0,yearend2019-chartcalcs.ods,Sheet1,70,6,inverse_points_preserve_position
2019,2019-02,2,6,20,The Last Word with Lawrence O’Donnell,20.0,yearend2019-chartcalcs.ods,Sheet1,72,6,inverse_points_preserve_position
2019,2019-02,2,7,19,Descendants: Wicked World,19.0,yearend2019-chartcalcs.ods,Sheet1,26,6,inverse_points_preserve_position
2019,2019-02,2,8,18,Bill Nye the Science Guy,18.0,yearend2019-chartcalcs.ods,Sheet1,14,6,inverse_points_preserve_position
2019,2019-02,2,9,17,Black Butler,17.0,yearend2019-chartcalcs.ods,Sheet1,15,6,inverse_points_preserve_position
2019,2019-02,2,10,16,"Actually, I Am…",16.0,yearend2019-chartcalcs.ods,Sheet1,10,6,inverse_points_preserve_position
2019,2019-02,2,11,15,Frankenstein Family,15.0,yearend2019-chartcalcs.ods,Sheet1,34,6,inverse_points_preserve_position
2019,2019-02,2,12,14,GTO: Great Teacher Onizuka,14.0,yearend2019-chartcalcs.ods,Sheet1,36,6,inverse_points_preserve_position
2019,2019-02,2,13,13,Mobile Suit Gundam Unicorn,13.0,yearend2019-chartcalcs.ods,Sheet1,51,6,inverse_points_preserve_position
2019,2019-02,2,14,12,Leah Remini: Scientology and the Aftermath,12.0,yearend2019-chartcalcs.ods,Sheet1,46,6,inverse_points_preserve_position
2019,2019-02,2,15,11,Elena of Avalor,11.0,yearend2019-chartcalcs.ods,Sheet1,32,6,inverse_points_preserve_position
2019,2019-02,2,16,10,Vampirina,10.0,yearend2019-chartcalcs.ods,Sheet1,79,6,inverse_points_preserve_position
2019,2019-02,2,17,9,RWBY,9.0,yearend2019-chartcalcs.ods,Sheet1,58,6,inverse_points_preserve_position
2019,2019-02,2,18,8,Miss Kobayashi’s Dragon Maid,8.0,yearend2019-chartcalcs.ods,Sheet1,50,6,inverse_points_preserve_position
2019,2019-02,2,19,7,DuckTales,7.0,yearend2019-chartcalcs.ods,Sheet1,30,6,inverse_points_preserve_position
2019,2019-02,2,20,6,My Little Pony: Friendship is Magic,6.0,yearend2019-chartcalcs.ods,Sheet1,53,6,inverse_points_preserve_position
2019,2019-02,2,21,5,Cells At Work!,5.0,yearend2019-chartcalcs.ods,Sheet1,20,6,inverse_points_preserve_position
2019,2019-02,2,22,4,The Twelve Kingdoms,4.0,yearend2019-chartcalcs.ods,Sheet1,76,6,inverse_points_preserve_position
2019,2019-02,2,23,3,Stitch!,3.0,yearend2019-chartcalcs.ods,Sheet1,64,6,inverse_points_preserve_position
2019,2019-02,2,24,2,Hugtto! PreCure,2.0,yearend2019-chartcalcs.ods,Sheet1,41,6,inverse_points_preserve_position
2019,2019-02,2,25,1,Kakegurui,1.0,yearend2019-chartcalcs.ods,Sheet1,43,6,inverse_points_preserve_position
2019,2019-03,3,1,25,The Promised Neverland,25.0,yearend2019-chartcalcs.ods,Sheet1,75,7,inverse_points_preserve_position
2019,2019-03,3,2,24,The Dragon Prince,24.0,yearend2019-chartcalcs.ods,Sheet1,70,7,inverse_points_preserve_position
2019,2019-03,3,3,23,The Bold and the Beautiful,23.0,yearend2019-chartcalcs.ods,Sheet1,68,7,inverse_points_preserve_position
2019,2019-03,3,4,22,"Actually, I Am…",22.0,yearend2019-chartcalcs.ods,Sheet1,10,7,inverse_points_preserve_position
2019,2019-03,3,5,21,Law & Order: Special Victims Unit,21.0,yearend2019-chartcalcs.ods,Sheet1,45,7,inverse_points_preserve_position
2019,2019-03,3,6,20,Black Butler,20.0,yearend2019-chartcalcs.ods,Sheet1,15,7,inverse_points_preserve_position
2019,2019-03,3,7,19,She-Ra and the Princesses of Power,19.0,yearend2019-chartcalcs.ods,Sheet1,59,7,inverse_points_preserve_position
2019,2019-03,3,8,18,Cells At Work!,18.0,yearend2019-chartcalcs.ods,Sheet1,20,7,inverse_points_preserve_position
2019,2019-03,3,9,17,Descendants: Wicked World,17.0,yearend2019-chartcalcs.ods,Sheet1,26,7,inverse_points_preserve_position
2019,2019-03,3,10,16,How It’s Made,16.0,yearend2019-chartcalcs.ods,Sheet1,40,7,inverse_points_preserve_position
2019,2019-03,3,11,15,Leah Remini: Scientology and the Aftermath,15.0,yearend2019-chartcalcs.ods,Sheet1,46,7,inverse_points_preserve_position
2019,2019-03,3,12,14,DC Super Hero Girls,14.0,yearend2019-chartcalcs.ods,Sheet1,24,7,inverse_points_preserve_position
2019,2019-03,3,13,13,Vampirina,13.0,yearend2019-chartcalcs.ods,Sheet1,79,7,inverse_points_preserve_position
2019,2019-03,3,14,12,Elena of Avalor,12.0,yearend2019-chartcalcs.ods,Sheet1,32,7,inverse_points_preserve_position
2019,2019-03,3,15,11,PAW Patrol,11.0,yearend2019-chartcalcs.ods,Sheet1,55,7,inverse_points_preserve_position
2019,2019-03,3,16,10,The Last Word with Lawrence O’Donnell,10.0,yearend2019-chartcalcs.ods,Sheet1,72,7,inverse_points_preserve_position
2019,2019-03,3,17,9,Kin-iro Mosaic,9.0,yearend2019-chartcalcs.ods,Sheet1,44,7,inverse_points_preserve_position
2019,2019-03,3,18,8,Steven Universe,8.0,yearend2019-chartcalcs.ods,Sheet1,63,7,inverse_points_preserve_position
2019,2019-03,3,19,7,My Little Pony: Friendship is Magic,7.0,yearend2019-chartcalcs.ods,Sheet1,53,7,inverse_points_preserve_position
2019,2019-03,3,20,6,GTO: Great Teacher Onizuka,6.0,yearend2019-chartcalcs.ods,Sheet1,36,7,inverse_points_preserve_position
2019,2019-03,3,21,5,Frankenstein Family,5.0,yearend2019-chartcalcs.ods,Sheet1,34,7,inverse_points_preserve_position
2019,2019-03,3,22,4,Sword Art Online Alternative Gun Gale Online,4.0,yearend2019-chartcalcs.ods,Sheet1,65,7,inverse_points_preserve_position
2019,2019-03,3,23,3,Miss Kobayashi’s Dragon Maid,3.0,yearend2019-chartcalcs.ods,Sheet1,50,7,inverse_points_preserve_position
2019,2019-03,3,24,2,DuckTales,2.0,yearend2019-chartcalcs.ods,Sheet1,30,7,inverse_points_preserve_position
2019,2019-03,3,25,1,RWBY,1.0,yearend2019-chartcalcs.ods,Sheet1,58,7,inverse_points_preserve_position
2019,2019-04,4,1,25,Kin-iro Mosaic,25.0,yearend2019-chartcalcs.ods,Sheet1,44,8,inverse_points_preserve_position
2019,2019-04,4,2,24,The Promised Neverland,24.0,yearend2019-chartcalcs.ods,Sheet1,75,8,inverse_points_preserve_position
2019,2019-04,4,3,23,How It’s Made,23.0,yearend2019-chartcalcs.ods,Sheet1,40,8,inverse_points_preserve_position
2019,2019-04,4,4,22,The Dragon Prince,22.0,yearend2019-chartcalcs.ods,Sheet1,70,8,inverse_points_preserve_position
2019,2019-04,4,5,21,DC Super Hero Girls,21.0,yearend2019-chartcalcs.ods,Sheet1,24,8,inverse_points_preserve_position
2019,2019-04,4,6,20,She-Ra and the Princesses of Power,20.0,yearend2019-chartcalcs.ods,Sheet1,59,8,inverse_points_preserve_position
2019,2019-04,4,7,19,The Bold and the Beautiful,19.0,yearend2019-chartcalcs.ods,Sheet1,68,8,inverse_points_preserve_position
2019,2019-04,4,8,18,Vampirina,18.0,yearend2019-chartcalcs.ods,Sheet1,79,8,inverse_points_preserve_position
2019,2019-04,4,9,17,Tara Duncan,17.0,yearend2019-chartcalcs.ods,Sheet1,66,8,inverse_points_preserve_position
2019,2019-04,4,10,16,Law & Order: Special Victims Unit,16.0,yearend2019-chartcalcs.ods,Sheet1,45,8,inverse_points_preserve_position
2019,2019-04,4,11,15,Butterbean’s Café,15.0,yearend2019-chartcalcs.ods,Sheet1,16,8,inverse_points_preserve_position
2019,2019-04,4,12,14,DuckTales,14.0,yearend2019-chartcalcs.ods,Sheet1,30,8,inverse_points_preserve_position
2019,2019-04,4,13,13,The Young and the Restless,13.0,yearend2019-chartcalcs.ods,Sheet1,77,8,inverse_points_preserve_position
2019,2019-04,4,14,12,PAW Patrol,12.0,yearend2019-chartcalcs.ods,Sheet1,55,8,inverse_points_preserve_position
2019,2019-04,4,15,11,Power Battle Watch Car,11.0,yearend2019-chartcalcs.ods,Sheet1,56,8,inverse_points_preserve_position
2019,2019-04,4,16,10,Hotel Transylvania: The Series,10.0,yearend2019-chartcalcs.ods,Sheet1,39,8,inverse_points_preserve_position
2019,2019-04,4,17,9,Descendants: Wicked World,9.0,yearend2019-chartcalcs.ods,Sheet1,26,8,inverse_points_preserve_position
2019,2019-04,4,18,8,Black Butler,8.0,yearend2019-chartcalcs.ods,Sheet1,15,8,inverse_points_preserve_position
2019,2019-04,4,19,7,My Little Pony: Friendship is Magic,7.0,yearend2019-chartcalcs.ods,Sheet1,53,8,inverse_points_preserve_position
2019,2019-04,4,20,6,"Actually, I Am…",6.0,yearend2019-chartcalcs.ods,Sheet1,10,8,inverse_points_preserve_position
2019,2019-04,4,21,5,Cells At Work!,5.0,yearend2019-chartcalcs.ods,Sheet1,20,8,inverse_points_preserve_position
2019,2019-04,4,22,4,Elena of Avalor,4.0,yearend2019-chartcalcs.ods,Sheet1,32,8,inverse_points_preserve_position
2019,2019-04,4,23,3,The Last Word with Lawrence O’Donnell,3.0,yearend2019-chartcalcs.ods,Sheet1,72,8,inverse_points_preserve_position
2019,2019-04,4,24,2,Steven Universe,2.0,yearend2019-chartcalcs.ods,Sheet1,63,8,inverse_points_preserve_position
2019,2019-04,4,25,1,Miss Kobayashi’s Dragon Maid,1.0,yearend2019-chartcalcs.ods,Sheet1,50,8,inverse_points_preserve_position
2019,2019-05,5,1,25,Butterbean’s Café,25.0,yearend2019-chartcalcs.ods,Sheet1,16,9,inverse_points_preserve_position
2019,2019-05,5,2,24,Law & Order: Special Victims Unit,24.0,yearend2019-chartcalcs.ods,Sheet1,45,9,inverse_points_preserve_position
2019,2019-05,5,3,23,DC Super Hero Girls,23.0,yearend2019-chartcalcs.ods,Sheet1,24,9,inverse_points_preserve_position
2019,2019-05,5,4,22,Crane Game Girls,22.0,yearend2019-chartcalcs.ods,Sheet1,23,9,inverse_points_preserve_position
2019,2019-05,5,5,21,The Bold and the Beautiful,21.0,yearend2019-chartcalcs.ods,Sheet1,68,9,inverse_points_preserve_position
2019,2019-05,5,6,20,The Promised Neverland,20.0,yearend2019-chartcalcs.ods,Sheet1,75,9,inverse_points_preserve_position
2019,2019-05,5,7,19,RIMBA Racer,19.0,yearend2019-chartcalcs.ods,Sheet1,57,9,inverse_points_preserve_position
2019,2019-05,5,8,18,Elena of Avalor,18.0,yearend2019-chartcalcs.ods,Sheet1,32,9,inverse_points_preserve_position
2019,2019-05,5,9,17,Kin-iro Mosaic,17.0,yearend2019-chartcalcs.ods,Sheet1,44,9,inverse_points_preserve_position
2019,2019-05,5,10,16,Vampirina,16.0,yearend2019-chartcalcs.ods,Sheet1,79,9,inverse_points_preserve_position
2019,2019-05,5,11,15,Power Battle Watch Car,15.0,yearend2019-chartcalcs.ods,Sheet1,56,9,inverse_points_preserve_position
2019,2019-05,5,12,14,The Young and the Restless,14.0,yearend2019-chartcalcs.ods,Sheet1,77,9,inverse_points_preserve_position
2019,2019-05,5,13,13,The Dragon Prince,13.0,yearend2019-chartcalcs.ods,Sheet1,70,9,inverse_points_preserve_position
2019,2019-05,5,14,12,She-Ra and the Princesses of Power,12.0,yearend2019-chartcalcs.ods,Sheet1,59,9,inverse_points_preserve_position
2019,2019-05,5,15,11,Cinderella Nine,11.0,yearend2019-chartcalcs.ods,Sheet1,22,9,inverse_points_preserve_position
2019,2019-05,5,16,10,How It’s Made,10.0,yearend2019-chartcalcs.ods,Sheet1,40,9,inverse_points_preserve_position
2019,2019-05,5,17,9,My Little Pony: Friendship is Magic,9.0,yearend2019-chartcalcs.ods,Sheet1,53,9,inverse_points_preserve_position
2019,2019-05,5,18,8,Miss Kobayashi’s Dragon Maid,8.0,yearend2019-chartcalcs.ods,Sheet1,50,9,inverse_points_preserve_position
2019,2019-05,5,19,7,Descendants: Wicked World,7.0,yearend2019-chartcalcs.ods,Sheet1,26,9,inverse_points_preserve_position
2019,2019-05,5,20,6,Tara Duncan,6.0,yearend2019-chartcalcs.ods,Sheet1,66,9,inverse_points_preserve_position
2019,2019-05,5,21,5,PAW Patrol,5.0,yearend2019-chartcalcs.ods,Sheet1,55,9,inverse_points_preserve_position
2019,2019-05,5,22,4,The Last Word with Lawrence O’Donnell,4.0,yearend2019-chartcalcs.ods,Sheet1,72,9,inverse_points_preserve_position
2019,2019-05,5,23,3,"Actually, I Am…",3.0,yearend2019-chartcalcs.ods,Sheet1,10,9,inverse_points_preserve_position
2019,2019-05,5,24,2,Black Butler,2.0,yearend2019-chartcalcs.ods,Sheet1,15,9,inverse_points_preserve_position
2019,2019-05,5,25,1,DuckTales,1.0,yearend2019-chartcalcs.ods,Sheet1,30,9,inverse_points_preserve_position
2019,2019-06,6,1,25,Cinderella Nine,25.0,yearend2019-chartcalcs.ods,Sheet1,22,10,inverse_points_preserve_position
2019,2019-06,6,2,24,Butterbean’s Café,24.0,yearend2019-chartcalcs.ods,Sheet1,16,10,inverse_points_preserve_position
2019,2019-06,6,3,23,RIMBA Racer,23.0,yearend2019-chartcalcs.ods,Sheet1,57,10,inverse_points_preserve_position
2019,2019-06,6,4,22,DuckTales,22.0,yearend2019-chartcalcs.ods,Sheet1,30,10,inverse_points_preserve_position
2019,2019-06,6,5,21,Midnight Occult Civil Servants,21.0,yearend2019-chartcalcs.ods,Sheet1,47,10,inverse_points_preserve_position
2019,2019-06,6,6,20,The Promised Neverland,20.0,yearend2019-chartcalcs.ods,Sheet1,75,10,inverse_points_preserve_position
2019,2019-06,6,7,19,A Certain Magical Index,19.0,yearend2019-chartcalcs.ods,Sheet1,9,10,inverse_points_preserve_position
2019,2019-06,6,8,18,The Dragon Prince,18.0,yearend2019-chartcalcs.ods,Sheet1,70,10,inverse_points_preserve_position
2019,2019-06,6,9,17,She-Ra and the Princesses of Power,17.0,yearend2019-chartcalcs.ods,Sheet1,59,10,inverse_points_preserve_position
2019,2019-06,6,10,16,Power Battle Watch Car,16.0,yearend2019-chartcalcs.ods,Sheet1,56,10,inverse_points_preserve_position
2019,2019-06,6,11,15,Crane Game Girls,15.0,yearend2019-chartcalcs.ods,Sheet1,23,10,inverse_points_preserve_position
2019,2019-06,6,12,14,Law & Order: Special Victims Unit,14.0,yearend2019-chartcalcs.ods,Sheet1,45,10,inverse_points_preserve_position
2019,2019-06,6,13,13,The Bold and the Beautiful,13.0,yearend2019-chartcalcs.ods,Sheet1,68,10,inverse_points_preserve_position
2019,2019-06,6,14,12,Kin-iro Mosaic,12.0,yearend2019-chartcalcs.ods,Sheet1,44,10,inverse_points_preserve_position
2019,2019-06,6,15,11,DC Super Hero Girls,11.0,yearend2019-chartcalcs.ods,Sheet1,24,10,inverse_points_preserve_position
2019,2019-06,6,16,10,Vampirina,10.0,yearend2019-chartcalcs.ods,Sheet1,79,10,inverse_points_preserve_position
2019,2019-06,6,17,9,Elena of Avalor,9.0,yearend2019-chartcalcs.ods,Sheet1,32,10,inverse_points_preserve_position
2019,2019-06,6,18,8,The Young and the Restless,8.0,yearend2019-chartcalcs.ods,Sheet1,77,10,inverse_points_preserve_position
2019,2019-06,6,19,7,My Little Pony: Friendship is Magic,7.0,yearend2019-chartcalcs.ods,Sheet1,53,10,inverse_points_preserve_position
2019,2019-06,6,20,6,PAW Patrol,6.0,yearend2019-chartcalcs.ods,Sheet1,55,10,inverse_points_preserve_position
2019,2019-06,6,21,5,Miss Kobayashi’s Dragon Maid,5.0,yearend2019-chartcalcs.ods,Sheet1,50,10,inverse_points_preserve_position
2019,2019-06,6,22,4,H2O: Mermaid Adventures,4.0,yearend2019-chartcalcs.ods,Sheet1,37,10,inverse_points_preserve_position
2019,2019-06,6,23,3,Descendants: Wicked World,3.0,yearend2019-chartcalcs.ods,Sheet1,26,10,inverse_points_preserve_position
2019,2019-06,6,24,2,Steven Universe,2.0,yearend2019-chartcalcs.ods,Sheet1,63,10,inverse_points_preserve_position
2019,2019-06,6,25,1,"Actually, I Am…",1.0,yearend2019-chartcalcs.ods,Sheet1,10,10,inverse_points_preserve_position
2019,2019-07,7,1,25,Skylanders Academy,25.0,yearend2019-chartcalcs.ods,Sheet1,61,11,inverse_points_preserve_position
2019,2019-07,7,2,24,Butterbean’s Café,24.0,yearend2019-chartcalcs.ods,Sheet1,16,11,inverse_points_preserve_position
2019,2019-07,7,3,23,Steven Universe,23.0,yearend2019-chartcalcs.ods,Sheet1,63,11,inverse_points_preserve_position
2019,2019-07,7,4,22,A Certain Magical Index,22.0,yearend2019-chartcalcs.ods,Sheet1,9,11,inverse_points_preserve_position
2019,2019-07,7,5,21,Cinderella Nine,21.0,yearend2019-chartcalcs.ods,Sheet1,22,11,inverse_points_preserve_position
2019,2019-07,7,6,20,The Amazing World of Gumball,20.0,yearend2019-chartcalcs.ods,Sheet1,67,11,inverse_points_preserve_position
2019,2019-07,7,7,19,The Haunted House,19.0,yearend2019-chartcalcs.ods,Sheet1,71,11,inverse_points_preserve_position
2019,2019-07,7,8,18,Star Trek: The Next Generation,18.0,yearend2019-chartcalcs.ods,Sheet1,62,11,inverse_points_preserve_position
2019,2019-07,7,9,17,The Promised Neverland,17.0,yearend2019-chartcalcs.ods,Sheet1,75,11,inverse_points_preserve_position
2019,2019-07,7,10,16,DuckTales,16.0,yearend2019-chartcalcs.ods,Sheet1,30,11,inverse_points_preserve_position
2019,2019-07,7,11,15,The Bold and the Beautiful,15.0,yearend2019-chartcalcs.ods,Sheet1,68,11,inverse_points_preserve_position
2019,2019-07,7,12,14,DC Super Hero Girls,14.0,yearend2019-chartcalcs.ods,Sheet1,24,11,inverse_points_preserve_position
2019,2019-07,7,13,13,My Little Pony: Friendship is Magic,13.0,yearend2019-chartcalcs.ods,Sheet1,53,11,inverse_points_preserve_position
2019,2019-07,7,14,12,Midnight Occult Civil Servants,12.0,yearend2019-chartcalcs.ods,Sheet1,47,11,inverse_points_preserve_position
2019,2019-07,7,15,11,She-Ra and the Princesses of Power,11.0,yearend2019-chartcalcs.ods,Sheet1,59,11,inverse_points_preserve_position
2019,2019-07,7,16,10,Law & Order: Special Victims Unit,10.0,yearend2019-chartcalcs.ods,Sheet1,45,11,inverse_points_preserve_position
2019,2019-07,7,17,9,Power Battle Watch Car,9.0,yearend2019-chartcalcs.ods,Sheet1,56,11,inverse_points_preserve_position
2019,2019-07,7,18,8,Miss Kobayashi’s Dragon Maid,8.0,yearend2019-chartcalcs.ods,Sheet1,50,11,inverse_points_preserve_position
2019,2019-07,7,19,7,The Young and the Restless,7.0,yearend2019-chartcalcs.ods,Sheet1,77,11,inverse_points_preserve_position
2019,2019-07,7,20,6,RIMBA Racer,6.0,yearend2019-chartcalcs.ods,Sheet1,57,11,inverse_points_preserve_position
2019,2019-07,7,21,5,The Dragon Prince,5.0,yearend2019-chartcalcs.ods,Sheet1,70,11,inverse_points_preserve_position
2019,2019-07,7,22,4,Elena of Avalor,4.0,yearend2019-chartcalcs.ods,Sheet1,32,11,inverse_points_preserve_position
2019,2019-07,7,23,3,Vampirina,3.0,yearend2019-chartcalcs.ods,Sheet1,79,11,inverse_points_preserve_position
2019,2019-07,7,24,2,PAW Patrol,2.0,yearend2019-chartcalcs.ods,Sheet1,55,11,inverse_points_preserve_position
2019,2019-07,7,25,1,Crane Game Girls,1.0,yearend2019-chartcalcs.ods,Sheet1,23,11,inverse_points_preserve_position
2019,2019-08,8,1,25,My Little Pony: Friendship is Magic,25.0,yearend2019-chartcalcs.ods,Sheet1,53,12,inverse_points_preserve_position
2019,2019-08,8,2,24,Butterbean’s Café,24.0,yearend2019-chartcalcs.ods,Sheet1,16,12,inverse_points_preserve_position
2019,2019-08,8,3,23,Skylanders Academy,23.0,yearend2019-chartcalcs.ods,Sheet1,61,12,inverse_points_preserve_position
2019,2019-08,8,4,22,A Certain Magical Index,22.0,yearend2019-chartcalcs.ods,Sheet1,9,12,inverse_points_preserve_position
2019,2019-08,8,5,21,"If It’s For My Daughter, I’d Even Defeat A Demon Lord",21.0,yearend2019-chartcalcs.ods,Sheet1,42,12,inverse_points_preserve_position
2019,2019-08,8,6,20,Steven Universe,20.0,yearend2019-chartcalcs.ods,Sheet1,63,12,inverse_points_preserve_position
2019,2019-08,8,7,19,Cinderella Nine,19.0,yearend2019-chartcalcs.ods,Sheet1,22,12,inverse_points_preserve_position
2019,2019-08,8,8,18,Law & Order: Special Victims Unit,18.0,yearend2019-chartcalcs.ods,Sheet1,45,12,inverse_points_preserve_position
2019,2019-08,8,9,17,PAW Patrol,17.0,yearend2019-chartcalcs.ods,Sheet1,55,12,inverse_points_preserve_position
2019,2019-08,8,10,16,The Bold and the Beautiful,16.0,yearend2019-chartcalcs.ods,Sheet1,68,12,inverse_points_preserve_position
2019,2019-08,8,11,15,OK K.O.! Let’s Be Heroes,15.0,yearend2019-chartcalcs.ods,Sheet1,54,12,inverse_points_preserve_position
2019,2019-08,8,12,14,DC Super Hero Girls,14.0,yearend2019-chartcalcs.ods,Sheet1,24,12,inverse_points_preserve_position
2019,2019-08,8,13,13,C - Control: The Money of Soul and Possibility,13.0,yearend2019-chartcalcs.ods,Sheet1,17,12,inverse_points_preserve_position
2019,2019-08,8,14,12,The Haunted House,12.0,yearend2019-chartcalcs.ods,Sheet1,71,12,inverse_points_preserve_position
2019,2019-08,8,15,11,Earl and Fairy,11.0,yearend2019-chartcalcs.ods,Sheet1,31,12,inverse_points_preserve_position
2019,2019-08,8,16,10,The Young and the Restless,10.0,yearend2019-chartcalcs.ods,Sheet1,77,12,inverse_points_preserve_position
2019,2019-08,8,17,9,Vampirina,9.0,yearend2019-chartcalcs.ods,Sheet1,79,12,inverse_points_preserve_position
2019,2019-08,8,18,8,Midnight Occult Civil Servants,8.0,yearend2019-chartcalcs.ods,Sheet1,47,12,inverse_points_preserve_position
2019,2019-08,8,19,7,Designated Survivor,7.0,yearend2019-chartcalcs.ods,Sheet1,27,12,inverse_points_preserve_position
2019,2019-08,8,20,6,Yu Yu Hakusho,6.0,yearend2019-chartcalcs.ods,Sheet1,81,12,inverse_points_preserve_position
2019,2019-08,8,21,5,Miss Kobayashi’s Dragon Maid,5.0,yearend2019-chartcalcs.ods,Sheet1,50,12,inverse_points_preserve_position
2019,2019-08,8,22,4,RIMBA Racer,4.0,yearend2019-chartcalcs.ods,Sheet1,57,12,inverse_points_preserve_position
2019,2019-08,8,23,3,Flowering Heart,3.0,yearend2019-chartcalcs.ods,Sheet1,33,12,inverse_points_preserve_position
2019,2019-08,8,24,2,She-Ra and the Princesses of Power,2.0,yearend2019-chartcalcs.ods,Sheet1,59,12,inverse_points_preserve_position
2019,2019-08,8,25,1,Descendants: Wicked World,1.0,yearend2019-chartcalcs.ods,Sheet1,26,12,inverse_points_preserve_position
2019,2019-09,9,1,25,The Bold and the Beautiful,25.0,yearend2019-chartcalcs.ods,Sheet1,68,13,inverse_points_preserve_position
2019,2019-09,9,2,24,"If It’s For My Daughter, I’d Even Defeat A Demon Lord",24.0,yearend2019-chartcalcs.ods,Sheet1,42,13,inverse_points_preserve_position
2019,2019-09,9,3,23,DC Super Hero Girls,23.0,yearend2019-chartcalcs.ods,Sheet1,24,13,inverse_points_preserve_position
2019,2019-09,9,4,22,She-Ra and the Princesses of Power,22.0,yearend2019-chartcalcs.ods,Sheet1,59,13,inverse_points_preserve_position
2019,2019-09,9,5,21,Butterbean’s Café,21.0,yearend2019-chartcalcs.ods,Sheet1,16,13,inverse_points_preserve_position
2019,2019-09,9,6,20,Fruits Basket,20.0,yearend2019-chartcalcs.ods,Sheet1,35,13,inverse_points_preserve_position
2019,2019-09,9,7,19,Shomin Sample,19.0,yearend2019-chartcalcs.ods,Sheet1,60,13,inverse_points_preserve_position
2019,2019-09,9,8,18,OK K.O.! Let’s Be Heroes,18.0,yearend2019-chartcalcs.ods,Sheet1,54,13,inverse_points_preserve_position
2019,2019-09,9,9,17,Devil Lady,17.0,yearend2019-chartcalcs.ods,Sheet1,28,13,inverse_points_preserve_position
2019,2019-09,9,10,16,PAW Patrol,16.0,yearend2019-chartcalcs.ods,Sheet1,55,13,inverse_points_preserve_position
2019,2019-09,9,11,15,A Certain Magical Index,15.0,yearend2019-chartcalcs.ods,Sheet1,9,13,inverse_points_preserve_position
2019,2019-09,9,12,14,Cinderella Nine,14.0,yearend2019-chartcalcs.ods,Sheet1,22,13,inverse_points_preserve_position
2019,2019-09,9,13,13,Are You Lost?,13.0,yearend2019-chartcalcs.ods,Sheet1,12,13,inverse_points_preserve_position
2019,2019-09,9,14,12,The Lion Guard,12.0,yearend2019-chartcalcs.ods,Sheet1,73,13,inverse_points_preserve_position
2019,2019-09,9,15,11,My Little Pony: Friendship is Magic,11.0,yearend2019-chartcalcs.ods,Sheet1,53,13,inverse_points_preserve_position
2019,2019-09,9,16,10,Steven Universe,10.0,yearend2019-chartcalcs.ods,Sheet1,63,13,inverse_points_preserve_position
2019,2019-09,9,17,9,C - Control: The Money of Soul and Possibility,9.0,yearend2019-chartcalcs.ods,Sheet1,17,13,inverse_points_preserve_position
2019,2019-09,9,18,8,The Young and the Restless,8.0,yearend2019-chartcalcs.ods,Sheet1,77,13,inverse_points_preserve_position
2019,2019-09,9,19,7,Law & Order: Special Victims Unit,7.0,yearend2019-chartcalcs.ods,Sheet1,45,13,inverse_points_preserve_position
2019,2019-09,9,20,6,Earl and Fairy,6.0,yearend2019-chartcalcs.ods,Sheet1,31,13,inverse_points_preserve_position
2019,2019-09,9,21,5,RIMBA Racer,5.0,yearend2019-chartcalcs.ods,Sheet1,57,13,inverse_points_preserve_position
2019,2019-09,9,22,4,Care Bears,4.0,yearend2019-chartcalcs.ods,Sheet1,18,13,inverse_points_preserve_position
2019,2019-09,9,23,3,Vampirina,3.0,yearend2019-chartcalcs.ods,Sheet1,79,13,inverse_points_preserve_position
2019,2019-09,9,24,2,Miraculous: Tales of Ladybug and Cat Noir,2.0,yearend2019-chartcalcs.ods,Sheet1,49,13,inverse_points_preserve_position
2019,2019-09,9,25,1,Skylanders Academy,1.0,yearend2019-chartcalcs.ods,Sheet1,61,13,inverse_points_preserve_position
2019,2019-10,10,1,25,"If It’s For My Daughter, I’d Even Defeat A Demon Lord",25.0,yearend2019-chartcalcs.ods,Sheet1,42,14,inverse_points_preserve_position
2019,2019-10,10,2,24,Fruits Basket,24.0,yearend2019-chartcalcs.ods,Sheet1,35,14,inverse_points_preserve_position
2019,2019-10,10,3,23,DC Super Hero Girls,23.0,yearend2019-chartcalcs.ods,Sheet1,24,14,inverse_points_preserve_position
2019,2019-10,10,4,22,Butterbean’s Café,22.0,yearend2019-chartcalcs.ods,Sheet1,16,14,inverse_points_preserve_position
2019,2019-10,10,5,21,The Bold and the Beautiful,21.0,yearend2019-chartcalcs.ods,Sheet1,68,14,inverse_points_preserve_position
2019,2019-10,10,6,20,She-Ra and the Princesses of Power,20.0,yearend2019-chartcalcs.ods,Sheet1,59,14,inverse_points_preserve_position
2019,2019-10,10,7,19,Care Bears,19.0,yearend2019-chartcalcs.ods,Sheet1,18,14,inverse_points_preserve_position
2019,2019-10,10,8,18,The Dark Crystal: Age of Resistance,18.0,yearend2019-chartcalcs.ods,Sheet1,69,14,inverse_points_preserve_position
2019,2019-10,10,9,17,PAW Patrol,17.0,yearend2019-chartcalcs.ods,Sheet1,55,14,inverse_points_preserve_position
2019,2019-10,10,10,16,Are You Lost?,16.0,yearend2019-chartcalcs.ods,Sheet1,12,14,inverse_points_preserve_position
2019,2019-10,10,11,15,Wish Upon the Pleiades,15.0,yearend2019-chartcalcs.ods,Sheet1,80,14,inverse_points_preserve_position
2019,2019-10,10,12,14,Shomin Sample,14.0,yearend2019-chartcalcs.ods,Sheet1,60,14,inverse_points_preserve_position
2019,2019-10,10,13,13,Steven Universe,13.0,yearend2019-chartcalcs.ods,Sheet1,63,14,inverse_points_preserve_position
2019,2019-10,10,14,12,OK K.O.! Let’s Be Heroes,12.0,yearend2019-chartcalcs.ods,Sheet1,54,14,inverse_points_preserve_position
2019,2019-10,10,15,11,A Certain Magical Index,11.0,yearend2019-chartcalcs.ods,Sheet1,9,14,inverse_points_preserve_position
2019,2019-10,10,16,10,Miraculous: Tales of Ladybug and Cat Noir,10.0,yearend2019-chartcalcs.ods,Sheet1,49,14,inverse_points_preserve_position
2019,2019-10,10,17,9,Cinderella Nine,9.0,yearend2019-chartcalcs.ods,Sheet1,22,14,inverse_points_preserve_position
2019,2019-10,10,18,8,Devil Lady,8.0,yearend2019-chartcalcs.ods,Sheet1,28,14,inverse_points_preserve_position
2019,2019-10,10,19,7,The Last Word with Lawrence O’Donnell,7.0,yearend2019-chartcalcs.ods,Sheet1,72,14,inverse_points_preserve_position
2019,2019-10,10,20,6,Law & Order: Special Victims Unit,6.0,yearend2019-chartcalcs.ods,Sheet1,45,14,inverse_points_preserve_position
2019,2019-10,10,21,5,The Young and the Restless,5.0,yearend2019-chartcalcs.ods,Sheet1,77,14,inverse_points_preserve_position
2019,2019-10,10,22,4,My Little Pony: Friendship is Magic,4.0,yearend2019-chartcalcs.ods,Sheet1,53,14,inverse_points_preserve_position
2019,2019-10,10,23,3,Descendants: Wicked World,3.0,yearend2019-chartcalcs.ods,Sheet1,26,14,inverse_points_preserve_position
2019,2019-10,10,24,2,Vampirina,2.0,yearend2019-chartcalcs.ods,Sheet1,79,14,inverse_points_preserve_position
2019,2019-10,10,25,1,Earl and Fairy,1.0,yearend2019-chartcalcs.ods,Sheet1,31,14,inverse_points_preserve_position
2019,2019-11,11,1,25,Wish Upon the Pleiades,25.0,yearend2019-chartcalcs.ods,Sheet1,80,15,inverse_points_preserve_position
2019,2019-11,11,2,24,All Elite Wrestling: Dynamite,24.0,yearend2019-chartcalcs.ods,Sheet1,11,15,inverse_points_preserve_position
2019,2019-11,11,3,23,The Last Word with Lawrence O’Donnell,23.0,yearend2019-chartcalcs.ods,Sheet1,72,15,inverse_points_preserve_position
2019,2019-11,11,4,22,Law & Order: Special Victims Unit,22.0,yearend2019-chartcalcs.ods,Sheet1,45,15,inverse_points_preserve_position
2019,2019-11,11,5,21,How It’s Made,21.0,yearend2019-chartcalcs.ods,Sheet1,40,15,inverse_points_preserve_position
2019,2019-11,11,6,20,Fruits Basket,20.0,yearend2019-chartcalcs.ods,Sheet1,35,15,inverse_points_preserve_position
2019,2019-11,11,7,19,DC Super Hero Girls,19.0,yearend2019-chartcalcs.ods,Sheet1,24,15,inverse_points_preserve_position
2019,2019-11,11,8,18,Butterbean’s Café,18.0,yearend2019-chartcalcs.ods,Sheet1,16,15,inverse_points_preserve_position
2019,2019-11,11,9,17,Steven Universe,17.0,yearend2019-chartcalcs.ods,Sheet1,63,15,inverse_points_preserve_position
2019,2019-11,11,10,16,She-Ra and the Princesses of Power,16.0,yearend2019-chartcalcs.ods,Sheet1,59,15,inverse_points_preserve_position
2019,2019-11,11,11,15,The Bold and the Beautiful,15.0,yearend2019-chartcalcs.ods,Sheet1,68,15,inverse_points_preserve_position
2019,2019-11,11,12,14,Miniforce,14.0,yearend2019-chartcalcs.ods,Sheet1,48,15,inverse_points_preserve_position
2019,2019-11,11,13,13,Hinako Note,13.0,yearend2019-chartcalcs.ods,Sheet1,38,15,inverse_points_preserve_position
2019,2019-11,11,14,12,"If It’s For My Daughter, I’d Even Defeat A Demon Lord",12.0,yearend2019-chartcalcs.ods,Sheet1,42,15,inverse_points_preserve_position
2019,2019-11,11,15,11,Are You Lost?,11.0,yearend2019-chartcalcs.ods,Sheet1,12,15,inverse_points_preserve_position
2019,2019-11,11,16,10,PAW Patrol,10.0,yearend2019-chartcalcs.ods,Sheet1,55,15,inverse_points_preserve_position
2019,2019-11,11,17,9,Shomin Sample,9.0,yearend2019-chartcalcs.ods,Sheet1,60,15,inverse_points_preserve_position
2019,2019-11,11,18,8,Care Bears,8.0,yearend2019-chartcalcs.ods,Sheet1,18,15,inverse_points_preserve_position
2019,2019-11,11,19,7,Miss Kobayashi’s Dragon Maid,7.0,yearend2019-chartcalcs.ods,Sheet1,50,15,inverse_points_preserve_position
2019,2019-11,11,20,6,A Certain Magical Index,6.0,yearend2019-chartcalcs.ods,Sheet1,9,15,inverse_points_preserve_position
2019,2019-11,11,21,5,Miraculous: Tales of Ladybug and Cat Noir,5.0,yearend2019-chartcalcs.ods,Sheet1,49,15,inverse_points_preserve_position
2019,2019-11,11,22,4,Elena of Avalor,4.0,yearend2019-chartcalcs.ods,Sheet1,32,15,inverse_points_preserve_position
2019,2019-11,11,23,3,The Dark Crystal: Age of Resistance,3.0,yearend2019-chartcalcs.ods,Sheet1,69,15,inverse_points_preserve_position
2019,2019-11,11,24,2,OK K.O.! Let’s Be Heroes,2.0,yearend2019-chartcalcs.ods,Sheet1,54,15,inverse_points_preserve_position
2019,2019-11,11,25,1,My Little Pony: Friendship is Magic,1.0,yearend2019-chartcalcs.ods,Sheet1,53,15,inverse_points_preserve_position
2019,2019-12,12,1,25,Demon Slayer: Kimetsu no Yaiba,25.0,yearend2019-chartcalcs.ods,Sheet1,25,16,inverse_points_preserve_position
2019,2019-12,12,2,24,The Last Word with Lawrence O’Donnell,24.0,yearend2019-chartcalcs.ods,Sheet1,72,16,inverse_points_preserve_position
2019,2019-12,12,3,23,Butterbean’s Café,23.0,yearend2019-chartcalcs.ods,Sheet1,16,16,inverse_points_preserve_position
2019,2019-12,12,4,22,Law & Order: Special Victims Unit,22.0,yearend2019-chartcalcs.ods,Sheet1,45,16,inverse_points_preserve_position
2019,2019-12,12,5,21,Hinako Note,21.0,yearend2019-chartcalcs.ods,Sheet1,38,16,inverse_points_preserve_position
2019,2019-12,12,6,20,Monster High: Adventures of the Ghoul Squad,20.0,yearend2019-chartcalcs.ods,Sheet1,52,16,inverse_points_preserve_position
2019,2019-12,12,7,19,Wish Upon the Pleiades,19.0,yearend2019-chartcalcs.ods,Sheet1,80,16,inverse_points_preserve_position
2019,2019-12,12,8,18,All Elite Wrestling: Dynamite,18.0,yearend2019-chartcalcs.ods,Sheet1,11,16,inverse_points_preserve_position
2019,2019-12,12,9,17,The Bold and the Beautiful,17.0,yearend2019-chartcalcs.ods,Sheet1,68,16,inverse_points_preserve_position
2019,2019-12,12,10,16,DC Super Hero Girls,16.0,yearend2019-chartcalcs.ods,Sheet1,24,16,inverse_points_preserve_position
2019,2019-12,12,11,15,She-Ra and the Princesses of Power,15.0,yearend2019-chartcalcs.ods,Sheet1,59,16,inverse_points_preserve_position
2019,2019-12,12,12,14,H2O: Mermaid Adventures,14.0,yearend2019-chartcalcs.ods,Sheet1,37,16,inverse_points_preserve_position
2019,2019-12,12,13,13,Steven Universe,13.0,yearend2019-chartcalcs.ods,Sheet1,63,16,inverse_points_preserve_position
2019,2019-12,12,14,12,The Dragon Prince,12.0,yearend2019-chartcalcs.ods,Sheet1,70,16,inverse_points_preserve_position
2019,2019-12,12,15,11,Fruits Basket,11.0,yearend2019-chartcalcs.ods,Sheet1,35,16,inverse_points_preserve_position
2019,2019-12,12,16,10,Care Bears,10.0,yearend2019-chartcalcs.ods,Sheet1,18,16,inverse_points_preserve_position
2019,2019-12,12,17,9,Miss Kobayashi’s Dragon Maid,9.0,yearend2019-chartcalcs.ods,Sheet1,50,16,inverse_points_preserve_position
2019,2019-12,12,18,8,PAW Patrol,8.0,yearend2019-chartcalcs.ods,Sheet1,55,16,inverse_points_preserve_position
2019,2019-12,12,19,7,How It’s Made,7.0,yearend2019-chartcalcs.ods,Sheet1,40,16,inverse_points_preserve_position
2019,2019-12,12,20,6,Chivalry of a Failed Knight,6.0,yearend2019-chartcalcs.ods,Sheet1,21,16,inverse_points_preserve_position
2019,2019-12,12,21,5,Twin Angel,5.0,yearend2019-chartcalcs.ods,Sheet1,78,16,inverse_points_preserve_position
2019,2019-12,12,22,4,"If It’s For My Daughter, I’d Even Defeat A Demon Lord",4.0,yearend2019-chartcalcs.ods,Sheet1,42,16,inverse_points_preserve_position
2019,2019-12,12,23,3,Are You Lost?,3.0,yearend2019-chartcalcs.ods,Sheet1,12,16,inverse_points_preserve_position
2019,2019-12,12,24,2,RIMBA Racer,2.0,yearend2019-chartcalcs.ods,Sheet1,57,16,inverse_points_preserve_position
2019,2019-12,12,25,1,A Certain Magical Index,1.0,yearend2019-chartcalcs.ods,Sheet1,9,16,inverse_points_preserve_position
2020,2020-01,1,1,25,Steven Universe,25.0,yearend2020-chartcalcs.ods,Sheet1,13,5,inverse_points_preserve_position
2020,2020-01,1,2,24,The Last Word with Lawrence O’Donnell,24.0,yearend2020-chartcalcs.ods,Sheet1,22,5,inverse_points_preserve_position
2020,2020-01,1,3,23,Demon Slayer: Kimetsu no Yaiba,23.0,yearend2020-chartcalcs.ods,Sheet1,18,5,inverse_points_preserve_position
2020,2020-01,1,4,22,Monster High,22.0,yearend2020-chartcalcs.ods,Sheet1,11,5,inverse_points_preserve_position
2020,2020-01,1,5,21,Butterbean’s Café,21.0,yearend2020-chartcalcs.ods,Sheet1,20,5,inverse_points_preserve_position
2020,2020-01,1,6,20,The Dragon Prince,20.0,yearend2020-chartcalcs.ods,Sheet1,51,5,inverse_points_preserve_position
2020,2020-01,1,7,19,Tara Duncan,19.0,yearend2020-chartcalcs.ods,Sheet1,65,5,inverse_points_preserve_position
2020,2020-01,1,8,18,Elena of Avalor,18.0,yearend2020-chartcalcs.ods,Sheet1,10,5,inverse_points_preserve_position
2020,2020-01,1,9,17,Law & Order: Special Victims Unit,17.0,yearend2020-chartcalcs.ods,Sheet1,30,5,inverse_points_preserve_position
2020,2020-01,1,10,16,Wish Upon the Pleiades,16.0,yearend2020-chartcalcs.ods,Sheet1,39,5,inverse_points_preserve_position
2020,2020-01,1,11,15,How It’s Made,15.0,yearend2020-chartcalcs.ods,Sheet1,16,5,inverse_points_preserve_position
2020,2020-01,1,12,14,Hinako Note,14.0,yearend2020-chartcalcs.ods,Sheet1,54,5,inverse_points_preserve_position
2020,2020-01,1,13,13,Interviews with Monster Girls,13.0,yearend2020-chartcalcs.ods,Sheet1,57,5,inverse_points_preserve_position
2020,2020-01,1,14,12,The Bold and the Beautiful,12.0,yearend2020-chartcalcs.ods,Sheet1,9,5,inverse_points_preserve_position
2020,2020-01,1,15,11,Girls und Panzer,11.0,yearend2020-chartcalcs.ods,Sheet1,49,5,inverse_points_preserve_position
2020,2020-01,1,16,10,The Rachel Maddow Show,10.0,yearend2020-chartcalcs.ods,Sheet1,45,5,inverse_points_preserve_position
2020,2020-01,1,17,9,All Elite Wrestling: Dynamite,9.0,yearend2020-chartcalcs.ods,Sheet1,44,5,inverse_points_preserve_position
2020,2020-01,1,18,8,She-Ra and the Princesses of Power,8.0,yearend2020-chartcalcs.ods,Sheet1,70,5,inverse_points_preserve_position
2020,2020-01,1,19,7,DC Super Hero Girls,7.0,yearend2020-chartcalcs.ods,Sheet1,56,5,inverse_points_preserve_position
2020,2020-01,1,20,6,PAW Patrol,6.0,yearend2020-chartcalcs.ods,Sheet1,73,5,inverse_points_preserve_position
2020,2020-01,1,21,5,To the Abandoned Sacred Beasts,5.0,yearend2020-chartcalcs.ods,Sheet1,78,5,inverse_points_preserve_position
2020,2020-01,1,22,4,Fruits Basket,4.0,yearend2020-chartcalcs.ods,Sheet1,62,5,inverse_points_preserve_position
2020,2020-01,1,23,3,H2O: Mermaid Adventures,3.0,yearend2020-chartcalcs.ods,Sheet1,61,5,inverse_points_preserve_position
2020,2020-01,1,24,2,My Little Pony: Friendship is Magic,2.0,yearend2020-chartcalcs.ods,Sheet1,29,5,inverse_points_preserve_position
2020,2020-01,1,25,1,"If It’s For My Daughter, I’d Even Defeat A Demon Lord",1.0,yearend2020-chartcalcs.ods,Sheet1,82,5,inverse_points_preserve_position
2020,2020-02,2,1,25,Monster High,25.0,yearend2020-chartcalcs.ods,Sheet1,11,6,inverse_points_preserve_position
2020,2020-02,2,2,24,LEGO: Elves,24.0,yearend2020-chartcalcs.ods,Sheet1,47,6,inverse_points_preserve_position
2020,2020-02,2,3,23,Steven Universe,23.0,yearend2020-chartcalcs.ods,Sheet1,13,6,inverse_points_preserve_position
2020,2020-02,2,4,22,The Bold and the Beautiful,22.0,yearend2020-chartcalcs.ods,Sheet1,9,6,inverse_points_preserve_position
2020,2020-02,2,5,21,Butterbean’s Café,21.0,yearend2020-chartcalcs.ods,Sheet1,20,6,inverse_points_preserve_position
2020,2020-02,2,6,20,Deputy,20.0,yearend2020-chartcalcs.ods,Sheet1,23,6,inverse_points_preserve_position
2020,2020-02,2,7,19,Elena of Avalor,19.0,yearend2020-chartcalcs.ods,Sheet1,10,6,inverse_points_preserve_position
2020,2020-02,2,8,18,Aria the Animation,18.0,yearend2020-chartcalcs.ods,Sheet1,40,6,inverse_points_preserve_position
2020,2020-02,2,9,17,The Last Word with Lawrence O’Donnell,17.0,yearend2020-chartcalcs.ods,Sheet1,22,6,inverse_points_preserve_position
2020,2020-02,2,10,16,Demon Slayer: Kimetsu no Yaiba,16.0,yearend2020-chartcalcs.ods,Sheet1,18,6,inverse_points_preserve_position
2020,2020-02,2,11,15,Mia and Me,15.0,yearend2020-chartcalcs.ods,Sheet1,64,6,inverse_points_preserve_position
2020,2020-02,2,12,14,The Dragon Prince,14.0,yearend2020-chartcalcs.ods,Sheet1,51,6,inverse_points_preserve_position
2020,2020-02,2,13,13,Tornado Chasers,13.0,yearend2020-chartcalcs.ods,Sheet1,59,6,inverse_points_preserve_position
2020,2020-02,2,14,12,Interviews with Monster Girls,12.0,yearend2020-chartcalcs.ods,Sheet1,57,6,inverse_points_preserve_position
2020,2020-02,2,15,11,All Elite Wrestling: Dynamite,11.0,yearend2020-chartcalcs.ods,Sheet1,44,6,inverse_points_preserve_position
2020,2020-02,2,16,10,DC Super Hero Girls,10.0,yearend2020-chartcalcs.ods,Sheet1,56,6,inverse_points_preserve_position
2020,2020-02,2,17,9,Law & Order: Special Victims Unit,9.0,yearend2020-chartcalcs.ods,Sheet1,30,6,inverse_points_preserve_position
2020,2020-02,2,18,8,Girls und Panzer,8.0,yearend2020-chartcalcs.ods,Sheet1,49,6,inverse_points_preserve_position
2020,2020-02,2,19,7,Hinako Note,7.0,yearend2020-chartcalcs.ods,Sheet1,54,6,inverse_points_preserve_position
2020,2020-02,2,20,6,The Rachel Maddow Show,6.0,yearend2020-chartcalcs.ods,Sheet1,45,6,inverse_points_preserve_position
2020,2020-02,2,21,5,She-Ra and the Princesses of Power,5.0,yearend2020-chartcalcs.ods,Sheet1,70,6,inverse_points_preserve_position
2020,2020-02,2,22,4,Anisava,4.0,yearend2020-chartcalcs.ods,Sheet1,79,6,inverse_points_preserve_position
2020,2020-02,2,23,3,PAW Patrol,3.0,yearend2020-chartcalcs.ods,Sheet1,73,6,inverse_points_preserve_position
2020,2020-02,2,24,2,Wish Upon the Pleiades,2.0,yearend2020-chartcalcs.ods,Sheet1,39,6,inverse_points_preserve_position
2020,2020-02,2,25,1,TruTV Presents World’s Dumbest,1.0,yearend2020-chartcalcs.ods,Sheet1,83,6,inverse_points_preserve_position
2020,2020-03,3,1,25,Monster High,25.0,yearend2020-chartcalcs.ods,Sheet1,11,7,inverse_points_preserve_position
2020,2020-03,3,2,24,Deputy,24.0,yearend2020-chartcalcs.ods,Sheet1,23,7,inverse_points_preserve_position
2020,2020-03,3,3,23,DuckTales,23.0,yearend2020-chartcalcs.ods,Sheet1,26,7,inverse_points_preserve_position
2020,2020-03,3,4,22,Aria the Animation,22.0,yearend2020-chartcalcs.ods,Sheet1,40,7,inverse_points_preserve_position
2020,2020-03,3,5,21,Azur Lane,21.0,yearend2020-chartcalcs.ods,Sheet1,37,7,inverse_points_preserve_position
2020,2020-03,3,6,20,Butterbean’s Café,20.0,yearend2020-chartcalcs.ods,Sheet1,20,7,inverse_points_preserve_position
2020,2020-03,3,7,19,Miraculous: Tales of Ladybug and Cat Noir,19.0,yearend2020-chartcalcs.ods,Sheet1,31,7,inverse_points_preserve_position
2020,2020-03,3,8,18,LEGO: Elves,18.0,yearend2020-chartcalcs.ods,Sheet1,47,7,inverse_points_preserve_position
2020,2020-03,3,9,17,Squid Girl,17.0,yearend2020-chartcalcs.ods,Sheet1,66,7,inverse_points_preserve_position
2020,2020-03,3,10,16,How It’s Made,16.0,yearend2020-chartcalcs.ods,Sheet1,16,7,inverse_points_preserve_position
2020,2020-03,3,11,15,My Little Pony: Friendship is Magic,15.0,yearend2020-chartcalcs.ods,Sheet1,29,7,inverse_points_preserve_position
2020,2020-03,3,12,14,The Bold and the Beautiful,14.0,yearend2020-chartcalcs.ods,Sheet1,9,7,inverse_points_preserve_position
2020,2020-03,3,13,13,The Last Word with Lawrence O’Donnell,13.0,yearend2020-chartcalcs.ods,Sheet1,22,7,inverse_points_preserve_position
2020,2020-03,3,14,12,Demon Slayer: Kimetsu no Yaiba,12.0,yearend2020-chartcalcs.ods,Sheet1,18,7,inverse_points_preserve_position
2020,2020-03,3,15,11,Tornado Chasers,11.0,yearend2020-chartcalcs.ods,Sheet1,59,7,inverse_points_preserve_position
2020,2020-03,3,16,10,All Elite Wrestling: Dynamite,10.0,yearend2020-chartcalcs.ods,Sheet1,44,7,inverse_points_preserve_position
2020,2020-03,3,17,9,Hinako Note,9.0,yearend2020-chartcalcs.ods,Sheet1,54,7,inverse_points_preserve_position
2020,2020-03,3,18,8,Wish Upon the Pleiades,8.0,yearend2020-chartcalcs.ods,Sheet1,39,7,inverse_points_preserve_position
2020,2020-03,3,19,7,The Rachel Maddow Show,7.0,yearend2020-chartcalcs.ods,Sheet1,45,7,inverse_points_preserve_position
2020,2020-03,3,20,6,DC Super Hero Girls,6.0,yearend2020-chartcalcs.ods,Sheet1,56,7,inverse_points_preserve_position
2020,2020-03,3,21,5,Law & Order: Special Victims Unit,5.0,yearend2020-chartcalcs.ods,Sheet1,30,7,inverse_points_preserve_position
2020,2020-03,3,22,4,Mia and Me,4.0,yearend2020-chartcalcs.ods,Sheet1,64,7,inverse_points_preserve_position
2020,2020-03,3,23,3,Steven Universe,3.0,yearend2020-chartcalcs.ods,Sheet1,13,7,inverse_points_preserve_position
2020,2020-03,3,24,2,The Dragon Prince,2.0,yearend2020-chartcalcs.ods,Sheet1,51,7,inverse_points_preserve_position
2020,2020-03,3,25,1,Elena of Avalor,1.0,yearend2020-chartcalcs.ods,Sheet1,10,7,inverse_points_preserve_position
2020,2020-04,4,1,25,Enchantimals,25.0,yearend2020-chartcalcs.ods,Sheet1,12,8,inverse_points_preserve_position
2020,2020-04,4,2,24,The Fixies,24.0,yearend2020-chartcalcs.ods,Sheet1,32,8,inverse_points_preserve_position
2020,2020-04,4,3,23,The Bold and the Beautiful,23.0,yearend2020-chartcalcs.ods,Sheet1,9,8,inverse_points_preserve_position
2020,2020-04,4,4,22,Monster High,22.0,yearend2020-chartcalcs.ods,Sheet1,11,8,inverse_points_preserve_position
2020,2020-04,4,5,21,The Young and the Restless,21.0,yearend2020-chartcalcs.ods,Sheet1,43,8,inverse_points_preserve_position
2020,2020-04,4,6,20,In the Heat of the Night,20.0,yearend2020-chartcalcs.ods,Sheet1,15,8,inverse_points_preserve_position
2020,2020-04,4,7,19,Steven Universe,19.0,yearend2020-chartcalcs.ods,Sheet1,13,8,inverse_points_preserve_position
2020,2020-04,4,8,18,Seton Academy: Join the Pack!,18.0,yearend2020-chartcalcs.ods,Sheet1,38,8,inverse_points_preserve_position
2020,2020-04,4,9,17,Butterbean’s Café,17.0,yearend2020-chartcalcs.ods,Sheet1,20,8,inverse_points_preserve_position
2020,2020-04,4,10,16,Deputy,16.0,yearend2020-chartcalcs.ods,Sheet1,23,8,inverse_points_preserve_position
2020,2020-04,4,11,15,Snapped,15.0,yearend2020-chartcalcs.ods,Sheet1,68,8,inverse_points_preserve_position
2020,2020-04,4,12,14,Miraculous: Tales of Ladybug and Cat Noir,14.0,yearend2020-chartcalcs.ods,Sheet1,31,8,inverse_points_preserve_position
2020,2020-04,4,13,13,Aria the Animation,13.0,yearend2020-chartcalcs.ods,Sheet1,40,8,inverse_points_preserve_position
2020,2020-04,4,14,12,Azur Lane,12.0,yearend2020-chartcalcs.ods,Sheet1,37,8,inverse_points_preserve_position
2020,2020-04,4,15,11,Akame ga KILL!,11.0,yearend2020-chartcalcs.ods,Sheet1,55,8,inverse_points_preserve_position
2020,2020-04,4,16,10,DuckTales,10.0,yearend2020-chartcalcs.ods,Sheet1,26,8,inverse_points_preserve_position
2020,2020-04,4,17,9,All Elite Wrestling: Dynamite,9.0,yearend2020-chartcalcs.ods,Sheet1,44,8,inverse_points_preserve_position
2020,2020-04,4,18,8,My Little Pony: Friendship is Magic,8.0,yearend2020-chartcalcs.ods,Sheet1,29,8,inverse_points_preserve_position
2020,2020-04,4,19,7,The Last Word with Lawrence O’Donnell,7.0,yearend2020-chartcalcs.ods,Sheet1,22,8,inverse_points_preserve_position
2020,2020-04,4,20,6,Demon Slayer: Kimetsu no Yaiba,6.0,yearend2020-chartcalcs.ods,Sheet1,18,8,inverse_points_preserve_position
2020,2020-04,4,21,5,How It’s Made,5.0,yearend2020-chartcalcs.ods,Sheet1,16,8,inverse_points_preserve_position
2020,2020-04,4,22,4,Murdered by Morning,4.0,yearend2020-chartcalcs.ods,Sheet1,80,8,inverse_points_preserve_position
2020,2020-04,4,23,3,Elena of Avalor,3.0,yearend2020-chartcalcs.ods,Sheet1,10,8,inverse_points_preserve_position
2020,2020-04,4,24,2,Wish Upon the Pleiades,2.0,yearend2020-chartcalcs.ods,Sheet1,39,8,inverse_points_preserve_position
2020,2020-04,4,25,1,DC Super Hero Girls,1.0,yearend2020-chartcalcs.ods,Sheet1,56,8,inverse_points_preserve_position
2020,2020-05,5,1,25,Enchantimals,25.0,yearend2020-chartcalcs.ods,Sheet1,12,9,inverse_points_preserve_position
2020,2020-05,5,2,24,In the Heat of the Night,24.0,yearend2020-chartcalcs.ods,Sheet1,15,9,inverse_points_preserve_position
2020,2020-05,5,3,23,Elena of Avalor,23.0,yearend2020-chartcalcs.ods,Sheet1,10,9,inverse_points_preserve_position
2020,2020-05,5,4,22,The Bold and the Beautiful,22.0,yearend2020-chartcalcs.ods,Sheet1,9,9,inverse_points_preserve_position
2020,2020-05,5,5,21,The Fixies,21.0,yearend2020-chartcalcs.ods,Sheet1,32,9,inverse_points_preserve_position
2020,2020-05,5,6,20,Seton Academy: Join the Pack!,20.0,yearend2020-chartcalcs.ods,Sheet1,38,9,inverse_points_preserve_position
2020,2020-05,5,7,19,DuckTales,19.0,yearend2020-chartcalcs.ods,Sheet1,26,9,inverse_points_preserve_position
2020,2020-05,5,8,18,Steven Universe,18.0,yearend2020-chartcalcs.ods,Sheet1,13,9,inverse_points_preserve_position
2020,2020-05,5,9,17,The Young and the Restless,17.0,yearend2020-chartcalcs.ods,Sheet1,43,9,inverse_points_preserve_position
2020,2020-05,5,10,16,Miraculous: Tales of Ladybug and Cat Noir,16.0,yearend2020-chartcalcs.ods,Sheet1,31,9,inverse_points_preserve_position
2020,2020-05,5,11,15,The Last Word with Lawrence O’Donnell,15.0,yearend2020-chartcalcs.ods,Sheet1,22,9,inverse_points_preserve_position
2020,2020-05,5,12,14,Law & Order: Special Victims Unit,14.0,yearend2020-chartcalcs.ods,Sheet1,30,9,inverse_points_preserve_position
2020,2020-05,5,13,13,My Little Pony: Friendship is Magic,13.0,yearend2020-chartcalcs.ods,Sheet1,29,9,inverse_points_preserve_position
2020,2020-05,5,14,12,Monster High,12.0,yearend2020-chartcalcs.ods,Sheet1,11,9,inverse_points_preserve_position
2020,2020-05,5,15,11,Butterbean’s Café,11.0,yearend2020-chartcalcs.ods,Sheet1,20,9,inverse_points_preserve_position
2020,2020-05,5,16,10,RIMBA Racer,10.0,yearend2020-chartcalcs.ods,Sheet1,58,9,inverse_points_preserve_position
2020,2020-05,5,17,9,Akame ga KILL!,9.0,yearend2020-chartcalcs.ods,Sheet1,55,9,inverse_points_preserve_position
2020,2020-05,5,18,8,How It’s Made,8.0,yearend2020-chartcalcs.ods,Sheet1,16,9,inverse_points_preserve_position
2020,2020-05,5,19,7,Azur Lane,7.0,yearend2020-chartcalcs.ods,Sheet1,37,9,inverse_points_preserve_position
2020,2020-05,5,20,6,Dark Side of the Ring,6.0,yearend2020-chartcalcs.ods,Sheet1,53,9,inverse_points_preserve_position
2020,2020-05,5,21,5,Toilet-Bound Hanako-kun,5.0,yearend2020-chartcalcs.ods,Sheet1,46,9,inverse_points_preserve_position
2020,2020-05,5,22,4,Deputy,4.0,yearend2020-chartcalcs.ods,Sheet1,23,9,inverse_points_preserve_position
2020,2020-05,5,23,3,Aria the Animation,3.0,yearend2020-chartcalcs.ods,Sheet1,40,9,inverse_points_preserve_position
2020,2020-05,5,24,2,All Elite Wrestling: Dynamite,2.0,yearend2020-chartcalcs.ods,Sheet1,44,9,inverse_points_preserve_position
2020,2020-05,5,25,1,Demon Slayer: Kimetsu no Yaiba,1.0,yearend2020-chartcalcs.ods,Sheet1,18,9,inverse_points_preserve_position
2020,2020-06,6,1,25,Enchantimals,25.0,yearend2020-chartcalcs.ods,Sheet1,12,10,inverse_points_preserve_position
2020,2020-06,6,2,24,Elena of Avalor,24.0,yearend2020-chartcalcs.ods,Sheet1,10,10,inverse_points_preserve_position
2020,2020-06,6,3,23,The Last Word with Lawrence O’Donnell,23.0,yearend2020-chartcalcs.ods,Sheet1,22,10,inverse_points_preserve_position
2020,2020-06,6,4,22,Hakumei and Mikochi,22.0,yearend2020-chartcalcs.ods,Sheet1,14,10,inverse_points_preserve_position
2020,2020-06,6,5,21,DuckTales,21.0,yearend2020-chartcalcs.ods,Sheet1,26,10,inverse_points_preserve_position
2020,2020-06,6,6,20,Toilet-Bound Hanako-kun,20.0,yearend2020-chartcalcs.ods,Sheet1,46,10,inverse_points_preserve_position
2020,2020-06,6,7,19,In the Heat of the Night,19.0,yearend2020-chartcalcs.ods,Sheet1,15,10,inverse_points_preserve_position
2020,2020-06,6,8,18,Demon Slayer: Kimetsu no Yaiba,18.0,yearend2020-chartcalcs.ods,Sheet1,18,10,inverse_points_preserve_position
2020,2020-06,6,9,17,JK-MESHI!,17.0,yearend2020-chartcalcs.ods,Sheet1,63,10,inverse_points_preserve_position
2020,2020-06,6,10,16,Monster High,16.0,yearend2020-chartcalcs.ods,Sheet1,11,10,inverse_points_preserve_position
2020,2020-06,6,11,15,Seton Academy: Join the Pack!,15.0,yearend2020-chartcalcs.ods,Sheet1,38,10,inverse_points_preserve_position
2020,2020-06,6,12,14,RIMBA Racer,14.0,yearend2020-chartcalcs.ods,Sheet1,58,10,inverse_points_preserve_position
2020,2020-06,6,13,13,Butterbean’s Café,13.0,yearend2020-chartcalcs.ods,Sheet1,20,10,inverse_points_preserve_position
2020,2020-06,6,14,12,Miraculous: Tales of Ladybug and Cat Noir,12.0,yearend2020-chartcalcs.ods,Sheet1,31,10,inverse_points_preserve_position
2020,2020-06,6,15,11,My Little Pony: Friendship is Magic,11.0,yearend2020-chartcalcs.ods,Sheet1,29,10,inverse_points_preserve_position
2020,2020-06,6,16,10,The Fixies,10.0,yearend2020-chartcalcs.ods,Sheet1,32,10,inverse_points_preserve_position
2020,2020-06,6,17,9,Shamanic Princess,9.0,yearend2020-chartcalcs.ods,Sheet1,75,10,inverse_points_preserve_position
2020,2020-06,6,18,8,Steven Universe,8.0,yearend2020-chartcalcs.ods,Sheet1,13,10,inverse_points_preserve_position
2020,2020-06,6,19,7,Akame ga KILL!,7.0,yearend2020-chartcalcs.ods,Sheet1,55,10,inverse_points_preserve_position
2020,2020-06,6,20,6,Dark Side of the Ring,6.0,yearend2020-chartcalcs.ods,Sheet1,53,10,inverse_points_preserve_position
2020,2020-06,6,21,5,Law & Order: Special Victims Unit,5.0,yearend2020-chartcalcs.ods,Sheet1,30,10,inverse_points_preserve_position
2020,2020-06,6,22,4,Star Trek: The Next Generation,4.0,yearend2020-chartcalcs.ods,Sheet1,74,10,inverse_points_preserve_position
2020,2020-06,6,23,3,The Bold and the Beautiful,3.0,yearend2020-chartcalcs.ods,Sheet1,9,10,inverse_points_preserve_position
2020,2020-06,6,24,2,All Elite Wrestling: Dynamite,2.0,yearend2020-chartcalcs.ods,Sheet1,44,10,inverse_points_preserve_position
2020,2020-06,6,25,1,The Young and the Restless,1.0,yearend2020-chartcalcs.ods,Sheet1,43,10,inverse_points_preserve_position
2020,2020-07,7,1,25,Hakumei and Mikochi,25.0,yearend2020-chartcalcs.ods,Sheet1,14,11,inverse_points_preserve_position
2020,2020-07,7,2,24,Elena of Avalor,24.0,yearend2020-chartcalcs.ods,Sheet1,10,11,inverse_points_preserve_position
2020,2020-07,7,3,23,Enchantimals,23.0,yearend2020-chartcalcs.ods,Sheet1,12,11,inverse_points_preserve_position
2020,2020-07,7,4,22,Patriot Act with Hasan Minhaj,22.0,yearend2020-chartcalcs.ods,Sheet1,36,11,inverse_points_preserve_position
2020,2020-07,7,5,21,In the Heat of the Night,21.0,yearend2020-chartcalcs.ods,Sheet1,15,11,inverse_points_preserve_position
2020,2020-07,7,6,20,Cardcaptor Sakura,20.0,yearend2020-chartcalcs.ods,Sheet1,34,11,inverse_points_preserve_position
2020,2020-07,7,7,19,Morning Joe,19.0,yearend2020-chartcalcs.ods,Sheet1,28,11,inverse_points_preserve_position
2020,2020-07,7,8,18,Princess Connect! Re: Dive,18.0,yearend2020-chartcalcs.ods,Sheet1,41,11,inverse_points_preserve_position
2020,2020-07,7,9,17,The Last Word with Lawrence O’Donnell,17.0,yearend2020-chartcalcs.ods,Sheet1,22,11,inverse_points_preserve_position
2020,2020-07,7,10,16,The Helpful Fox Senko-san,16.0,yearend2020-chartcalcs.ods,Sheet1,17,11,inverse_points_preserve_position
2020,2020-07,7,11,15,Butterbean’s Café,15.0,yearend2020-chartcalcs.ods,Sheet1,20,11,inverse_points_preserve_position
2020,2020-07,7,12,14,Fruits Basket,14.0,yearend2020-chartcalcs.ods,Sheet1,62,11,inverse_points_preserve_position
2020,2020-07,7,13,13,Toilet-Bound Hanako-kun,13.0,yearend2020-chartcalcs.ods,Sheet1,46,11,inverse_points_preserve_position
2020,2020-07,7,14,12,Demon Slayer: Kimetsu no Yaiba,12.0,yearend2020-chartcalcs.ods,Sheet1,18,11,inverse_points_preserve_position
2020,2020-07,7,15,11,My Little Pony: Friendship is Magic,11.0,yearend2020-chartcalcs.ods,Sheet1,29,11,inverse_points_preserve_position
2020,2020-07,7,16,10,Drifting Dragons,10.0,yearend2020-chartcalcs.ods,Sheet1,72,11,inverse_points_preserve_position
2020,2020-07,7,17,9,Monster High,9.0,yearend2020-chartcalcs.ods,Sheet1,11,11,inverse_points_preserve_position
2020,2020-07,7,18,8,Steven Universe,8.0,yearend2020-chartcalcs.ods,Sheet1,13,11,inverse_points_preserve_position
2020,2020-07,7,19,7,Miraculous: Tales of Ladybug and Cat Noir,7.0,yearend2020-chartcalcs.ods,Sheet1,31,11,inverse_points_preserve_position
2020,2020-07,7,20,6,Digimon: Digital Monsters,6.0,yearend2020-chartcalcs.ods,Sheet1,48,11,inverse_points_preserve_position
2020,2020-07,7,21,5,Seton Academy: Join the Pack!,5.0,yearend2020-chartcalcs.ods,Sheet1,38,11,inverse_points_preserve_position
2020,2020-07,7,22,4,Negima,4.0,yearend2020-chartcalcs.ods,Sheet1,81,11,inverse_points_preserve_position
2020,2020-07,7,23,3,JK-MESHI!,3.0,yearend2020-chartcalcs.ods,Sheet1,63,11,inverse_points_preserve_position
2020,2020-07,7,24,2,The Fixies,2.0,yearend2020-chartcalcs.ods,Sheet1,32,11,inverse_points_preserve_position
2020,2020-07,7,25,1,DuckTales,1.0,yearend2020-chartcalcs.ods,Sheet1,26,11,inverse_points_preserve_position
2020,2020-08,8,1,25,The Helpful Fox Senko-san,25.0,yearend2020-chartcalcs.ods,Sheet1,17,12,inverse_points_preserve_position
2020,2020-08,8,2,24,BNA: Brand New Animal,24.0,yearend2020-chartcalcs.ods,Sheet1,24,12,inverse_points_preserve_position
2020,2020-08,8,3,23,Cardcaptor Sakura,23.0,yearend2020-chartcalcs.ods,Sheet1,34,12,inverse_points_preserve_position
2020,2020-08,8,4,22,Enchantimals,22.0,yearend2020-chartcalcs.ods,Sheet1,12,12,inverse_points_preserve_position
2020,2020-08,8,5,21,Princess Connect! Re: Dive,21.0,yearend2020-chartcalcs.ods,Sheet1,41,12,inverse_points_preserve_position
2020,2020-08,8,6,20,Hakumei and Mikochi,20.0,yearend2020-chartcalcs.ods,Sheet1,14,12,inverse_points_preserve_position
2020,2020-08,8,7,19,Law & Order: Special Victims Unit,19.0,yearend2020-chartcalcs.ods,Sheet1,30,12,inverse_points_preserve_position
2020,2020-08,8,8,18,The Rachel Maddow Show,18.0,yearend2020-chartcalcs.ods,Sheet1,45,12,inverse_points_preserve_position
2020,2020-08,8,9,17,In the Heat of the Night,17.0,yearend2020-chartcalcs.ods,Sheet1,15,12,inverse_points_preserve_position
2020,2020-08,8,10,16,Monster High,16.0,yearend2020-chartcalcs.ods,Sheet1,11,12,inverse_points_preserve_position
2020,2020-08,8,11,15,Elena of Avalor,15.0,yearend2020-chartcalcs.ods,Sheet1,10,12,inverse_points_preserve_position
2020,2020-08,8,12,14,Morning Joe,14.0,yearend2020-chartcalcs.ods,Sheet1,28,12,inverse_points_preserve_position
2020,2020-08,8,13,13,The Last Word with Lawrence O’Donnell,13.0,yearend2020-chartcalcs.ods,Sheet1,22,12,inverse_points_preserve_position
2020,2020-08,8,14,12,The Bold and the Beautiful,12.0,yearend2020-chartcalcs.ods,Sheet1,9,12,inverse_points_preserve_position
2020,2020-08,8,15,11,Patriot Act with Hasan Minhaj,11.0,yearend2020-chartcalcs.ods,Sheet1,36,12,inverse_points_preserve_position
2020,2020-08,8,16,10,Coppelion,10.0,yearend2020-chartcalcs.ods,Sheet1,25,12,inverse_points_preserve_position
2020,2020-08,8,17,9,My Little Pony: Friendship is Magic,9.0,yearend2020-chartcalcs.ods,Sheet1,29,12,inverse_points_preserve_position
2020,2020-08,8,18,8,Butterbean’s Café,8.0,yearend2020-chartcalcs.ods,Sheet1,20,12,inverse_points_preserve_position
2020,2020-08,8,19,7,Hugtto PreCure!,7.0,yearend2020-chartcalcs.ods,Sheet1,19,12,inverse_points_preserve_position
2020,2020-08,8,20,6,Toilet-Bound Hanako-kun,6.0,yearend2020-chartcalcs.ods,Sheet1,46,12,inverse_points_preserve_position
2020,2020-08,8,21,5,Star Trek: The Next Generation,5.0,yearend2020-chartcalcs.ods,Sheet1,74,12,inverse_points_preserve_position
2020,2020-08,8,22,4,Miraculous: Tales of Ladybug and Cat Noir,4.0,yearend2020-chartcalcs.ods,Sheet1,31,12,inverse_points_preserve_position
2020,2020-08,8,23,3,Demon Slayer: Kimetsu no Yaiba,3.0,yearend2020-chartcalcs.ods,Sheet1,18,12,inverse_points_preserve_position
2020,2020-08,8,24,2,The Fixies,2.0,yearend2020-chartcalcs.ods,Sheet1,32,12,inverse_points_preserve_position
2020,2020-08,8,25,1,Fruits Basket,1.0,yearend2020-chartcalcs.ods,Sheet1,62,12,inverse_points_preserve_position
2020,2020-09,9,1,25,BNA: Brand New Animal,25.0,yearend2020-chartcalcs.ods,Sheet1,24,13,inverse_points_preserve_position
2020,2020-09,9,2,24,Hugtto PreCure!,24.0,yearend2020-chartcalcs.ods,Sheet1,19,13,inverse_points_preserve_position
2020,2020-09,9,3,23,The Bold and the Beautiful,23.0,yearend2020-chartcalcs.ods,Sheet1,9,13,inverse_points_preserve_position
2020,2020-09,9,4,22,The Helpful Fox Senko-san,22.0,yearend2020-chartcalcs.ods,Sheet1,17,13,inverse_points_preserve_position
2020,2020-09,9,5,21,Morning Joe,21.0,yearend2020-chartcalcs.ods,Sheet1,28,13,inverse_points_preserve_position
2020,2020-09,9,6,20,Enchantimals,20.0,yearend2020-chartcalcs.ods,Sheet1,12,13,inverse_points_preserve_position
2020,2020-09,9,7,19,Monster Girl Doctor,19.0,yearend2020-chartcalcs.ods,Sheet1,27,13,inverse_points_preserve_position
2020,2020-09,9,8,18,In the Heat of the Night,18.0,yearend2020-chartcalcs.ods,Sheet1,15,13,inverse_points_preserve_position
2020,2020-09,9,9,17,Digimon: Digital Monsters,17.0,yearend2020-chartcalcs.ods,Sheet1,48,13,inverse_points_preserve_position
2020,2020-09,9,10,16,Cardcaptor Sakura,16.0,yearend2020-chartcalcs.ods,Sheet1,34,13,inverse_points_preserve_position
2020,2020-09,9,11,15,Elena of Avalor,15.0,yearend2020-chartcalcs.ods,Sheet1,10,13,inverse_points_preserve_position
2020,2020-09,9,12,14,My Little Pony: Friendship is Magic,14.0,yearend2020-chartcalcs.ods,Sheet1,29,13,inverse_points_preserve_position
2020,2020-09,9,13,13,Hakumei and Mikochi,13.0,yearend2020-chartcalcs.ods,Sheet1,14,13,inverse_points_preserve_position
2020,2020-09,9,14,12,KiraKira PreCure! A La Mode,12.0,yearend2020-chartcalcs.ods,Sheet1,21,13,inverse_points_preserve_position
2020,2020-09,9,15,11,Princess Connect! Re: Dive,11.0,yearend2020-chartcalcs.ods,Sheet1,41,13,inverse_points_preserve_position
2020,2020-09,9,16,10,Butterbean’s Café,10.0,yearend2020-chartcalcs.ods,Sheet1,20,13,inverse_points_preserve_position
2020,2020-09,9,17,9,Law & Order: Special Victims Unit,9.0,yearend2020-chartcalcs.ods,Sheet1,30,13,inverse_points_preserve_position
2020,2020-09,9,18,8,Monster High,8.0,yearend2020-chartcalcs.ods,Sheet1,11,13,inverse_points_preserve_position
2020,2020-09,9,19,7,The Fixies,7.0,yearend2020-chartcalcs.ods,Sheet1,32,13,inverse_points_preserve_position
2020,2020-09,9,20,6,The Young and the Restless,6.0,yearend2020-chartcalcs.ods,Sheet1,43,13,inverse_points_preserve_position
2020,2020-09,9,21,5,How It’s Made,5.0,yearend2020-chartcalcs.ods,Sheet1,16,13,inverse_points_preserve_position
2020,2020-09,9,22,4,Patriot Act with Hasan Minhaj,4.0,yearend2020-chartcalcs.ods,Sheet1,36,13,inverse_points_preserve_position
2020,2020-09,9,23,3,The Last Word with Lawrence O’Donnell,3.0,yearend2020-chartcalcs.ods,Sheet1,22,13,inverse_points_preserve_position
2020,2020-09,9,24,2,The Rachel Maddow Show,2.0,yearend2020-chartcalcs.ods,Sheet1,45,13,inverse_points_preserve_position
2020,2020-09,9,25,1,Coppelion,1.0,yearend2020-chartcalcs.ods,Sheet1,25,13,inverse_points_preserve_position
2020,2020-10,10,1,25,Heidi,25.0,yearend2020-chartcalcs.ods,Sheet1,33,14,inverse_points_preserve_position
2020,2020-10,10,2,24,In the Heat of the Night,24.0,yearend2020-chartcalcs.ods,Sheet1,15,14,inverse_points_preserve_position
2020,2020-10,10,3,23,BNA: Brand New Animal,23.0,yearend2020-chartcalcs.ods,Sheet1,24,14,inverse_points_preserve_position
2020,2020-10,10,4,22,Monster Girl Doctor,22.0,yearend2020-chartcalcs.ods,Sheet1,27,14,inverse_points_preserve_position
2020,2020-10,10,5,21,Welcome to Demon School! Iruma-kun,21.0,yearend2020-chartcalcs.ods,Sheet1,42,14,inverse_points_preserve_position
2020,2020-10,10,6,20,Hugtto PreCure!,20.0,yearend2020-chartcalcs.ods,Sheet1,19,14,inverse_points_preserve_position
2020,2020-10,10,7,19,How It’s Made,19.0,yearend2020-chartcalcs.ods,Sheet1,16,14,inverse_points_preserve_position
2020,2020-10,10,8,18,Enchantimals,18.0,yearend2020-chartcalcs.ods,Sheet1,12,14,inverse_points_preserve_position
2020,2020-10,10,9,17,The Helpful Fox Senko-san,17.0,yearend2020-chartcalcs.ods,Sheet1,17,14,inverse_points_preserve_position
2020,2020-10,10,10,16,Coppelion,16.0,yearend2020-chartcalcs.ods,Sheet1,25,14,inverse_points_preserve_position
2020,2020-10,10,11,15,The Bold and the Beautiful,15.0,yearend2020-chartcalcs.ods,Sheet1,9,14,inverse_points_preserve_position
2020,2020-10,10,12,14,Holmes of Kyoto,14.0,yearend2020-chartcalcs.ods,Sheet1,69,14,inverse_points_preserve_position
2020,2020-10,10,13,13,Morning Joe,13.0,yearend2020-chartcalcs.ods,Sheet1,28,14,inverse_points_preserve_position
2020,2020-10,10,14,12,Elena of Avalor,12.0,yearend2020-chartcalcs.ods,Sheet1,10,14,inverse_points_preserve_position
2020,2020-10,10,15,11,Monster High,11.0,yearend2020-chartcalcs.ods,Sheet1,11,14,inverse_points_preserve_position
2020,2020-10,10,16,10,Digimon: Digital Monsters,10.0,yearend2020-chartcalcs.ods,Sheet1,48,14,inverse_points_preserve_position
2020,2020-10,10,17,9,KiraKira PreCure! A La Mode,9.0,yearend2020-chartcalcs.ods,Sheet1,21,14,inverse_points_preserve_position
2020,2020-10,10,18,8,Cardcaptor Sakura,8.0,yearend2020-chartcalcs.ods,Sheet1,34,14,inverse_points_preserve_position
2020,2020-10,10,19,7,Hakumei and Mikochi,7.0,yearend2020-chartcalcs.ods,Sheet1,14,14,inverse_points_preserve_position
2020,2020-10,10,20,6,Patriot Act with Hasan Minhaj,6.0,yearend2020-chartcalcs.ods,Sheet1,36,14,inverse_points_preserve_position
2020,2020-10,10,21,5,The Fixies,5.0,yearend2020-chartcalcs.ods,Sheet1,32,14,inverse_points_preserve_position
2020,2020-10,10,22,4,Princess Connect! Re: Dive,4.0,yearend2020-chartcalcs.ods,Sheet1,41,14,inverse_points_preserve_position
2020,2020-10,10,23,3,My Little Pony: Friendship is Magic,3.0,yearend2020-chartcalcs.ods,Sheet1,29,14,inverse_points_preserve_position
2020,2020-10,10,24,2,Butterbean’s Café,2.0,yearend2020-chartcalcs.ods,Sheet1,20,14,inverse_points_preserve_position
2020,2020-10,10,25,1,The Young and the Restless,1.0,yearend2020-chartcalcs.ods,Sheet1,43,14,inverse_points_preserve_position
2020,2020-11,11,1,25,Enchantimals,25.0,yearend2020-chartcalcs.ods,Sheet1,12,15,inverse_points_preserve_position
2020,2020-11,11,2,24,The David Pakman Show,24.0,yearend2020-chartcalcs.ods,Sheet1,35,15,inverse_points_preserve_position
2020,2020-11,11,3,23,Welcome to Demon School! Iruma-kun,23.0,yearend2020-chartcalcs.ods,Sheet1,42,15,inverse_points_preserve_position
2020,2020-11,11,4,22,The Bold and the Beautiful,22.0,yearend2020-chartcalcs.ods,Sheet1,9,15,inverse_points_preserve_position
2020,2020-11,11,5,21,In the Heat of the Night,21.0,yearend2020-chartcalcs.ods,Sheet1,15,15,inverse_points_preserve_position
2020,2020-11,11,6,20,KiraKira PreCure! A La Mode,20.0,yearend2020-chartcalcs.ods,Sheet1,21,15,inverse_points_preserve_position
2020,2020-11,11,7,19,Heidi,19.0,yearend2020-chartcalcs.ods,Sheet1,33,15,inverse_points_preserve_position
2020,2020-11,11,8,18,DuckTales,18.0,yearend2020-chartcalcs.ods,Sheet1,26,15,inverse_points_preserve_position
2020,2020-11,11,9,17,Monster Girl Doctor,17.0,yearend2020-chartcalcs.ods,Sheet1,27,15,inverse_points_preserve_position
2020,2020-11,11,10,16,Morning Joe,16.0,yearend2020-chartcalcs.ods,Sheet1,28,15,inverse_points_preserve_position
2020,2020-11,11,11,15,Myriad Colors Phantom World,15.0,yearend2020-chartcalcs.ods,Sheet1,52,15,inverse_points_preserve_position
2020,2020-11,11,12,14,Hugtto PreCure!,14.0,yearend2020-chartcalcs.ods,Sheet1,19,15,inverse_points_preserve_position
2020,2020-11,11,13,13,BNA: Brand New Animal,13.0,yearend2020-chartcalcs.ods,Sheet1,24,15,inverse_points_preserve_position
2020,2020-11,11,14,12,The Helpful Fox Senko-san,12.0,yearend2020-chartcalcs.ods,Sheet1,17,15,inverse_points_preserve_position
2020,2020-11,11,15,11,Unsolved Mysteries,11.0,yearend2020-chartcalcs.ods,Sheet1,71,15,inverse_points_preserve_position
2020,2020-11,11,16,10,How It’s Made,10.0,yearend2020-chartcalcs.ods,Sheet1,16,15,inverse_points_preserve_position
2020,2020-11,11,17,9,Coppelion,9.0,yearend2020-chartcalcs.ods,Sheet1,25,15,inverse_points_preserve_position
2020,2020-11,11,18,8,Elena of Avalor,8.0,yearend2020-chartcalcs.ods,Sheet1,10,15,inverse_points_preserve_position
2020,2020-11,11,19,7,Monster High,7.0,yearend2020-chartcalcs.ods,Sheet1,11,15,inverse_points_preserve_position
2020,2020-11,11,20,6,Robotics;Notes,6.0,yearend2020-chartcalcs.ods,Sheet1,76,15,inverse_points_preserve_position
2020,2020-11,11,21,5,The Stephanie Miller Show,5.0,yearend2020-chartcalcs.ods,Sheet1,60,15,inverse_points_preserve_position
2020,2020-11,11,22,4,Digimon: Digital Monsters,4.0,yearend2020-chartcalcs.ods,Sheet1,48,15,inverse_points_preserve_position
2020,2020-11,11,23,3,My Little Pony: Friendship is Magic,3.0,yearend2020-chartcalcs.ods,Sheet1,29,15,inverse_points_preserve_position
2020,2020-11,11,24,2,Cardcaptor Sakura,2.0,yearend2020-chartcalcs.ods,Sheet1,34,15,inverse_points_preserve_position
2020,2020-11,11,25,1,Hakumei and Mikochi,1.0,yearend2020-chartcalcs.ods,Sheet1,14,15,inverse_points_preserve_position
2020,2020-12,12,1,25,KiraKira PreCure! A La Mode,25.0,yearend2020-chartcalcs.ods,Sheet1,21,16,inverse_points_preserve_position
2020,2020-12,12,2,24,How It’s Made,24.0,yearend2020-chartcalcs.ods,Sheet1,16,16,inverse_points_preserve_position
2020,2020-12,12,3,23,The David Pakman Show,23.0,yearend2020-chartcalcs.ods,Sheet1,35,16,inverse_points_preserve_position
2020,2020-12,12,4,22,In the Heat of the Night,22.0,yearend2020-chartcalcs.ods,Sheet1,15,16,inverse_points_preserve_position
2020,2020-12,12,5,21,Monster Girl Doctor,21.0,yearend2020-chartcalcs.ods,Sheet1,27,16,inverse_points_preserve_position
2020,2020-12,12,6,20,Myriad Colors Phantom World,20.0,yearend2020-chartcalcs.ods,Sheet1,52,16,inverse_points_preserve_position
2020,2020-12,12,7,19,Kuma Kuma Kuma Bear,19.0,yearend2020-chartcalcs.ods,Sheet1,50,16,inverse_points_preserve_position
2020,2020-12,12,8,18,H2O: Mermaid Adventures,18.0,yearend2020-chartcalcs.ods,Sheet1,61,16,inverse_points_preserve_position
2020,2020-12,12,9,17,The Stephanie Miller Show,17.0,yearend2020-chartcalcs.ods,Sheet1,60,16,inverse_points_preserve_position
2020,2020-12,12,10,16,Wandering Witch – The Journey of Elaina,16.0,yearend2020-chartcalcs.ods,Sheet1,67,16,inverse_points_preserve_position
2020,2020-12,12,11,15,BNA: Brand New Animal,15.0,yearend2020-chartcalcs.ods,Sheet1,24,16,inverse_points_preserve_position
2020,2020-12,12,12,14,Morning Joe,14.0,yearend2020-chartcalcs.ods,Sheet1,28,16,inverse_points_preserve_position
2020,2020-12,12,13,13,The Bold and the Beautiful,13.0,yearend2020-chartcalcs.ods,Sheet1,9,16,inverse_points_preserve_position
2020,2020-12,12,14,12,Enchantimals,12.0,yearend2020-chartcalcs.ods,Sheet1,12,16,inverse_points_preserve_position
2020,2020-12,12,15,11,Elena of Avalor,11.0,yearend2020-chartcalcs.ods,Sheet1,10,16,inverse_points_preserve_position
2020,2020-12,12,16,10,Heidi,10.0,yearend2020-chartcalcs.ods,Sheet1,33,16,inverse_points_preserve_position
2020,2020-12,12,17,9,Hugtto PreCure!,9.0,yearend2020-chartcalcs.ods,Sheet1,19,16,inverse_points_preserve_position
2020,2020-12,12,18,8,Welcome to Demon School! Iruma-kun,8.0,yearend2020-chartcalcs.ods,Sheet1,42,16,inverse_points_preserve_position
2020,2020-12,12,19,7,The Helpful Fox Senko-san,7.0,yearend2020-chartcalcs.ods,Sheet1,17,16,inverse_points_preserve_position
2020,2020-12,12,20,6,DuckTales,6.0,yearend2020-chartcalcs.ods,Sheet1,26,16,inverse_points_preserve_position
2020,2020-12,12,21,5,Leah Remini: Scientology and the Aftermath,5.0,yearend2020-chartcalcs.ods,Sheet1,77,16,inverse_points_preserve_position
2020,2020-12,12,22,4,Coppelion,4.0,yearend2020-chartcalcs.ods,Sheet1,25,16,inverse_points_preserve_position
2020,2020-12,12,23,3,Butterbean’s Café,3.0,yearend2020-chartcalcs.ods,Sheet1,20,16,inverse_points_preserve_position
2020,2020-12,12,24,2,Monster High,2.0,yearend2020-chartcalcs.ods,Sheet1,11,16,inverse_points_preserve_position
2020,2020-12,12,25,1,My Little Pony: Friendship is Magic,1.0,yearend2020-chartcalcs.ods,Sheet1,29,16,inverse_points_preserve_position
2021,2021-01,1,1,25,Kuma Kuma Kuma Bear,25.0,yearend2021-chartcalcs.ods,Sheet1,16,5,inverse_points_preserve_position
2021,2021-01,1,2,24,In the Heat of the Night,24.0,yearend2021-chartcalcs.ods,Sheet1,22,5,inverse_points_preserve_position
2021,2021-01,1,3,23,How It’s Made,23.0,yearend2021-chartcalcs.ods,Sheet1,11,5,inverse_points_preserve_position
2021,2021-01,1,4,22,The David Pakman Show,22.0,yearend2021-chartcalcs.ods,Sheet1,9,5,inverse_points_preserve_position
2021,2021-01,1,5,21,KiraKira PreCure! A La Mode,21.0,yearend2021-chartcalcs.ods,Sheet1,21,5,inverse_points_preserve_position
2021,2021-01,1,6,20,Beakman’s World,20.0,yearend2021-chartcalcs.ods,Sheet1,40,5,inverse_points_preserve_position
2021,2021-01,1,7,19,Monster Girl Doctor,19.0,yearend2021-chartcalcs.ods,Sheet1,26,5,inverse_points_preserve_position
2021,2021-01,1,8,18,Law & Order: Special Victims Unit,18.0,yearend2021-chartcalcs.ods,Sheet1,20,5,inverse_points_preserve_position
2021,2021-01,1,9,17,Digimon: Digital Monsters,17.0,yearend2021-chartcalcs.ods,Sheet1,46,5,inverse_points_preserve_position
2021,2021-01,1,10,16,Cleopatra In Space,16.0,yearend2021-chartcalcs.ods,Sheet1,44,5,inverse_points_preserve_position
2021,2021-01,1,11,15,Wandering Witch – The Journey of Elaina,15.0,yearend2021-chartcalcs.ods,Sheet1,53,5,inverse_points_preserve_position
2021,2021-01,1,12,14,Heidi,14.0,yearend2021-chartcalcs.ods,Sheet1,17,5,inverse_points_preserve_position
2021,2021-01,1,13,13,Myriad Colors Phantom World,13.0,yearend2021-chartcalcs.ods,Sheet1,64,5,inverse_points_preserve_position
2021,2021-01,1,14,12,BNA: Brand New Animal,12.0,yearend2021-chartcalcs.ods,Sheet1,38,5,inverse_points_preserve_position
2021,2021-01,1,15,11,Enchantimals,11.0,yearend2021-chartcalcs.ods,Sheet1,15,5,inverse_points_preserve_position
2021,2021-01,1,16,10,Elena of Avalor,10.0,yearend2021-chartcalcs.ods,Sheet1,67,5,inverse_points_preserve_position
2021,2021-01,1,17,9,The Stephanie Miller Show,9.0,yearend2021-chartcalcs.ods,Sheet1,69,5,inverse_points_preserve_position
2021,2021-01,1,18,8,The Bold and the Beautiful,8.0,yearend2021-chartcalcs.ods,Sheet1,68,5,inverse_points_preserve_position
2021,2021-01,1,19,7,Morning Joe,7.0,yearend2021-chartcalcs.ods,Sheet1,71,5,inverse_points_preserve_position
2021,2021-01,1,20,6,HUGtto PreCure!,6.0,yearend2021-chartcalcs.ods,Sheet1,13,5,inverse_points_preserve_position
2021,2021-01,1,21,5,Welcome to Demon School! Iruma-kun,5.0,yearend2021-chartcalcs.ods,Sheet1,75,5,inverse_points_preserve_position
2021,2021-01,1,22,4,My Little Pony: Friendship is Magic,4.0,yearend2021-chartcalcs.ods,Sheet1,29,5,inverse_points_preserve_position
2021,2021-01,1,23,3,The Helpful Fox Senko-san,3.0,yearend2021-chartcalcs.ods,Sheet1,60,5,inverse_points_preserve_position
2021,2021-01,1,24,2,H2O: Mermaid Adventures,2.0,yearend2021-chartcalcs.ods,Sheet1,77,5,inverse_points_preserve_position
2021,2021-01,1,25,1,Marvel Anime: X-Men,1.0,yearend2021-chartcalcs.ods,Sheet1,79,5,inverse_points_preserve_position
2021,2021-02,2,1,25,The David Pakman Show,25.0,yearend2021-chartcalcs.ods,Sheet1,9,6,inverse_points_preserve_position
2021,2021-02,2,2,24,Kuma Kuma Kuma Bear,24.0,yearend2021-chartcalcs.ods,Sheet1,16,6,inverse_points_preserve_position
2021,2021-02,2,3,23,Onyx Equinox,23.0,yearend2021-chartcalcs.ods,Sheet1,37,6,inverse_points_preserve_position
2021,2021-02,2,4,22,Heidi,22.0,yearend2021-chartcalcs.ods,Sheet1,17,6,inverse_points_preserve_position
2021,2021-02,2,5,21,How It’s Made,21.0,yearend2021-chartcalcs.ods,Sheet1,11,6,inverse_points_preserve_position
2021,2021-02,2,6,20,The Rising of the Shield Hero,20.0,yearend2021-chartcalcs.ods,Sheet1,35,6,inverse_points_preserve_position
2021,2021-02,2,7,19,Beakman’s World,19.0,yearend2021-chartcalcs.ods,Sheet1,40,6,inverse_points_preserve_position
2021,2021-02,2,8,18,Law & Order: Special Victims Unit,18.0,yearend2021-chartcalcs.ods,Sheet1,20,6,inverse_points_preserve_position
2021,2021-02,2,9,17,My Little Pony: Friendship is Magic,17.0,yearend2021-chartcalcs.ods,Sheet1,29,6,inverse_points_preserve_position
2021,2021-02,2,10,16,KiraKira PreCure! A La Mode,16.0,yearend2021-chartcalcs.ods,Sheet1,21,6,inverse_points_preserve_position
2021,2021-02,2,11,15,Littlest Pet Shop,15.0,yearend2021-chartcalcs.ods,Sheet1,59,6,inverse_points_preserve_position
2021,2021-02,2,12,14,BNA: Brand New Animal,14.0,yearend2021-chartcalcs.ods,Sheet1,38,6,inverse_points_preserve_position
2021,2021-02,2,13,13,HUGtto PreCure!,13.0,yearend2021-chartcalcs.ods,Sheet1,13,6,inverse_points_preserve_position
2021,2021-02,2,14,12,Littlest Pet Shop: A World of Our Own,12.0,yearend2021-chartcalcs.ods,Sheet1,65,6,inverse_points_preserve_position
2021,2021-02,2,15,11,Monster Girl Doctor,11.0,yearend2021-chartcalcs.ods,Sheet1,26,6,inverse_points_preserve_position
2021,2021-02,2,16,10,Digimon: Digital Monsters,10.0,yearend2021-chartcalcs.ods,Sheet1,46,6,inverse_points_preserve_position
2021,2021-02,2,17,9,In the Heat of the Night,9.0,yearend2021-chartcalcs.ods,Sheet1,22,6,inverse_points_preserve_position
2021,2021-02,2,18,8,Seton Academy: Join the Pack!,8.0,yearend2021-chartcalcs.ods,Sheet1,25,6,inverse_points_preserve_position
2021,2021-02,2,19,7,Wandering Witch – The Journey of Elaina,7.0,yearend2021-chartcalcs.ods,Sheet1,53,6,inverse_points_preserve_position
2021,2021-02,2,20,6,The Helpful Fox Senko-san,6.0,yearend2021-chartcalcs.ods,Sheet1,60,6,inverse_points_preserve_position
2021,2021-02,2,21,5,Highway Thru Hell,5.0,yearend2021-chartcalcs.ods,Sheet1,73,6,inverse_points_preserve_position
2021,2021-02,2,22,4,Enchantimals,4.0,yearend2021-chartcalcs.ods,Sheet1,15,6,inverse_points_preserve_position
2021,2021-02,2,23,3,Cleopatra In Space,3.0,yearend2021-chartcalcs.ods,Sheet1,44,6,inverse_points_preserve_position
2021,2021-02,2,24,2,Monster High,2.0,yearend2021-chartcalcs.ods,Sheet1,78,6,inverse_points_preserve_position
2021,2021-02,2,25,1,The Bold and the Beautiful,1.0,yearend2021-chartcalcs.ods,Sheet1,68,6,inverse_points_preserve_position
2021,2021-03,3,1,25,KiraKira PreCure! A La Mode,25.0,yearend2021-chartcalcs.ods,Sheet1,21,7,inverse_points_preserve_position
2021,2021-03,3,2,24,Jurassic World Camp Cretaceous,24.0,yearend2021-chartcalcs.ods,Sheet1,14,7,inverse_points_preserve_position
2021,2021-03,3,3,23,How It’s Made,23.0,yearend2021-chartcalcs.ods,Sheet1,11,7,inverse_points_preserve_position
2021,2021-03,3,4,22,Kuma Kuma Kuma Bear,22.0,yearend2021-chartcalcs.ods,Sheet1,16,7,inverse_points_preserve_position
2021,2021-03,3,5,21,The David Pakman Show,21.0,yearend2021-chartcalcs.ods,Sheet1,9,7,inverse_points_preserve_position
2021,2021-03,3,6,20,My Little Pony: Friendship is Magic,20.0,yearend2021-chartcalcs.ods,Sheet1,29,7,inverse_points_preserve_position
2021,2021-03,3,7,19,Seton Academy: Join the Pack!,19.0,yearend2021-chartcalcs.ods,Sheet1,25,7,inverse_points_preserve_position
2021,2021-03,3,8,18,The Rising of the Shield Hero,18.0,yearend2021-chartcalcs.ods,Sheet1,35,7,inverse_points_preserve_position
2021,2021-03,3,9,17,We Never Learn: Bokuben,17.0,yearend2021-chartcalcs.ods,Sheet1,48,7,inverse_points_preserve_position
2021,2021-03,3,10,16,Heidi,16.0,yearend2021-chartcalcs.ods,Sheet1,17,7,inverse_points_preserve_position
2021,2021-03,3,11,15,Yes! PreCure 5/GoGo!,15.0,yearend2021-chartcalcs.ods,Sheet1,24,7,inverse_points_preserve_position
2021,2021-03,3,12,14,Law & Order: Special Victims Unit,14.0,yearend2021-chartcalcs.ods,Sheet1,20,7,inverse_points_preserve_position
2021,2021-03,3,13,13,In the Heat of the Night,13.0,yearend2021-chartcalcs.ods,Sheet1,22,7,inverse_points_preserve_position
2021,2021-03,3,14,12,Beakman’s World,12.0,yearend2021-chartcalcs.ods,Sheet1,40,7,inverse_points_preserve_position
2021,2021-03,3,15,11,Onyx Equinox,11.0,yearend2021-chartcalcs.ods,Sheet1,37,7,inverse_points_preserve_position
2021,2021-03,3,16,10,HUGtto PreCure!,10.0,yearend2021-chartcalcs.ods,Sheet1,13,7,inverse_points_preserve_position
2021,2021-03,3,17,9,BNA: Brand New Animal,9.0,yearend2021-chartcalcs.ods,Sheet1,38,7,inverse_points_preserve_position
2021,2021-03,3,18,8,Monster Girl Doctor,8.0,yearend2021-chartcalcs.ods,Sheet1,26,7,inverse_points_preserve_position
2021,2021-03,3,19,7,Digimon: Digital Monsters,7.0,yearend2021-chartcalcs.ods,Sheet1,46,7,inverse_points_preserve_position
2021,2021-03,3,20,6,The Helpful Fox Senko-san,6.0,yearend2021-chartcalcs.ods,Sheet1,60,7,inverse_points_preserve_position
2021,2021-03,3,21,5,Leah Remini: Scientology and the Aftermath,5.0,yearend2021-chartcalcs.ods,Sheet1,74,7,inverse_points_preserve_position
2021,2021-03,3,22,4,Enchantimals,4.0,yearend2021-chartcalcs.ods,Sheet1,15,7,inverse_points_preserve_position
2021,2021-03,3,23,3,Wandering Witch – The Journey of Elaina,3.0,yearend2021-chartcalcs.ods,Sheet1,53,7,inverse_points_preserve_position
2021,2021-03,3,24,2,Littlest Pet Shop,2.0,yearend2021-chartcalcs.ods,Sheet1,59,7,inverse_points_preserve_position
2021,2021-03,3,25,1,Cleopatra In Space,1.0,yearend2021-chartcalcs.ods,Sheet1,44,7,inverse_points_preserve_position
2021,2021-04,4,1,25,Jurassic World Camp Cretaceous,25.0,yearend2021-chartcalcs.ods,Sheet1,14,8,inverse_points_preserve_position
2021,2021-04,4,2,24,Strike Witches,24.0,yearend2021-chartcalcs.ods,Sheet1,34,8,inverse_points_preserve_position
2021,2021-04,4,3,23,How It’s Made,23.0,yearend2021-chartcalcs.ods,Sheet1,11,8,inverse_points_preserve_position
2021,2021-04,4,4,22,Tropical-Rouge! PreCure,22.0,yearend2021-chartcalcs.ods,Sheet1,10,8,inverse_points_preserve_position
2021,2021-04,4,5,21,Law & Order: Special Victims Unit,21.0,yearend2021-chartcalcs.ods,Sheet1,20,8,inverse_points_preserve_position
2021,2021-04,4,6,20,HUGtto PreCure!,20.0,yearend2021-chartcalcs.ods,Sheet1,13,8,inverse_points_preserve_position
2021,2021-04,4,7,19,KiraKira PreCure! A La Mode,19.0,yearend2021-chartcalcs.ods,Sheet1,21,8,inverse_points_preserve_position
2021,2021-04,4,8,18,Yes! PreCure 5/GoGo!,18.0,yearend2021-chartcalcs.ods,Sheet1,24,8,inverse_points_preserve_position
2021,2021-04,4,9,17,Pacific Rim: The Black,17.0,yearend2021-chartcalcs.ods,Sheet1,51,8,inverse_points_preserve_position
2021,2021-04,4,10,16,Enchantimals,16.0,yearend2021-chartcalcs.ods,Sheet1,15,8,inverse_points_preserve_position
2021,2021-04,4,11,15,The Rising of the Shield Hero,15.0,yearend2021-chartcalcs.ods,Sheet1,35,8,inverse_points_preserve_position
2021,2021-04,4,12,14,The David Pakman Show,14.0,yearend2021-chartcalcs.ods,Sheet1,9,8,inverse_points_preserve_position
2021,2021-04,4,13,13,Sherwood,13.0,yearend2021-chartcalcs.ods,Sheet1,56,8,inverse_points_preserve_position
2021,2021-04,4,14,12,We Never Learn: Bokuben,12.0,yearend2021-chartcalcs.ods,Sheet1,48,8,inverse_points_preserve_position
2021,2021-04,4,15,11,My Little Pony: Friendship is Magic,11.0,yearend2021-chartcalcs.ods,Sheet1,29,8,inverse_points_preserve_position
2021,2021-04,4,16,10,Kuma Kuma Kuma Bear,10.0,yearend2021-chartcalcs.ods,Sheet1,16,8,inverse_points_preserve_position
2021,2021-04,4,17,9,Heidi,9.0,yearend2021-chartcalcs.ods,Sheet1,17,8,inverse_points_preserve_position
2021,2021-04,4,18,8,Monster Girl Doctor,8.0,yearend2021-chartcalcs.ods,Sheet1,26,8,inverse_points_preserve_position
2021,2021-04,4,19,7,BNA: Brand New Animal,7.0,yearend2021-chartcalcs.ods,Sheet1,38,8,inverse_points_preserve_position
2021,2021-04,4,20,6,Onyx Equinox,6.0,yearend2021-chartcalcs.ods,Sheet1,37,8,inverse_points_preserve_position
2021,2021-04,4,21,5,Seton Academy: Join the Pack!,5.0,yearend2021-chartcalcs.ods,Sheet1,25,8,inverse_points_preserve_position
2021,2021-04,4,22,4,Digimon: Digital Monsters,4.0,yearend2021-chartcalcs.ods,Sheet1,46,8,inverse_points_preserve_position
2021,2021-04,4,23,3,DuckTales,3.0,yearend2021-chartcalcs.ods,Sheet1,76,8,inverse_points_preserve_position
2021,2021-04,4,24,2,Beakman’s World,2.0,yearend2021-chartcalcs.ods,Sheet1,40,8,inverse_points_preserve_position
2021,2021-04,4,25,1,Cleopatra In Space,1.0,yearend2021-chartcalcs.ods,Sheet1,44,8,inverse_points_preserve_position
2021,2021-05,5,1,25,Atelier Escha & Logy: Alchemists of the Dusk Sky,25.0,yearend2021-chartcalcs.ods,Sheet1,28,9,inverse_points_preserve_position
2021,2021-05,5,2,24,The David Pakman Show,24.0,yearend2021-chartcalcs.ods,Sheet1,9,9,inverse_points_preserve_position
2021,2021-05,5,3,23,Star Twinkle PreCure,23.0,yearend2021-chartcalcs.ods,Sheet1,18,9,inverse_points_preserve_position
2021,2021-05,5,4,22,Jurassic World Camp Cretaceous,22.0,yearend2021-chartcalcs.ods,Sheet1,14,9,inverse_points_preserve_position
2021,2021-05,5,5,21,Tropical-Rouge! PreCure,21.0,yearend2021-chartcalcs.ods,Sheet1,10,9,inverse_points_preserve_position
2021,2021-05,5,6,20,Yes! PreCure 5/GoGo!,20.0,yearend2021-chartcalcs.ods,Sheet1,24,9,inverse_points_preserve_position
2021,2021-05,5,7,19,Laid Back Camp,19.0,yearend2021-chartcalcs.ods,Sheet1,33,9,inverse_points_preserve_position
2021,2021-05,5,8,18,Law & Order: Special Victims Unit,18.0,yearend2021-chartcalcs.ods,Sheet1,20,9,inverse_points_preserve_position
2021,2021-05,5,9,17,HUGtto PreCure!,17.0,yearend2021-chartcalcs.ods,Sheet1,13,9,inverse_points_preserve_position
2021,2021-05,5,10,16,Law & Order: Organized Crime,16.0,yearend2021-chartcalcs.ods,Sheet1,31,9,inverse_points_preserve_position
2021,2021-05,5,11,15,How It’s Made,15.0,yearend2021-chartcalcs.ods,Sheet1,11,9,inverse_points_preserve_position
2021,2021-05,5,12,14,Strike Witches,14.0,yearend2021-chartcalcs.ods,Sheet1,34,9,inverse_points_preserve_position
2021,2021-05,5,13,13,KiraKira PreCure! A La Mode,13.0,yearend2021-chartcalcs.ods,Sheet1,21,9,inverse_points_preserve_position
2021,2021-05,5,14,12,Kuma Kuma Kuma Bear,12.0,yearend2021-chartcalcs.ods,Sheet1,16,9,inverse_points_preserve_position
2021,2021-05,5,15,11,Enchantimals,11.0,yearend2021-chartcalcs.ods,Sheet1,15,9,inverse_points_preserve_position
2021,2021-05,5,16,10,Monster Girl Doctor,10.0,yearend2021-chartcalcs.ods,Sheet1,26,9,inverse_points_preserve_position
2021,2021-05,5,17,9,The Rising of the Shield Hero,9.0,yearend2021-chartcalcs.ods,Sheet1,35,9,inverse_points_preserve_position
2021,2021-05,5,18,8,My Little Pony: Friendship is Magic,8.0,yearend2021-chartcalcs.ods,Sheet1,29,9,inverse_points_preserve_position
2021,2021-05,5,19,7,Pacific Rim: The Black,7.0,yearend2021-chartcalcs.ods,Sheet1,51,9,inverse_points_preserve_position
2021,2021-05,5,20,6,BNA: Brand New Animal,6.0,yearend2021-chartcalcs.ods,Sheet1,38,9,inverse_points_preserve_position
2021,2021-05,5,21,5,Sherwood,5.0,yearend2021-chartcalcs.ods,Sheet1,56,9,inverse_points_preserve_position
2021,2021-05,5,22,4,Seton Academy: Join the Pack!,4.0,yearend2021-chartcalcs.ods,Sheet1,25,9,inverse_points_preserve_position
2021,2021-05,5,23,3,Heidi,3.0,yearend2021-chartcalcs.ods,Sheet1,17,9,inverse_points_preserve_position
2021,2021-05,5,24,2,We Never Learn: Bokuben,2.0,yearend2021-chartcalcs.ods,Sheet1,48,9,inverse_points_preserve_position
2021,2021-05,5,25,1,Onyx Equinox,1.0,yearend2021-chartcalcs.ods,Sheet1,37,9,inverse_points_preserve_position
2021,2021-06,6,1,25,The David Pakman Show,25.0,yearend2021-chartcalcs.ods,Sheet1,9,10,inverse_points_preserve_position
2021,2021-06,6,2,24,In the Heat of the Night,24.0,yearend2021-chartcalcs.ods,Sheet1,22,10,inverse_points_preserve_position
2021,2021-06,6,3,23,Beastars,23.0,yearend2021-chartcalcs.ods,Sheet1,12,10,inverse_points_preserve_position
2021,2021-06,6,4,22,Star Twinkle PreCure,22.0,yearend2021-chartcalcs.ods,Sheet1,18,10,inverse_points_preserve_position
2021,2021-06,6,5,21,Law & Order: Organized Crime,21.0,yearend2021-chartcalcs.ods,Sheet1,31,10,inverse_points_preserve_position
2021,2021-06,6,6,20,Tropical-Rouge! PreCure,20.0,yearend2021-chartcalcs.ods,Sheet1,10,10,inverse_points_preserve_position
2021,2021-06,6,7,19,Atelier Escha & Logy: Alchemists of the Dusk Sky,19.0,yearend2021-chartcalcs.ods,Sheet1,28,10,inverse_points_preserve_position
2021,2021-06,6,8,18,Jurassic World Camp Cretaceous,18.0,yearend2021-chartcalcs.ods,Sheet1,14,10,inverse_points_preserve_position
2021,2021-06,6,9,17,Laid Back Camp,17.0,yearend2021-chartcalcs.ods,Sheet1,33,10,inverse_points_preserve_position
2021,2021-06,6,10,16,One Piece,16.0,yearend2021-chartcalcs.ods,Sheet1,27,10,inverse_points_preserve_position
2021,2021-06,6,11,15,Enchantimals,15.0,yearend2021-chartcalcs.ods,Sheet1,15,10,inverse_points_preserve_position
2021,2021-06,6,12,14,HUGtto PreCure!,14.0,yearend2021-chartcalcs.ods,Sheet1,13,10,inverse_points_preserve_position
2021,2021-06,6,13,13,Yes! PreCure 5/GoGo!,13.0,yearend2021-chartcalcs.ods,Sheet1,24,10,inverse_points_preserve_position
2021,2021-06,6,14,12,Kuma Kuma Kuma Bear,12.0,yearend2021-chartcalcs.ods,Sheet1,16,10,inverse_points_preserve_position
2021,2021-06,6,15,11,Strike Witches,11.0,yearend2021-chartcalcs.ods,Sheet1,34,10,inverse_points_preserve_position
2021,2021-06,6,16,10,Law & Order: Special Victims Unit,10.0,yearend2021-chartcalcs.ods,Sheet1,20,10,inverse_points_preserve_position
2021,2021-06,6,17,9,How It’s Made,9.0,yearend2021-chartcalcs.ods,Sheet1,11,10,inverse_points_preserve_position
2021,2021-06,6,18,8,Monster Girl Doctor,8.0,yearend2021-chartcalcs.ods,Sheet1,26,10,inverse_points_preserve_position
2021,2021-06,6,19,7,BNA: Brand New Animal,7.0,yearend2021-chartcalcs.ods,Sheet1,38,10,inverse_points_preserve_position
2021,2021-06,6,20,6,KiraKira PreCure! A La Mode,6.0,yearend2021-chartcalcs.ods,Sheet1,21,10,inverse_points_preserve_position
2021,2021-06,6,21,5,The Rising of the Shield Hero,5.0,yearend2021-chartcalcs.ods,Sheet1,35,10,inverse_points_preserve_position
2021,2021-06,6,22,4,Heidi,4.0,yearend2021-chartcalcs.ods,Sheet1,17,10,inverse_points_preserve_position
2021,2021-06,6,23,3,Seton Academy: Join the Pack!,3.0,yearend2021-chartcalcs.ods,Sheet1,25,10,inverse_points_preserve_position
2021,2021-06,6,24,2,Pacific Rim: The Black,2.0,yearend2021-chartcalcs.ods,Sheet1,51,10,inverse_points_preserve_position
2021,2021-06,6,25,1,Sherwood,1.0,yearend2021-chartcalcs.ods,Sheet1,56,10,inverse_points_preserve_position
2021,2021-07,7,1,25,Star Twinkle PreCure,25.0,yearend2021-chartcalcs.ods,Sheet1,18,11,inverse_points_preserve_position
2021,2021-07,7,2,24,Tropical-Rouge! PreCure,24.0,yearend2021-chartcalcs.ods,Sheet1,10,11,inverse_points_preserve_position
2021,2021-07,7,3,23,One Piece,23.0,yearend2021-chartcalcs.ods,Sheet1,27,11,inverse_points_preserve_position
2021,2021-07,7,4,22,The David Pakman Show,22.0,yearend2021-chartcalcs.ods,Sheet1,9,11,inverse_points_preserve_position
2021,2021-07,7,5,21,How It’s Made,21.0,yearend2021-chartcalcs.ods,Sheet1,11,11,inverse_points_preserve_position
2021,2021-07,7,6,20,The Promised Neverland,20.0,yearend2021-chartcalcs.ods,Sheet1,36,11,inverse_points_preserve_position
2021,2021-07,7,7,19,In the Heat of the Night,19.0,yearend2021-chartcalcs.ods,Sheet1,22,11,inverse_points_preserve_position
2021,2021-07,7,8,18,"Don’t Toy With Me, Miss Nagatoro",18.0,yearend2021-chartcalcs.ods,Sheet1,19,11,inverse_points_preserve_position
2021,2021-07,7,9,17,Laid Back Camp,17.0,yearend2021-chartcalcs.ods,Sheet1,33,11,inverse_points_preserve_position
2021,2021-07,7,10,16,Atelier Escha & Logy: Alchemists of the Dusk Sky,16.0,yearend2021-chartcalcs.ods,Sheet1,28,11,inverse_points_preserve_position
2021,2021-07,7,11,15,Jurassic World Camp Cretaceous,15.0,yearend2021-chartcalcs.ods,Sheet1,14,11,inverse_points_preserve_position
2021,2021-07,7,12,14,Beastars,14.0,yearend2021-chartcalcs.ods,Sheet1,12,11,inverse_points_preserve_position
2021,2021-07,7,13,13,Yes! PreCure 5/GoGo!,13.0,yearend2021-chartcalcs.ods,Sheet1,24,11,inverse_points_preserve_position
2021,2021-07,7,14,12,Law & Order: Organized Crime,12.0,yearend2021-chartcalcs.ods,Sheet1,31,11,inverse_points_preserve_position
2021,2021-07,7,15,11,Law & Order: Special Victims Unit,11.0,yearend2021-chartcalcs.ods,Sheet1,20,11,inverse_points_preserve_position
2021,2021-07,7,16,10,Mewkledreamy,10.0,yearend2021-chartcalcs.ods,Sheet1,54,11,inverse_points_preserve_position
2021,2021-07,7,17,9,Heidi,9.0,yearend2021-chartcalcs.ods,Sheet1,17,11,inverse_points_preserve_position
2021,2021-07,7,18,8,Monster Girl Doctor,8.0,yearend2021-chartcalcs.ods,Sheet1,26,11,inverse_points_preserve_position
2021,2021-07,7,19,7,HUGtto PreCure!,7.0,yearend2021-chartcalcs.ods,Sheet1,13,11,inverse_points_preserve_position
2021,2021-07,7,20,6,KiraKira PreCure! A La Mode,6.0,yearend2021-chartcalcs.ods,Sheet1,21,11,inverse_points_preserve_position
2021,2021-07,7,21,5,Kuma Kuma Kuma Bear,5.0,yearend2021-chartcalcs.ods,Sheet1,16,11,inverse_points_preserve_position
2021,2021-07,7,22,4,Enchantimals,4.0,yearend2021-chartcalcs.ods,Sheet1,15,11,inverse_points_preserve_position
2021,2021-07,7,23,3,Strike Witches,3.0,yearend2021-chartcalcs.ods,Sheet1,34,11,inverse_points_preserve_position
2021,2021-07,7,24,2,BNA: Brand New Animal,2.0,yearend2021-chartcalcs.ods,Sheet1,38,11,inverse_points_preserve_position
2021,2021-07,7,25,1,The Rising of the Shield Hero,1.0,yearend2021-chartcalcs.ods,Sheet1,35,11,inverse_points_preserve_position
2021,2021-08,8,1,25,Star Twinkle PreCure,25.0,yearend2021-chartcalcs.ods,Sheet1,18,12,inverse_points_preserve_position
2021,2021-08,8,2,24,Beastars,24.0,yearend2021-chartcalcs.ods,Sheet1,12,12,inverse_points_preserve_position
2021,2021-08,8,3,23,Tropical-Rouge! PreCure,23.0,yearend2021-chartcalcs.ods,Sheet1,10,12,inverse_points_preserve_position
2021,2021-08,8,4,22,The Promised Neverland,22.0,yearend2021-chartcalcs.ods,Sheet1,36,12,inverse_points_preserve_position
2021,2021-08,8,5,21,Godzilla Singular Point,21.0,yearend2021-chartcalcs.ods,Sheet1,39,12,inverse_points_preserve_position
2021,2021-08,8,6,20,RIMBA Racer,20.0,yearend2021-chartcalcs.ods,Sheet1,49,12,inverse_points_preserve_position
2021,2021-08,8,7,19,The David Pakman Show,19.0,yearend2021-chartcalcs.ods,Sheet1,9,12,inverse_points_preserve_position
2021,2021-08,8,8,18,"Don’t Toy With Me, Miss Nagatoro",18.0,yearend2021-chartcalcs.ods,Sheet1,19,12,inverse_points_preserve_position
2021,2021-08,8,9,17,In the Heat of the Night,17.0,yearend2021-chartcalcs.ods,Sheet1,22,12,inverse_points_preserve_position
2021,2021-08,8,10,16,One Piece,16.0,yearend2021-chartcalcs.ods,Sheet1,27,12,inverse_points_preserve_position
2021,2021-08,8,11,15,How It’s Made,15.0,yearend2021-chartcalcs.ods,Sheet1,11,12,inverse_points_preserve_position
2021,2021-08,8,12,14,Laid Back Camp,14.0,yearend2021-chartcalcs.ods,Sheet1,33,12,inverse_points_preserve_position
2021,2021-08,8,13,13,Enchantimals,13.0,yearend2021-chartcalcs.ods,Sheet1,15,12,inverse_points_preserve_position
2021,2021-08,8,14,12,Mewkledreamy,12.0,yearend2021-chartcalcs.ods,Sheet1,54,12,inverse_points_preserve_position
2021,2021-08,8,15,11,Atelier Escha & Logy: Alchemists of the Dusk Sky,11.0,yearend2021-chartcalcs.ods,Sheet1,28,12,inverse_points_preserve_position
2021,2021-08,8,16,10,Yes! PreCure 5/GoGo!,10.0,yearend2021-chartcalcs.ods,Sheet1,24,12,inverse_points_preserve_position
2021,2021-08,8,17,9,Monster Girl Doctor,9.0,yearend2021-chartcalcs.ods,Sheet1,26,12,inverse_points_preserve_position
2021,2021-08,8,18,8,Jurassic World Camp Cretaceous,8.0,yearend2021-chartcalcs.ods,Sheet1,14,12,inverse_points_preserve_position
2021,2021-08,8,19,7,Heidi,7.0,yearend2021-chartcalcs.ods,Sheet1,17,12,inverse_points_preserve_position
2021,2021-08,8,20,6,HUGtto PreCure!,6.0,yearend2021-chartcalcs.ods,Sheet1,13,12,inverse_points_preserve_position
2021,2021-08,8,21,5,KiraKira PreCure! A La Mode,5.0,yearend2021-chartcalcs.ods,Sheet1,21,12,inverse_points_preserve_position
2021,2021-08,8,22,4,Law & Order: Special Victims Unit,4.0,yearend2021-chartcalcs.ods,Sheet1,20,12,inverse_points_preserve_position
2021,2021-08,8,23,3,Kuma Kuma Kuma Bear,3.0,yearend2021-chartcalcs.ods,Sheet1,16,12,inverse_points_preserve_position
2021,2021-08,8,24,2,Strike Witches,2.0,yearend2021-chartcalcs.ods,Sheet1,34,12,inverse_points_preserve_position
2021,2021-08,8,25,1,Law & Order: Organized Crime,1.0,yearend2021-chartcalcs.ods,Sheet1,31,12,inverse_points_preserve_position
2021,2021-09,9,1,25,Tropical-Rouge! PreCure,25.0,yearend2021-chartcalcs.ods,Sheet1,10,13,inverse_points_preserve_position
2021,2021-09,9,2,24,Beastars,24.0,yearend2021-chartcalcs.ods,Sheet1,12,13,inverse_points_preserve_position
2021,2021-09,9,3,23,"Don’t Toy With Me, Miss Nagatoro",23.0,yearend2021-chartcalcs.ods,Sheet1,19,13,inverse_points_preserve_position
2021,2021-09,9,4,22,Star Twinkle PreCure,22.0,yearend2021-chartcalcs.ods,Sheet1,18,13,inverse_points_preserve_position
2021,2021-09,9,5,21,Heidi,21.0,yearend2021-chartcalcs.ods,Sheet1,17,13,inverse_points_preserve_position
2021,2021-09,9,6,20,Miss Kobayashi’s Dragon Maid,20.0,yearend2021-chartcalcs.ods,Sheet1,30,13,inverse_points_preserve_position
2021,2021-09,9,7,19,The David Pakman Show,19.0,yearend2021-chartcalcs.ods,Sheet1,9,13,inverse_points_preserve_position
2021,2021-09,9,8,18,Dragon Goes House Hunting,18.0,yearend2021-chartcalcs.ods,Sheet1,47,13,inverse_points_preserve_position
2021,2021-09,9,9,17,Godzilla Singular Point,17.0,yearend2021-chartcalcs.ods,Sheet1,39,13,inverse_points_preserve_position
2021,2021-09,9,10,16,The Promised Neverland,16.0,yearend2021-chartcalcs.ods,Sheet1,36,13,inverse_points_preserve_position
2021,2021-09,9,11,15,One Piece,15.0,yearend2021-chartcalcs.ods,Sheet1,27,13,inverse_points_preserve_position
2021,2021-09,9,12,14,How It’s Made,14.0,yearend2021-chartcalcs.ods,Sheet1,11,13,inverse_points_preserve_position
2021,2021-09,9,13,13,In the Heat of the Night,13.0,yearend2021-chartcalcs.ods,Sheet1,22,13,inverse_points_preserve_position
2021,2021-09,9,14,12,Enchantimals,12.0,yearend2021-chartcalcs.ods,Sheet1,15,13,inverse_points_preserve_position
2021,2021-09,9,15,11,RIMBA Racer,11.0,yearend2021-chartcalcs.ods,Sheet1,49,13,inverse_points_preserve_position
2021,2021-09,9,16,10,Yes! PreCure 5/GoGo!,10.0,yearend2021-chartcalcs.ods,Sheet1,24,13,inverse_points_preserve_position
2021,2021-09,9,17,9,Monster Girl Doctor,9.0,yearend2021-chartcalcs.ods,Sheet1,26,13,inverse_points_preserve_position
2021,2021-09,9,18,8,Laid Back Camp,8.0,yearend2021-chartcalcs.ods,Sheet1,33,13,inverse_points_preserve_position
2021,2021-09,9,19,7,Jurassic World Camp Cretaceous,7.0,yearend2021-chartcalcs.ods,Sheet1,14,13,inverse_points_preserve_position
2021,2021-09,9,20,6,Magic User’s Club,6.0,yearend2021-chartcalcs.ods,Sheet1,72,13,inverse_points_preserve_position
2021,2021-09,9,21,5,KiraKira PreCure! A La Mode,5.0,yearend2021-chartcalcs.ods,Sheet1,21,13,inverse_points_preserve_position
2021,2021-09,9,22,4,HUGtto PreCure!,4.0,yearend2021-chartcalcs.ods,Sheet1,13,13,inverse_points_preserve_position
2021,2021-09,9,23,3,Atelier Escha & Logy: Alchemists of the Dusk Sky,3.0,yearend2021-chartcalcs.ods,Sheet1,28,13,inverse_points_preserve_position
2021,2021-09,9,24,2,My Little Pony: Friendship is Magic,2.0,yearend2021-chartcalcs.ods,Sheet1,29,13,inverse_points_preserve_position
2021,2021-09,9,25,1,Strike Witches,1.0,yearend2021-chartcalcs.ods,Sheet1,34,13,inverse_points_preserve_position
2021,2021-10,10,1,25,Tropical-Rouge! PreCure,25.0,yearend2021-chartcalcs.ods,Sheet1,10,14,inverse_points_preserve_position
2021,2021-10,10,2,24,Star Trek: The Next Generation,24.0,yearend2021-chartcalcs.ods,Sheet1,50,14,inverse_points_preserve_position
2021,2021-10,10,3,23,Star Twinkle PreCure,23.0,yearend2021-chartcalcs.ods,Sheet1,18,14,inverse_points_preserve_position
2021,2021-10,10,4,22,Ragnarok the Animation,22.0,yearend2021-chartcalcs.ods,Sheet1,43,14,inverse_points_preserve_position
2021,2021-10,10,5,21,Miss Kobayashi’s Dragon Maid,21.0,yearend2021-chartcalcs.ods,Sheet1,30,14,inverse_points_preserve_position
2021,2021-10,10,6,20,HUGtto PreCure!,20.0,yearend2021-chartcalcs.ods,Sheet1,13,14,inverse_points_preserve_position
2021,2021-10,10,7,19,Enchantimals,19.0,yearend2021-chartcalcs.ods,Sheet1,15,14,inverse_points_preserve_position
2021,2021-10,10,8,18,Blood-C,18.0,yearend2021-chartcalcs.ods,Sheet1,32,14,inverse_points_preserve_position
2021,2021-10,10,9,17,Beastars,17.0,yearend2021-chartcalcs.ods,Sheet1,12,14,inverse_points_preserve_position
2021,2021-10,10,10,16,Heidi,16.0,yearend2021-chartcalcs.ods,Sheet1,17,14,inverse_points_preserve_position
2021,2021-10,10,11,15,"Don’t Toy With Me, Miss Nagatoro",15.0,yearend2021-chartcalcs.ods,Sheet1,19,14,inverse_points_preserve_position
2021,2021-10,10,12,14,Eden’s Zero,14.0,yearend2021-chartcalcs.ods,Sheet1,63,14,inverse_points_preserve_position
2021,2021-10,10,13,13,Fena: Pirate Princess,13.0,yearend2021-chartcalcs.ods,Sheet1,52,14,inverse_points_preserve_position
2021,2021-10,10,14,12,One Piece,12.0,yearend2021-chartcalcs.ods,Sheet1,27,14,inverse_points_preserve_position
2021,2021-10,10,15,11,How It’s Made,11.0,yearend2021-chartcalcs.ods,Sheet1,11,14,inverse_points_preserve_position
2021,2021-10,10,16,10,Yes! PreCure 5/GoGo!,10.0,yearend2021-chartcalcs.ods,Sheet1,24,14,inverse_points_preserve_position
2021,2021-10,10,17,9,The Promised Neverland,9.0,yearend2021-chartcalcs.ods,Sheet1,36,14,inverse_points_preserve_position
2021,2021-10,10,18,8,The David Pakman Show,8.0,yearend2021-chartcalcs.ods,Sheet1,9,14,inverse_points_preserve_position
2021,2021-10,10,19,7,In the Heat of the Night,7.0,yearend2021-chartcalcs.ods,Sheet1,22,14,inverse_points_preserve_position
2021,2021-10,10,20,6,Pretty Cure Splash Star,6.0,yearend2021-chartcalcs.ods,Sheet1,23,14,inverse_points_preserve_position
2021,2021-10,10,21,5,Jurassic World Camp Cretaceous,5.0,yearend2021-chartcalcs.ods,Sheet1,14,14,inverse_points_preserve_position
2021,2021-10,10,22,4,Monster Girl Doctor,4.0,yearend2021-chartcalcs.ods,Sheet1,26,14,inverse_points_preserve_position
2021,2021-10,10,23,3,KiraKira PreCure! A La Mode,3.0,yearend2021-chartcalcs.ods,Sheet1,21,14,inverse_points_preserve_position
2021,2021-10,10,24,2,Steven Universe,2.0,yearend2021-chartcalcs.ods,Sheet1,58,14,inverse_points_preserve_position
2021,2021-10,10,25,1,Laid Back Camp,1.0,yearend2021-chartcalcs.ods,Sheet1,33,14,inverse_points_preserve_position
2021,2021-11,11,1,25,Tropical-Rouge! PreCure,25.0,yearend2021-chartcalcs.ods,Sheet1,10,15,inverse_points_preserve_position
2021,2021-11,11,2,24,Pretty Cure Splash Star,24.0,yearend2021-chartcalcs.ods,Sheet1,23,15,inverse_points_preserve_position
2021,2021-11,11,3,23,Blood-C,23.0,yearend2021-chartcalcs.ods,Sheet1,32,15,inverse_points_preserve_position
2021,2021-11,11,4,22,Star Trek: Lower Decks,22.0,yearend2021-chartcalcs.ods,Sheet1,41,15,inverse_points_preserve_position
2021,2021-11,11,5,21,Star Twinkle PreCure,21.0,yearend2021-chartcalcs.ods,Sheet1,18,15,inverse_points_preserve_position
2021,2021-11,11,6,20,The Great Jahy Will Not Be Defeated!,20.0,yearend2021-chartcalcs.ods,Sheet1,45,15,inverse_points_preserve_position
2021,2021-11,11,7,19,Law & Order: Special Victims Unit,19.0,yearend2021-chartcalcs.ods,Sheet1,20,15,inverse_points_preserve_position
2021,2021-11,11,8,18,Miss Kobayashi’s Dragon Maid,18.0,yearend2021-chartcalcs.ods,Sheet1,30,15,inverse_points_preserve_position
2021,2021-11,11,9,17,Ragnarok the Animation,17.0,yearend2021-chartcalcs.ods,Sheet1,43,15,inverse_points_preserve_position
2021,2021-11,11,10,16,Beastars,16.0,yearend2021-chartcalcs.ods,Sheet1,12,15,inverse_points_preserve_position
2021,2021-11,11,11,15,HUGtto PreCure!,15.0,yearend2021-chartcalcs.ods,Sheet1,13,15,inverse_points_preserve_position
2021,2021-11,11,12,14,Sister Princess,14.0,yearend2021-chartcalcs.ods,Sheet1,55,15,inverse_points_preserve_position
2021,2021-11,11,13,13,Heidi,13.0,yearend2021-chartcalcs.ods,Sheet1,17,15,inverse_points_preserve_position
2021,2021-11,11,14,12,Witchblade,12.0,yearend2021-chartcalcs.ods,Sheet1,66,15,inverse_points_preserve_position
2021,2021-11,11,15,11,Fena: Pirate Princess,11.0,yearend2021-chartcalcs.ods,Sheet1,52,15,inverse_points_preserve_position
2021,2021-11,11,16,10,"Don’t Toy With Me, Miss Nagatoro",10.0,yearend2021-chartcalcs.ods,Sheet1,19,15,inverse_points_preserve_position
2021,2021-11,11,17,9,Steven Universe,9.0,yearend2021-chartcalcs.ods,Sheet1,58,15,inverse_points_preserve_position
2021,2021-11,11,18,8,One Piece,8.0,yearend2021-chartcalcs.ods,Sheet1,27,15,inverse_points_preserve_position
2021,2021-11,11,19,7,Enchantimals,7.0,yearend2021-chartcalcs.ods,Sheet1,15,15,inverse_points_preserve_position
2021,2021-11,11,20,6,Star Trek: The Next Generation,6.0,yearend2021-chartcalcs.ods,Sheet1,50,15,inverse_points_preserve_position
2021,2021-11,11,21,5,KiraKira PreCure! A La Mode,5.0,yearend2021-chartcalcs.ods,Sheet1,21,15,inverse_points_preserve_position
2021,2021-11,11,22,4,Yes! PreCure 5/GoGo!,4.0,yearend2021-chartcalcs.ods,Sheet1,24,15,inverse_points_preserve_position
2021,2021-11,11,23,3,Jurassic World Camp Cretaceous,3.0,yearend2021-chartcalcs.ods,Sheet1,14,15,inverse_points_preserve_position
2021,2021-11,11,24,2,The David Pakman Show,2.0,yearend2021-chartcalcs.ods,Sheet1,9,15,inverse_points_preserve_position
2021,2021-11,11,25,1,Monster Girl Doctor,1.0,yearend2021-chartcalcs.ods,Sheet1,26,15,inverse_points_preserve_position
2021,2021-12,12,1,25,Irina: The Vampire Cosmonaut,25.0,yearend2021-chartcalcs.ods,Sheet1,42,16,inverse_points_preserve_position
2021,2021-12,12,2,24,Tropical-Rouge! PreCure,24.0,yearend2021-chartcalcs.ods,Sheet1,10,16,inverse_points_preserve_position
2021,2021-12,12,3,23,Beastars,23.0,yearend2021-chartcalcs.ods,Sheet1,12,16,inverse_points_preserve_position
2021,2021-12,12,4,22,Miss Kobayashi’s Dragon Maid,22.0,yearend2021-chartcalcs.ods,Sheet1,30,16,inverse_points_preserve_position
2021,2021-12,12,5,21,The Great Jahy Will Not Be Defeated!,21.0,yearend2021-chartcalcs.ods,Sheet1,45,16,inverse_points_preserve_position
2021,2021-12,12,6,20,Trese,20.0,yearend2021-chartcalcs.ods,Sheet1,57,16,inverse_points_preserve_position
2021,2021-12,12,7,19,Blood-C,19.0,yearend2021-chartcalcs.ods,Sheet1,32,16,inverse_points_preserve_position
2021,2021-12,12,8,18,Star Twinkle PreCure,18.0,yearend2021-chartcalcs.ods,Sheet1,18,16,inverse_points_preserve_position
2021,2021-12,12,9,17,Enchantimals,17.0,yearend2021-chartcalcs.ods,Sheet1,15,16,inverse_points_preserve_position
2021,2021-12,12,10,16,"So I’m A Spider, So What?",16.0,yearend2021-chartcalcs.ods,Sheet1,61,16,inverse_points_preserve_position
2021,2021-12,12,11,15,If Her Flag Breaks,15.0,yearend2021-chartcalcs.ods,Sheet1,62,16,inverse_points_preserve_position
2021,2021-12,12,12,14,"Don’t Toy With Me, Miss Nagatoro",14.0,yearend2021-chartcalcs.ods,Sheet1,19,16,inverse_points_preserve_position
2021,2021-12,12,13,13,Heidi,13.0,yearend2021-chartcalcs.ods,Sheet1,17,16,inverse_points_preserve_position
2021,2021-12,12,14,12,Pretty Cure Splash Star,12.0,yearend2021-chartcalcs.ods,Sheet1,23,16,inverse_points_preserve_position
2021,2021-12,12,15,11,Star Trek: Lower Decks,11.0,yearend2021-chartcalcs.ods,Sheet1,41,16,inverse_points_preserve_position
2021,2021-12,12,16,10,Law & Order: Special Victims Unit,10.0,yearend2021-chartcalcs.ods,Sheet1,20,16,inverse_points_preserve_position
2021,2021-12,12,17,9,HUGtto PreCure!,9.0,yearend2021-chartcalcs.ods,Sheet1,13,16,inverse_points_preserve_position
2021,2021-12,12,18,8,Witchblade,8.0,yearend2021-chartcalcs.ods,Sheet1,70,16,inverse_points_preserve_position
2021,2021-12,12,19,7,Sister Princess,7.0,yearend2021-chartcalcs.ods,Sheet1,55,16,inverse_points_preserve_position
2021,2021-12,12,20,6,Steven Universe,6.0,yearend2021-chartcalcs.ods,Sheet1,58,16,inverse_points_preserve_position
2021,2021-12,12,21,5,One Piece,5.0,yearend2021-chartcalcs.ods,Sheet1,27,16,inverse_points_preserve_position
2021,2021-12,12,22,4,Ragnarok the Animation,4.0,yearend2021-chartcalcs.ods,Sheet1,43,16,inverse_points_preserve_position
2021,2021-12,12,23,3,KiraKira PreCure! A La Mode,3.0,yearend2021-chartcalcs.ods,Sheet1,21,16,inverse_points_preserve_position
2021,2021-12,12,24,2,Yes! PreCure 5/GoGo!,2.0,yearend2021-chartcalcs.ods,Sheet1,24,16,inverse_points_preserve_position
2021,2021-12,12,25,1,Fena: Pirate Princess,1.0,yearend2021-chartcalcs.ods,Sheet1,52,16,inverse_points_preserve_position
2022,2022-01,1,1,25,Irina: The Vampire Cosmonaut,10000.0,2022 top 25 shows chart data.xls,Sheet2,32,5,descending_score_2022_recomputed_inverse
2022,2022-01,1,2,24,Miss Kobayashi’s Dragon Maid,7071.0,2022 top 25 shows chart data.xls,Sheet2,42,5,descending_score_2022_recomputed_inverse
2022,2022-01,1,3,23,The Great Jahy Will Not Be Defeated!,5774.0,2022 top 25 shows chart data.xls,Sheet2,61,5,descending_score_2022_recomputed_inverse
2022,2022-01,1,4,22,Tropical-Rouge! PreCure,5000.0,2022 top 25 shows chart data.xls,Sheet2,65,5,descending_score_2022_recomputed_inverse
2022,2022-01,1,5,21,Star Twinkle PreCure,4472.0,2022 top 25 shows chart data.xls,Sheet2,54,5,descending_score_2022_recomputed_inverse
2022,2022-01,1,6,20,Blood-C,4082.0,2022 top 25 shows chart data.xls,Sheet2,14,5,descending_score_2022_recomputed_inverse
2022,2022-01,1,7,19,Enchantimals,3780.0,2022 top 25 shows chart data.xls,Sheet2,21,5,descending_score_2022_recomputed_inverse
2022,2022-01,1,8,18,Law & Order: Special Victims Unit,3536.0,2022 top 25 shows chart data.xls,Sheet2,40,5,descending_score_2022_recomputed_inverse
2022,2022-01,1,9,17,The Promised Neverland,3333.0,2022 top 25 shows chart data.xls,Sheet2,62,5,descending_score_2022_recomputed_inverse
2022,2022-01,1,10,16,Cop Craft,3162.0,2022 top 25 shows chart data.xls,Sheet2,16,5,descending_score_2022_recomputed_inverse
2022,2022-01,1,11,15,After School Dice Club,3015.0,2022 top 25 shows chart data.xls,Sheet2,7,5,descending_score_2022_recomputed_inverse
2022,2022-01,1,12,14,Beastars,2887.0,2022 top 25 shows chart data.xls,Sheet2,10,5,descending_score_2022_recomputed_inverse
2022,2022-01,1,13,13,If Her Flag Breaks,2774.0,2022 top 25 shows chart data.xls,Sheet2,30,5,descending_score_2022_recomputed_inverse
2022,2022-01,1,14,12,"So I’m A Spider, So What?",2673.0,2022 top 25 shows chart data.xls,Sheet2,52,5,descending_score_2022_recomputed_inverse
2022,2022-01,1,15,11,Heidi,2582.0,2022 top 25 shows chart data.xls,Sheet2,26,5,descending_score_2022_recomputed_inverse
2022,2022-01,1,16,10,Digimon: Digital Monsters,2500.0,2022 top 25 shows chart data.xls,Sheet2,18,5,descending_score_2022_recomputed_inverse
2022,2022-01,1,17,9,Star Trek: Lower Decks,2425.0,2022 top 25 shows chart data.xls,Sheet2,53,5,descending_score_2022_recomputed_inverse
2022,2022-01,1,18,8,KiraKira PreCure! A La Mode,2357.0,2022 top 25 shows chart data.xls,Sheet2,36,5,descending_score_2022_recomputed_inverse
2022,2022-01,1,19,7,Steven Universe,2294.0,2022 top 25 shows chart data.xls,Sheet2,55,5,descending_score_2022_recomputed_inverse
2022,2022-01,1,20,6,Trese,2236.0,2022 top 25 shows chart data.xls,Sheet2,64,5,descending_score_2022_recomputed_inverse
2022,2022-01,1,21,5,"Don’t Toy With Me, Miss Nagatoro",2182.0,2022 top 25 shows chart data.xls,Sheet2,19,5,descending_score_2022_recomputed_inverse
2022,2022-01,1,22,4,HUGtto PreCure!,2132.0,2022 top 25 shows chart data.xls,Sheet2,28,5,descending_score_2022_recomputed_inverse
2022,2022-01,1,23,3,One Piece,2085.0,2022 top 25 shows chart data.xls,Sheet2,47,5,descending_score_2022_recomputed_inverse
2022,2022-01,1,24,2,Pretty Cure Splash Star,2041.0,2022 top 25 shows chart data.xls,Sheet2,49,5,descending_score_2022_recomputed_inverse
2022,2022-01,1,25,1,Law & Order: Organized Crime,2000.0,2022 top 25 shows chart data.xls,Sheet2,39,5,descending_score_2022_recomputed_inverse
2022,2022-02,2,1,25,Healin’ Good PreCure,10000.0,2022 top 25 shows chart data.xls,Sheet2,24,6,descending_score_2022_recomputed_inverse
2022,2022-02,2,2,24,Miss Kobayashi’s Dragon Maid,7071.0,2022 top 25 shows chart data.xls,Sheet2,42,6,descending_score_2022_recomputed_inverse
2022,2022-02,2,3,23,Star Twinkle PreCure,5774.0,2022 top 25 shows chart data.xls,Sheet2,54,6,descending_score_2022_recomputed_inverse
2022,2022-02,2,4,22,Irina: The Vampire Cosmonaut,5000.0,2022 top 25 shows chart data.xls,Sheet2,32,6,descending_score_2022_recomputed_inverse
2022,2022-02,2,5,21,After School Dice Club,4472.0,2022 top 25 shows chart data.xls,Sheet2,7,6,descending_score_2022_recomputed_inverse
2022,2022-02,2,6,20,The Great Jahy Will Not Be Defeated!,4082.0,2022 top 25 shows chart data.xls,Sheet2,61,6,descending_score_2022_recomputed_inverse
2022,2022-02,2,7,19,Law & Order: Special Victims Unit,3780.0,2022 top 25 shows chart data.xls,Sheet2,40,6,descending_score_2022_recomputed_inverse
2022,2022-02,2,8,18,The Bold and the Beautiful,3536.0,2022 top 25 shows chart data.xls,Sheet2,59,6,descending_score_2022_recomputed_inverse
2022,2022-02,2,9,17,Tropical-Rouge! PreCure,3333.0,2022 top 25 shows chart data.xls,Sheet2,65,6,descending_score_2022_recomputed_inverse
2022,2022-02,2,10,16,Yes! PreCure 5/GoGo!,3162.0,2022 top 25 shows chart data.xls,Sheet2,70,6,descending_score_2022_recomputed_inverse
2022,2022-02,2,11,15,Cop Craft,3015.0,2022 top 25 shows chart data.xls,Sheet2,16,6,descending_score_2022_recomputed_inverse
2022,2022-02,2,12,14,"So I’m A Spider, So What?",2887.0,2022 top 25 shows chart data.xls,Sheet2,52,6,descending_score_2022_recomputed_inverse
2022,2022-02,2,13,13,Blood-C,2774.0,2022 top 25 shows chart data.xls,Sheet2,14,6,descending_score_2022_recomputed_inverse
2022,2022-02,2,14,12,HUGtto PreCure!,2673.0,2022 top 25 shows chart data.xls,Sheet2,28,6,descending_score_2022_recomputed_inverse
2022,2022-02,2,15,11,Enchantimals,2582.0,2022 top 25 shows chart data.xls,Sheet2,21,6,descending_score_2022_recomputed_inverse
2022,2022-02,2,16,10,Beastars,2500.0,2022 top 25 shows chart data.xls,Sheet2,10,6,descending_score_2022_recomputed_inverse
2022,2022-02,2,17,9,Digimon: Digital Monsters,2425.0,2022 top 25 shows chart data.xls,Sheet2,18,6,descending_score_2022_recomputed_inverse
2022,2022-02,2,18,8,Jurassic World Camp Cretaceous,2357.0,2022 top 25 shows chart data.xls,Sheet2,33,6,descending_score_2022_recomputed_inverse
2022,2022-02,2,19,7,If Her Flag Breaks,2294.0,2022 top 25 shows chart data.xls,Sheet2,30,6,descending_score_2022_recomputed_inverse
2022,2022-02,2,20,6,Heidi,2236.0,2022 top 25 shows chart data.xls,Sheet2,26,6,descending_score_2022_recomputed_inverse
2022,2022-02,2,21,5,KiraKira PreCure! A La Mode,2182.0,2022 top 25 shows chart data.xls,Sheet2,36,6,descending_score_2022_recomputed_inverse
2022,2022-02,2,22,4,Star Trek: Lower Decks,2132.0,2022 top 25 shows chart data.xls,Sheet2,53,6,descending_score_2022_recomputed_inverse
2022,2022-02,2,23,3,Trese,2085.0,2022 top 25 shows chart data.xls,Sheet2,64,6,descending_score_2022_recomputed_inverse
2022,2022-02,2,24,2,"Don’t Toy With Me, Miss Nagatoro",2041.0,2022 top 25 shows chart data.xls,Sheet2,19,6,descending_score_2022_recomputed_inverse
2022,2022-02,2,25,1,Monster Girl Doctor,2000.0,2022 top 25 shows chart data.xls,Sheet2,44,6,descending_score_2022_recomputed_inverse
2022,2022-03,3,1,25,In the Land of Leadale,10000.0,2022 top 25 shows chart data.xls,Sheet2,31,7,descending_score_2022_recomputed_inverse
2022,2022-03,3,2,24,The Bold and the Beautiful,7071.0,2022 top 25 shows chart data.xls,Sheet2,59,7,descending_score_2022_recomputed_inverse
2022,2022-03,3,3,23,After School Dice Club,5774.0,2022 top 25 shows chart data.xls,Sheet2,7,7,descending_score_2022_recomputed_inverse
2022,2022-03,3,4,22,Healin’ Good PreCure,5000.0,2022 top 25 shows chart data.xls,Sheet2,24,7,descending_score_2022_recomputed_inverse
2022,2022-03,3,5,21,Miss Kobayashi’s Dragon Maid,4472.0,2022 top 25 shows chart data.xls,Sheet2,42,7,descending_score_2022_recomputed_inverse
2022,2022-03,3,6,20,Star Twinkle PreCure,4082.0,2022 top 25 shows chart data.xls,Sheet2,54,7,descending_score_2022_recomputed_inverse
2022,2022-03,3,7,19,FreakAngels,3780.0,2022 top 25 shows chart data.xls,Sheet2,22,7,descending_score_2022_recomputed_inverse
2022,2022-03,3,8,18,Enchantimals,3536.0,2022 top 25 shows chart data.xls,Sheet2,21,7,descending_score_2022_recomputed_inverse
2022,2022-03,3,9,17,Irina: The Vampire Cosmonaut,3333.0,2022 top 25 shows chart data.xls,Sheet2,32,7,descending_score_2022_recomputed_inverse
2022,2022-03,3,10,16,The Great Jahy Will Not Be Defeated!,3162.0,2022 top 25 shows chart data.xls,Sheet2,61,7,descending_score_2022_recomputed_inverse
2022,2022-03,3,11,15,Cop Craft,3015.0,2022 top 25 shows chart data.xls,Sheet2,16,7,descending_score_2022_recomputed_inverse
2022,2022-03,3,12,14,Monster Girl Doctor,2887.0,2022 top 25 shows chart data.xls,Sheet2,44,7,descending_score_2022_recomputed_inverse
2022,2022-03,3,13,13,Yes! PreCure 5/GoGo!,2774.0,2022 top 25 shows chart data.xls,Sheet2,70,7,descending_score_2022_recomputed_inverse
2022,2022-03,3,14,12,Tropical-Rouge! PreCure,2673.0,2022 top 25 shows chart data.xls,Sheet2,65,7,descending_score_2022_recomputed_inverse
2022,2022-03,3,15,11,Blood-C,2582.0,2022 top 25 shows chart data.xls,Sheet2,14,7,descending_score_2022_recomputed_inverse
2022,2022-03,3,16,10,Yabba Dabba Dinosuars,2500.0,2022 top 25 shows chart data.xls,Sheet2,68,7,descending_score_2022_recomputed_inverse
2022,2022-03,3,17,9,Law & Order: Special Victims Unit,2425.0,2022 top 25 shows chart data.xls,Sheet2,40,7,descending_score_2022_recomputed_inverse
2022,2022-03,3,18,8,HeartCatch PreCure!,2357.0,2022 top 25 shows chart data.xls,Sheet2,25,7,descending_score_2022_recomputed_inverse
2022,2022-03,3,19,7,Digimon: Digital Monsters,2294.0,2022 top 25 shows chart data.xls,Sheet2,18,7,descending_score_2022_recomputed_inverse
2022,2022-03,3,20,6,"So I’m A Spider, So What?",2236.0,2022 top 25 shows chart data.xls,Sheet2,52,7,descending_score_2022_recomputed_inverse
2022,2022-03,3,21,5,Beastars,2182.0,2022 top 25 shows chart data.xls,Sheet2,10,7,descending_score_2022_recomputed_inverse
2022,2022-03,3,22,4,KiraKira PreCure! A La Mode,2132.0,2022 top 25 shows chart data.xls,Sheet2,36,7,descending_score_2022_recomputed_inverse
2022,2022-03,3,23,3,Heidi,2085.0,2022 top 25 shows chart data.xls,Sheet2,26,7,descending_score_2022_recomputed_inverse
2022,2022-03,3,24,2,"Don’t Toy With Me, Miss Nagatoro",2041.0,2022 top 25 shows chart data.xls,Sheet2,19,7,descending_score_2022_recomputed_inverse
2022,2022-03,3,25,1,HUGtto PreCure!,2000.0,2022 top 25 shows chart data.xls,Sheet2,28,7,descending_score_2022_recomputed_inverse
2022,2022-04,4,1,25,Kaiju Girls,10000.0,2022 top 25 shows chart data.xls,Sheet2,34,8,descending_score_2022_recomputed_inverse
2022,2022-04,4,2,24,In the Land of Leadale,7071.0,2022 top 25 shows chart data.xls,Sheet2,31,8,descending_score_2022_recomputed_inverse
2022,2022-04,4,3,23,The Great Jahy Will Not Be Defeated!,5774.0,2022 top 25 shows chart data.xls,Sheet2,61,8,descending_score_2022_recomputed_inverse
2022,2022-04,4,4,22,Star Twinkle PreCure,5000.0,2022 top 25 shows chart data.xls,Sheet2,54,8,descending_score_2022_recomputed_inverse
2022,2022-04,4,5,21,After School Dice Club,4472.0,2022 top 25 shows chart data.xls,Sheet2,7,8,descending_score_2022_recomputed_inverse
2022,2022-04,4,6,20,The Bold and the Beautiful,4082.0,2022 top 25 shows chart data.xls,Sheet2,59,8,descending_score_2022_recomputed_inverse
2022,2022-04,4,7,19,Drug Store to Another World: The Slow Life of A Cheat Pharmacist,3780.0,2022 top 25 shows chart data.xls,Sheet2,20,8,descending_score_2022_recomputed_inverse
2022,2022-04,4,8,18,"So I’m A Spider, So What?",3536.0,2022 top 25 shows chart data.xls,Sheet2,52,8,descending_score_2022_recomputed_inverse
2022,2022-04,4,9,17,Miss Kobayashi’s Dragon Maid,3333.0,2022 top 25 shows chart data.xls,Sheet2,42,8,descending_score_2022_recomputed_inverse
2022,2022-04,4,10,16,Law & Order: Special Victims Unit,3162.0,2022 top 25 shows chart data.xls,Sheet2,40,8,descending_score_2022_recomputed_inverse
2022,2022-04,4,11,15,Healin’ Good PreCure,3015.0,2022 top 25 shows chart data.xls,Sheet2,24,8,descending_score_2022_recomputed_inverse
2022,2022-04,4,12,14,Irina: The Vampire Cosmonaut,2887.0,2022 top 25 shows chart data.xls,Sheet2,32,8,descending_score_2022_recomputed_inverse
2022,2022-04,4,13,13,FreakAngels,2774.0,2022 top 25 shows chart data.xls,Sheet2,22,8,descending_score_2022_recomputed_inverse
2022,2022-04,4,14,12,Monster Girl Doctor,2673.0,2022 top 25 shows chart data.xls,Sheet2,44,8,descending_score_2022_recomputed_inverse
2022,2022-04,4,15,11,"Don’t Toy With Me, Miss Nagatoro",2582.0,2022 top 25 shows chart data.xls,Sheet2,19,8,descending_score_2022_recomputed_inverse
2022,2022-04,4,16,10,Cop Craft,2500.0,2022 top 25 shows chart data.xls,Sheet2,16,8,descending_score_2022_recomputed_inverse
2022,2022-04,4,17,9,KiraKira PreCure! A La Mode,2425.0,2022 top 25 shows chart data.xls,Sheet2,36,8,descending_score_2022_recomputed_inverse
2022,2022-04,4,18,8,Yes! PreCure 5/GoGo!,2357.0,2022 top 25 shows chart data.xls,Sheet2,70,8,descending_score_2022_recomputed_inverse
2022,2022-04,4,19,7,Blood-C,2294.0,2022 top 25 shows chart data.xls,Sheet2,14,8,descending_score_2022_recomputed_inverse
2022,2022-04,4,20,6,Enchantimals,2236.0,2022 top 25 shows chart data.xls,Sheet2,21,8,descending_score_2022_recomputed_inverse
2022,2022-04,4,21,5,Tropical-Rouge! PreCure,2182.0,2022 top 25 shows chart data.xls,Sheet2,65,8,descending_score_2022_recomputed_inverse
2022,2022-04,4,22,4,Beastars,2132.0,2022 top 25 shows chart data.xls,Sheet2,10,8,descending_score_2022_recomputed_inverse
2022,2022-04,4,23,3,Digimon: Digital Monsters,2085.0,2022 top 25 shows chart data.xls,Sheet2,18,8,descending_score_2022_recomputed_inverse
2022,2022-04,4,24,2,HeartCatch PreCure!,2041.0,2022 top 25 shows chart data.xls,Sheet2,25,8,descending_score_2022_recomputed_inverse
2022,2022-04,4,25,1,Monster High,2000.0,2022 top 25 shows chart data.xls,Sheet2,45,8,descending_score_2022_recomputed_inverse
2022,2022-05,5,1,25,Kaiju Girls,10000.0,2022 top 25 shows chart data.xls,Sheet2,34,9,descending_score_2022_recomputed_inverse
2022,2022-05,5,2,24,My Little Pony: Tell Your Tale,7071.0,2022 top 25 shows chart data.xls,Sheet2,46,9,descending_score_2022_recomputed_inverse
2022,2022-05,5,3,23,Yashahime: Princess Half-Demon,5774.0,2022 top 25 shows chart data.xls,Sheet2,69,9,descending_score_2022_recomputed_inverse
2022,2022-05,5,4,22,The Great Jahy Will Not Be Defeated!,5000.0,2022 top 25 shows chart data.xls,Sheet2,61,9,descending_score_2022_recomputed_inverse
2022,2022-05,5,5,21,After School Dice Club,4472.0,2022 top 25 shows chart data.xls,Sheet2,7,9,descending_score_2022_recomputed_inverse
2022,2022-05,5,6,20,"Don’t Toy With Me, Miss Nagatoro",4082.0,2022 top 25 shows chart data.xls,Sheet2,19,9,descending_score_2022_recomputed_inverse
2022,2022-05,5,7,19,Futari wa Pretty Cure,3780.0,2022 top 25 shows chart data.xls,Sheet2,23,9,descending_score_2022_recomputed_inverse
2022,2022-05,5,8,18,Star Twinkle PreCure,3536.0,2022 top 25 shows chart data.xls,Sheet2,54,9,descending_score_2022_recomputed_inverse
2022,2022-05,5,9,17,"So I’m A Spider, So What?",3333.0,2022 top 25 shows chart data.xls,Sheet2,52,9,descending_score_2022_recomputed_inverse
2022,2022-05,5,10,16,Miss Kobayashi’s Dragon Maid,3162.0,2022 top 25 shows chart data.xls,Sheet2,42,9,descending_score_2022_recomputed_inverse
2022,2022-05,5,11,15,Kemono Friends,3015.0,2022 top 25 shows chart data.xls,Sheet2,35,9,descending_score_2022_recomputed_inverse
2022,2022-05,5,12,14,The Bold and the Beautiful,2887.0,2022 top 25 shows chart data.xls,Sheet2,59,9,descending_score_2022_recomputed_inverse
2022,2022-05,5,13,13,Drug Store to Another World: The Slow Life of A Cheat Pharmacist,2774.0,2022 top 25 shows chart data.xls,Sheet2,20,9,descending_score_2022_recomputed_inverse
2022,2022-05,5,14,12,Yes! PreCure 5/GoGo!,2673.0,2022 top 25 shows chart data.xls,Sheet2,70,9,descending_score_2022_recomputed_inverse
2022,2022-05,5,15,11,Law & Order: Special Victims Unit,2582.0,2022 top 25 shows chart data.xls,Sheet2,40,9,descending_score_2022_recomputed_inverse
2022,2022-05,5,16,10,In the Land of Leadale,2500.0,2022 top 25 shows chart data.xls,Sheet2,31,9,descending_score_2022_recomputed_inverse
2022,2022-05,5,17,9,Irina: The Vampire Cosmonaut,2425.0,2022 top 25 shows chart data.xls,Sheet2,32,9,descending_score_2022_recomputed_inverse
2022,2022-05,5,18,8,Healin’ Good PreCure,2357.0,2022 top 25 shows chart data.xls,Sheet2,24,9,descending_score_2022_recomputed_inverse
2022,2022-05,5,19,7,How It’s Made,2294.0,2022 top 25 shows chart data.xls,Sheet2,27,9,descending_score_2022_recomputed_inverse
2022,2022-05,5,20,6,Monster Girl Doctor,2236.0,2022 top 25 shows chart data.xls,Sheet2,44,9,descending_score_2022_recomputed_inverse
2022,2022-05,5,21,5,KiraKira PreCure! A La Mode,2182.0,2022 top 25 shows chart data.xls,Sheet2,36,9,descending_score_2022_recomputed_inverse
2022,2022-05,5,22,4,Blood-C,2132.0,2022 top 25 shows chart data.xls,Sheet2,14,9,descending_score_2022_recomputed_inverse
2022,2022-05,5,23,3,Tropical-Rouge! PreCure,2085.0,2022 top 25 shows chart data.xls,Sheet2,65,9,descending_score_2022_recomputed_inverse
2022,2022-05,5,24,2,Beastars,2041.0,2022 top 25 shows chart data.xls,Sheet2,10,9,descending_score_2022_recomputed_inverse
2022,2022-05,5,25,1,FreakAngels,2000.0,2022 top 25 shows chart data.xls,Sheet2,22,9,descending_score_2022_recomputed_inverse
2022,2022-06,6,1,25,My Little Pony: Tell Your Tale,10000.0,2022 top 25 shows chart data.xls,Sheet2,46,10,descending_score_2022_recomputed_inverse
2022,2022-06,6,2,24,Yashahime: Princess Half-Demon,7071.0,2022 top 25 shows chart data.xls,Sheet2,69,10,descending_score_2022_recomputed_inverse
2022,2022-06,6,3,23,Kemono Friends,5774.0,2022 top 25 shows chart data.xls,Sheet2,35,10,descending_score_2022_recomputed_inverse
2022,2022-06,6,4,22,How It’s Made,5000.0,2022 top 25 shows chart data.xls,Sheet2,27,10,descending_score_2022_recomputed_inverse
2022,2022-06,6,5,21,Magic Knight Rayearth,4472.0,2022 top 25 shows chart data.xls,Sheet2,41,10,descending_score_2022_recomputed_inverse
2022,2022-06,6,6,20,Star Twinkle PreCure,4082.0,2022 top 25 shows chart data.xls,Sheet2,54,10,descending_score_2022_recomputed_inverse
2022,2022-06,6,7,19,Tropical-Rouge! PreCure,3780.0,2022 top 25 shows chart data.xls,Sheet2,65,10,descending_score_2022_recomputed_inverse
2022,2022-06,6,8,18,HUGtto PreCure!,3536.0,2022 top 25 shows chart data.xls,Sheet2,28,10,descending_score_2022_recomputed_inverse
2022,2022-06,6,9,17,Pacific Rim: The Black,3333.0,2022 top 25 shows chart data.xls,Sheet2,48,10,descending_score_2022_recomputed_inverse
2022,2022-06,6,10,16,Komi Can’t Communicate,3162.0,2022 top 25 shows chart data.xls,Sheet2,37,10,descending_score_2022_recomputed_inverse
2022,2022-06,6,11,15,"So I’m A Spider, So What?",3015.0,2022 top 25 shows chart data.xls,Sheet2,52,10,descending_score_2022_recomputed_inverse
2022,2022-06,6,12,14,The Great Jahy Will Not Be Defeated!,2887.0,2022 top 25 shows chart data.xls,Sheet2,61,10,descending_score_2022_recomputed_inverse
2022,2022-06,6,13,13,Kaiju Girls,2774.0,2022 top 25 shows chart data.xls,Sheet2,34,10,descending_score_2022_recomputed_inverse
2022,2022-06,6,14,12,Irina: The Vampire Cosmonaut,2673.0,2022 top 25 shows chart data.xls,Sheet2,32,10,descending_score_2022_recomputed_inverse
2022,2022-06,6,15,11,"Don’t Toy With Me, Miss Nagatoro",2582.0,2022 top 25 shows chart data.xls,Sheet2,19,10,descending_score_2022_recomputed_inverse
2022,2022-06,6,16,10,The Bold and the Beautiful,2500.0,2022 top 25 shows chart data.xls,Sheet2,59,10,descending_score_2022_recomputed_inverse
2022,2022-06,6,17,9,Miss Kobayashi’s Dragon Maid,2425.0,2022 top 25 shows chart data.xls,Sheet2,42,10,descending_score_2022_recomputed_inverse
2022,2022-06,6,18,8,After School Dice Club,2357.0,2022 top 25 shows chart data.xls,Sheet2,7,10,descending_score_2022_recomputed_inverse
2022,2022-06,6,19,7,Healin’ Good PreCure,2294.0,2022 top 25 shows chart data.xls,Sheet2,24,10,descending_score_2022_recomputed_inverse
2022,2022-06,6,20,6,KiraKira PreCure! A La Mode,2236.0,2022 top 25 shows chart data.xls,Sheet2,36,10,descending_score_2022_recomputed_inverse
2022,2022-06,6,21,5,Law & Order: Special Victims Unit,2182.0,2022 top 25 shows chart data.xls,Sheet2,40,10,descending_score_2022_recomputed_inverse
2022,2022-06,6,22,4,Yes! PreCure 5/GoGo!,2132.0,2022 top 25 shows chart data.xls,Sheet2,70,10,descending_score_2022_recomputed_inverse
2022,2022-06,6,23,3,Drug Store to Another World: The Slow Life of A Cheat Pharmacist,2085.0,2022 top 25 shows chart data.xls,Sheet2,20,10,descending_score_2022_recomputed_inverse
2022,2022-06,6,24,2,Futari wa Pretty Cure,2041.0,2022 top 25 shows chart data.xls,Sheet2,23,10,descending_score_2022_recomputed_inverse
2022,2022-06,6,25,1,In the Land of Leadale,2000.0,2022 top 25 shows chart data.xls,Sheet2,31,10,descending_score_2022_recomputed_inverse
2022,2022-07,7,1,25,Star Twinkle PreCure,10000.0,2022 top 25 shows chart data.xls,Sheet2,54,11,descending_score_2022_recomputed_inverse
2022,2022-07,7,2,24,Bill Nye the Science Guy,7071.0,2022 top 25 shows chart data.xls,Sheet2,12,11,descending_score_2022_recomputed_inverse
2022,2022-07,7,3,23,I’ve Been Killing Slimes For 300 Years And Maxed Out My Level,5774.0,2022 top 25 shows chart data.xls,Sheet2,29,11,descending_score_2022_recomputed_inverse
2022,2022-07,7,4,22,The Bold and the Beautiful,5000.0,2022 top 25 shows chart data.xls,Sheet2,59,11,descending_score_2022_recomputed_inverse
2022,2022-07,7,5,21,Kemono Friends,4472.0,2022 top 25 shows chart data.xls,Sheet2,35,11,descending_score_2022_recomputed_inverse
2022,2022-07,7,6,20,My Little Pony: Tell Your Tale,4082.0,2022 top 25 shows chart data.xls,Sheet2,46,11,descending_score_2022_recomputed_inverse
2022,2022-07,7,7,19,Vampire in the Garden,3780.0,2022 top 25 shows chart data.xls,Sheet2,67,11,descending_score_2022_recomputed_inverse
2022,2022-07,7,8,18,Rupert,3536.0,2022 top 25 shows chart data.xls,Sheet2,51,11,descending_score_2022_recomputed_inverse
2022,2022-07,7,9,17,Magic Knight Rayearth,3333.0,2022 top 25 shows chart data.xls,Sheet2,41,11,descending_score_2022_recomputed_inverse
2022,2022-07,7,10,16,The Great Jahy Will Not Be Defeated!,3162.0,2022 top 25 shows chart data.xls,Sheet2,61,11,descending_score_2022_recomputed_inverse
2022,2022-07,7,11,15,HUGtto PreCure!,3015.0,2022 top 25 shows chart data.xls,Sheet2,28,11,descending_score_2022_recomputed_inverse
2022,2022-07,7,12,14,After School Dice Club,2887.0,2022 top 25 shows chart data.xls,Sheet2,7,11,descending_score_2022_recomputed_inverse
2022,2022-07,7,13,13,Yashahime: Princess Half-Demon,2774.0,2022 top 25 shows chart data.xls,Sheet2,69,11,descending_score_2022_recomputed_inverse
2022,2022-07,7,14,12,Miss Kobayashi’s Dragon Maid,2673.0,2022 top 25 shows chart data.xls,Sheet2,42,11,descending_score_2022_recomputed_inverse
2022,2022-07,7,15,11,Healin’ Good PreCure,2582.0,2022 top 25 shows chart data.xls,Sheet2,24,11,descending_score_2022_recomputed_inverse
2022,2022-07,7,16,10,Komi Can’t Communicate,2500.0,2022 top 25 shows chart data.xls,Sheet2,37,11,descending_score_2022_recomputed_inverse
2022,2022-07,7,17,9,Tropical-Rouge! PreCure,2425.0,2022 top 25 shows chart data.xls,Sheet2,65,11,descending_score_2022_recomputed_inverse
2022,2022-07,7,18,8,Irina: The Vampire Cosmonaut,2357.0,2022 top 25 shows chart data.xls,Sheet2,32,11,descending_score_2022_recomputed_inverse
2022,2022-07,7,19,7,"So I’m A Spider, So What?",2294.0,2022 top 25 shows chart data.xls,Sheet2,52,11,descending_score_2022_recomputed_inverse
2022,2022-07,7,20,6,Pacific Rim: The Black,2236.0,2022 top 25 shows chart data.xls,Sheet2,48,11,descending_score_2022_recomputed_inverse
2022,2022-07,7,21,5,Kaiju Girls,2182.0,2022 top 25 shows chart data.xls,Sheet2,34,11,descending_score_2022_recomputed_inverse
2022,2022-07,7,22,4,How It’s Made,2132.0,2022 top 25 shows chart data.xls,Sheet2,27,11,descending_score_2022_recomputed_inverse
2022,2022-07,7,23,3,Law & Order: Special Victims Unit,2085.0,2022 top 25 shows chart data.xls,Sheet2,40,11,descending_score_2022_recomputed_inverse
2022,2022-07,7,24,2,KiraKira PreCure! A La Mode,2041.0,2022 top 25 shows chart data.xls,Sheet2,36,11,descending_score_2022_recomputed_inverse
2022,2022-07,7,25,1,Yes! PreCure 5/GoGo!,2000.0,2022 top 25 shows chart data.xls,Sheet2,70,11,descending_score_2022_recomputed_inverse
2022,2022-08,8,1,25,Uma Musume: Pretty Derby,10000.0,2022 top 25 shows chart data.xls,Sheet2,66,12,descending_score_2022_recomputed_inverse
2022,2022-08,8,2,24,I’ve Been Killing Slimes For 300 Years And Maxed Out My Level,7071.0,2022 top 25 shows chart data.xls,Sheet2,29,12,descending_score_2022_recomputed_inverse
2022,2022-08,8,3,23,takt op.Destiny,5774.0,2022 top 25 shows chart data.xls,Sheet2,57,12,descending_score_2022_recomputed_inverse
2022,2022-08,8,4,22,My Little Pony: Tell Your Tale,5000.0,2022 top 25 shows chart data.xls,Sheet2,46,12,descending_score_2022_recomputed_inverse
2022,2022-08,8,5,21,Komi Can’t Communicate,4472.0,2022 top 25 shows chart data.xls,Sheet2,37,12,descending_score_2022_recomputed_inverse
2022,2022-08,8,6,20,Vampire in the Garden,4082.0,2022 top 25 shows chart data.xls,Sheet2,67,12,descending_score_2022_recomputed_inverse
2022,2022-08,8,7,19,Star Twinkle PreCure,3780.0,2022 top 25 shows chart data.xls,Sheet2,54,12,descending_score_2022_recomputed_inverse
2022,2022-08,8,8,18,Miss Kobayashi’s Dragon Maid,3536.0,2022 top 25 shows chart data.xls,Sheet2,42,12,descending_score_2022_recomputed_inverse
2022,2022-08,8,9,17,The Bold and the Beautiful,3333.0,2022 top 25 shows chart data.xls,Sheet2,59,12,descending_score_2022_recomputed_inverse
2022,2022-08,8,10,16,Law & Order,3162.0,2022 top 25 shows chart data.xls,Sheet2,38,12,descending_score_2022_recomputed_inverse
2022,2022-08,8,11,15,HUGtto PreCure!,3015.0,2022 top 25 shows chart data.xls,Sheet2,28,12,descending_score_2022_recomputed_inverse
2022,2022-08,8,12,14,Yashahime: Princess Half-Demon,2887.0,2022 top 25 shows chart data.xls,Sheet2,69,12,descending_score_2022_recomputed_inverse
2022,2022-08,8,13,13,Kemono Friends,2774.0,2022 top 25 shows chart data.xls,Sheet2,35,12,descending_score_2022_recomputed_inverse
2022,2022-08,8,14,12,Bill Nye the Science Guy,2673.0,2022 top 25 shows chart data.xls,Sheet2,12,12,descending_score_2022_recomputed_inverse
2022,2022-08,8,15,11,Magic Knight Rayearth,2582.0,2022 top 25 shows chart data.xls,Sheet2,41,12,descending_score_2022_recomputed_inverse
2022,2022-08,8,16,10,The Great Jahy Will Not Be Defeated!,2500.0,2022 top 25 shows chart data.xls,Sheet2,61,12,descending_score_2022_recomputed_inverse
2022,2022-08,8,17,9,Yes! PreCure 5/GoGo!,2425.0,2022 top 25 shows chart data.xls,Sheet2,70,12,descending_score_2022_recomputed_inverse
2022,2022-08,8,18,8,Healin’ Good PreCure,2357.0,2022 top 25 shows chart data.xls,Sheet2,24,12,descending_score_2022_recomputed_inverse
2022,2022-08,8,19,7,Rupert,2294.0,2022 top 25 shows chart data.xls,Sheet2,51,12,descending_score_2022_recomputed_inverse
2022,2022-08,8,20,6,After School Dice Club,2236.0,2022 top 25 shows chart data.xls,Sheet2,7,12,descending_score_2022_recomputed_inverse
2022,2022-08,8,21,5,Kaiju Girls,2182.0,2022 top 25 shows chart data.xls,Sheet2,34,12,descending_score_2022_recomputed_inverse
2022,2022-08,8,22,4,Monster Girl Doctor,2132.0,2022 top 25 shows chart data.xls,Sheet2,44,12,descending_score_2022_recomputed_inverse
2022,2022-08,8,23,3,Jurassic World Camp Cretaceous,2085.0,2022 top 25 shows chart data.xls,Sheet2,33,12,descending_score_2022_recomputed_inverse
2022,2022-08,8,24,2,Tropical-Rouge! PreCure,2041.0,2022 top 25 shows chart data.xls,Sheet2,65,12,descending_score_2022_recomputed_inverse
2022,2022-08,8,25,1,Irina: The Vampire Cosmonaut,2000.0,2022 top 25 shows chart data.xls,Sheet2,32,12,descending_score_2022_recomputed_inverse
2022,2022-09,9,1,25,takt op.Destiny,10000.0,2022 top 25 shows chart data.xls,Sheet2,57,13,descending_score_2022_recomputed_inverse
2022,2022-09,9,2,24,Prima Doll,7071.0,2022 top 25 shows chart data.xls,Sheet2,50,13,descending_score_2022_recomputed_inverse
2022,2022-09,9,3,23,Uma Musume: Pretty Derby,5774.0,2022 top 25 shows chart data.xls,Sheet2,66,13,descending_score_2022_recomputed_inverse
2022,2022-09,9,4,22,Bill Nye the Science Guy,5000.0,2022 top 25 shows chart data.xls,Sheet2,12,13,descending_score_2022_recomputed_inverse
2022,2022-09,9,5,21,My Little Pony: Tell Your Tale,4472.0,2022 top 25 shows chart data.xls,Sheet2,46,13,descending_score_2022_recomputed_inverse
2022,2022-09,9,6,20,Healin’ Good PreCure,4082.0,2022 top 25 shows chart data.xls,Sheet2,24,13,descending_score_2022_recomputed_inverse
2022,2022-09,9,7,19,The Bold and the Beautiful,3780.0,2022 top 25 shows chart data.xls,Sheet2,59,13,descending_score_2022_recomputed_inverse
2022,2022-09,9,8,18,The Silver Guardian,3536.0,2022 top 25 shows chart data.xls,Sheet2,63,13,descending_score_2022_recomputed_inverse
2022,2022-09,9,9,17,Kaiju Girls,3333.0,2022 top 25 shows chart data.xls,Sheet2,34,13,descending_score_2022_recomputed_inverse
2022,2022-09,9,10,16,Tropical-Rouge! PreCure,3162.0,2022 top 25 shows chart data.xls,Sheet2,65,13,descending_score_2022_recomputed_inverse
2022,2022-09,9,11,15,Vampire in the Garden,3015.0,2022 top 25 shows chart data.xls,Sheet2,67,13,descending_score_2022_recomputed_inverse
2022,2022-09,9,12,14,Delicious Party PreCure,2887.0,2022 top 25 shows chart data.xls,Sheet2,17,13,descending_score_2022_recomputed_inverse
2022,2022-09,9,13,13,Star Twinkle PreCure,2774.0,2022 top 25 shows chart data.xls,Sheet2,54,13,descending_score_2022_recomputed_inverse
2022,2022-09,9,14,12,I’ve Been Killing Slimes For 300 Years And Maxed Out My Level,2673.0,2022 top 25 shows chart data.xls,Sheet2,29,13,descending_score_2022_recomputed_inverse
2022,2022-09,9,15,11,Miss Kobayashi’s Dragon Maid,2582.0,2022 top 25 shows chart data.xls,Sheet2,42,13,descending_score_2022_recomputed_inverse
2022,2022-09,9,16,10,Komi Can’t Communicate,2500.0,2022 top 25 shows chart data.xls,Sheet2,37,13,descending_score_2022_recomputed_inverse
2022,2022-09,9,17,9,Kemono Friends,2425.0,2022 top 25 shows chart data.xls,Sheet2,35,13,descending_score_2022_recomputed_inverse
2022,2022-09,9,18,8,HUGtto PreCure!,2357.0,2022 top 25 shows chart data.xls,Sheet2,28,13,descending_score_2022_recomputed_inverse
2022,2022-09,9,19,7,Law & Order,2294.0,2022 top 25 shows chart data.xls,Sheet2,38,13,descending_score_2022_recomputed_inverse
2022,2022-09,9,20,6,After School Dice Club,2236.0,2022 top 25 shows chart data.xls,Sheet2,7,13,descending_score_2022_recomputed_inverse
2022,2022-09,9,21,5,Yashahime: Princess Half-Demon,2182.0,2022 top 25 shows chart data.xls,Sheet2,69,13,descending_score_2022_recomputed_inverse
2022,2022-09,9,22,4,The Great Jahy Will Not Be Defeated!,2132.0,2022 top 25 shows chart data.xls,Sheet2,61,13,descending_score_2022_recomputed_inverse
2022,2022-09,9,23,3,Tekken: Bloodline,2085.0,2022 top 25 shows chart data.xls,Sheet2,58,13,descending_score_2022_recomputed_inverse
2022,2022-09,9,24,2,Magic Knight Rayearth,2041.0,2022 top 25 shows chart data.xls,Sheet2,41,13,descending_score_2022_recomputed_inverse
2022,2022-09,9,25,1,Monster Girl Doctor,2000.0,2022 top 25 shows chart data.xls,Sheet2,44,13,descending_score_2022_recomputed_inverse
2022,2022-10,10,1,25,Prima Doll,10000.0,2022 top 25 shows chart data.xls,Sheet2,50,14,descending_score_2022_recomputed_inverse
2022,2022-10,10,2,24,Bee & PuppyCat,7071.0,2022 top 25 shows chart data.xls,Sheet2,11,14,descending_score_2022_recomputed_inverse
2022,2022-10,10,3,23,takt op.Destiny,5774.0,2022 top 25 shows chart data.xls,Sheet2,57,14,descending_score_2022_recomputed_inverse
2022,2022-10,10,4,22,My Little Pony: Tell Your Tale,5000.0,2022 top 25 shows chart data.xls,Sheet2,46,14,descending_score_2022_recomputed_inverse
2022,2022-10,10,5,21,Delicious Party PreCure,4472.0,2022 top 25 shows chart data.xls,Sheet2,17,14,descending_score_2022_recomputed_inverse
2022,2022-10,10,6,20,Uma Musume: Pretty Derby,4082.0,2022 top 25 shows chart data.xls,Sheet2,66,14,descending_score_2022_recomputed_inverse
2022,2022-10,10,7,19,Komi Can’t Communicate,3780.0,2022 top 25 shows chart data.xls,Sheet2,37,14,descending_score_2022_recomputed_inverse
2022,2022-10,10,8,18,The Bold and the Beautiful,3536.0,2022 top 25 shows chart data.xls,Sheet2,59,14,descending_score_2022_recomputed_inverse
2022,2022-10,10,9,17,Vampire in the Garden,3333.0,2022 top 25 shows chart data.xls,Sheet2,67,14,descending_score_2022_recomputed_inverse
2022,2022-10,10,10,16,HeartCatch PreCure!,3162.0,2022 top 25 shows chart data.xls,Sheet2,25,14,descending_score_2022_recomputed_inverse
2022,2022-10,10,11,15,I’ve Been Killing Slimes For 300 Years And Maxed Out My Level,3015.0,2022 top 25 shows chart data.xls,Sheet2,29,14,descending_score_2022_recomputed_inverse
2022,2022-10,10,12,14,Star Twinkle PreCure,2887.0,2022 top 25 shows chart data.xls,Sheet2,54,14,descending_score_2022_recomputed_inverse
2022,2022-10,10,13,13,Blade Runner: Black Lotus,2774.0,2022 top 25 shows chart data.xls,Sheet2,13,14,descending_score_2022_recomputed_inverse
2022,2022-10,10,14,12,Miss Kobayashi’s Dragon Maid,2673.0,2022 top 25 shows chart data.xls,Sheet2,42,14,descending_score_2022_recomputed_inverse
2022,2022-10,10,15,11,Healin’ Good PreCure,2582.0,2022 top 25 shows chart data.xls,Sheet2,24,14,descending_score_2022_recomputed_inverse
2022,2022-10,10,16,10,Law & Order,2500.0,2022 top 25 shows chart data.xls,Sheet2,38,14,descending_score_2022_recomputed_inverse
2022,2022-10,10,17,9,Kaiju Girls,2425.0,2022 top 25 shows chart data.xls,Sheet2,34,14,descending_score_2022_recomputed_inverse
2022,2022-10,10,18,8,The Silver Guardian,2357.0,2022 top 25 shows chart data.xls,Sheet2,63,14,descending_score_2022_recomputed_inverse
2022,2022-10,10,19,7,Tropical-Rouge! PreCure,2294.0,2022 top 25 shows chart data.xls,Sheet2,65,14,descending_score_2022_recomputed_inverse
2022,2022-10,10,20,6,Yashahime: Princess Half-Demon,2236.0,2022 top 25 shows chart data.xls,Sheet2,69,14,descending_score_2022_recomputed_inverse
2022,2022-10,10,21,5,After School Dice Club,2182.0,2022 top 25 shows chart data.xls,Sheet2,7,14,descending_score_2022_recomputed_inverse
2022,2022-10,10,22,4,Kemono Friends,2132.0,2022 top 25 shows chart data.xls,Sheet2,35,14,descending_score_2022_recomputed_inverse
2022,2022-10,10,23,3,Mix Master: Final Force,2085.0,2022 top 25 shows chart data.xls,Sheet2,43,14,descending_score_2022_recomputed_inverse
2022,2022-10,10,24,2,HUGtto PreCure!,2041.0,2022 top 25 shows chart data.xls,Sheet2,28,14,descending_score_2022_recomputed_inverse
2022,2022-10,10,25,1,Monster Girl Doctor,2000.0,2022 top 25 shows chart data.xls,Sheet2,44,14,descending_score_2022_recomputed_inverse
2022,2022-11,11,1,25,Call of the Night,10000.0,2022 top 25 shows chart data.xls,Sheet2,15,15,descending_score_2022_recomputed_inverse
2022,2022-11,11,2,24,Prima Doll,7071.0,2022 top 25 shows chart data.xls,Sheet2,50,15,descending_score_2022_recomputed_inverse
2022,2022-11,11,3,23,My Little Pony: Tell Your Tale,5774.0,2022 top 25 shows chart data.xls,Sheet2,46,15,descending_score_2022_recomputed_inverse
2022,2022-11,11,4,22,The Bold and the Beautiful,5000.0,2022 top 25 shows chart data.xls,Sheet2,59,15,descending_score_2022_recomputed_inverse
2022,2022-11,11,5,21,How It’s Made,4472.0,2022 top 25 shows chart data.xls,Sheet2,27,15,descending_score_2022_recomputed_inverse
2022,2022-11,11,6,20,Delicious Party PreCure,4082.0,2022 top 25 shows chart data.xls,Sheet2,17,15,descending_score_2022_recomputed_inverse
2022,2022-11,11,7,19,A Place Further Than the Universe,3780.0,2022 top 25 shows chart data.xls,Sheet2,6,15,descending_score_2022_recomputed_inverse
2022,2022-11,11,8,18,Bee & PuppyCat,3536.0,2022 top 25 shows chart data.xls,Sheet2,11,15,descending_score_2022_recomputed_inverse
2022,2022-11,11,9,17,takt op.Destiny,3333.0,2022 top 25 shows chart data.xls,Sheet2,57,15,descending_score_2022_recomputed_inverse
2022,2022-11,11,10,16,Kaiju Girls,3162.0,2022 top 25 shows chart data.xls,Sheet2,34,15,descending_score_2022_recomputed_inverse
2022,2022-11,11,11,15,Komi Can’t Communicate,3015.0,2022 top 25 shows chart data.xls,Sheet2,37,15,descending_score_2022_recomputed_inverse
2022,2022-11,11,12,14,Beast Tamer,2887.0,2022 top 25 shows chart data.xls,Sheet2,9,15,descending_score_2022_recomputed_inverse
2022,2022-11,11,13,13,Miss Kobayashi’s Dragon Maid,2774.0,2022 top 25 shows chart data.xls,Sheet2,42,15,descending_score_2022_recomputed_inverse
2022,2022-11,11,14,12,Kemono Friends,2673.0,2022 top 25 shows chart data.xls,Sheet2,35,15,descending_score_2022_recomputed_inverse
2022,2022-11,11,15,11,Vampire in the Garden,2582.0,2022 top 25 shows chart data.xls,Sheet2,67,15,descending_score_2022_recomputed_inverse
2022,2022-11,11,16,10,Healin’ Good PreCure,2500.0,2022 top 25 shows chart data.xls,Sheet2,24,15,descending_score_2022_recomputed_inverse
2022,2022-11,11,17,9,Uma Musume: Pretty Derby,2425.0,2022 top 25 shows chart data.xls,Sheet2,66,15,descending_score_2022_recomputed_inverse
2022,2022-11,11,18,8,HeartCatch PreCure!,2357.0,2022 top 25 shows chart data.xls,Sheet2,25,15,descending_score_2022_recomputed_inverse
2022,2022-11,11,19,7,Star Twinkle PreCure,2294.0,2022 top 25 shows chart data.xls,Sheet2,54,15,descending_score_2022_recomputed_inverse
2022,2022-11,11,20,6,I’ve Been Killing Slimes For 300 Years And Maxed Out My Level,2236.0,2022 top 25 shows chart data.xls,Sheet2,29,15,descending_score_2022_recomputed_inverse
2022,2022-11,11,21,5,Blade Runner: Black Lotus,2182.0,2022 top 25 shows chart data.xls,Sheet2,13,15,descending_score_2022_recomputed_inverse
2022,2022-11,11,22,4,Tropical-Rouge! PreCure,2132.0,2022 top 25 shows chart data.xls,Sheet2,65,15,descending_score_2022_recomputed_inverse
2022,2022-11,11,23,3,Yashahime: Princess Half-Demon,2085.0,2022 top 25 shows chart data.xls,Sheet2,69,15,descending_score_2022_recomputed_inverse
2022,2022-11,11,24,2,After School Dice Club,2041.0,2022 top 25 shows chart data.xls,Sheet2,7,15,descending_score_2022_recomputed_inverse
2022,2022-11,11,25,1,Law & Order,2000.0,2022 top 25 shows chart data.xls,Sheet2,38,15,descending_score_2022_recomputed_inverse
2022,2022-12,12,1,25,Strike Witches,10000.0,2022 top 25 shows chart data.xls,Sheet2,56,16,descending_score_2022_recomputed_inverse
2022,2022-12,12,2,24,My Little Pony: Tell Your Tale,7071.0,2022 top 25 shows chart data.xls,Sheet2,46,16,descending_score_2022_recomputed_inverse
2022,2022-12,12,3,23,Beast Tamer,5774.0,2022 top 25 shows chart data.xls,Sheet2,9,16,descending_score_2022_recomputed_inverse
2022,2022-12,12,4,22,Call of the Night,5000.0,2022 top 25 shows chart data.xls,Sheet2,15,16,descending_score_2022_recomputed_inverse
2022,2022-12,12,5,21,A Place Further Than the Universe,4472.0,2022 top 25 shows chart data.xls,Sheet2,6,16,descending_score_2022_recomputed_inverse
2022,2022-12,12,6,20,The Bold and the Beautiful,4082.0,2022 top 25 shows chart data.xls,Sheet2,59,16,descending_score_2022_recomputed_inverse
2022,2022-12,12,7,19,Prima Doll,3780.0,2022 top 25 shows chart data.xls,Sheet2,50,16,descending_score_2022_recomputed_inverse
2022,2022-12,12,8,18,I’ve Been Killing Slimes For 300 Years And Maxed Out My Level,3536.0,2022 top 25 shows chart data.xls,Sheet2,29,16,descending_score_2022_recomputed_inverse
2022,2022-12,12,9,17,Delicious Party PreCure,3333.0,2022 top 25 shows chart data.xls,Sheet2,17,16,descending_score_2022_recomputed_inverse
2022,2022-12,12,10,16,The David Pakman Show,3162.0,2022 top 25 shows chart data.xls,Sheet2,60,16,descending_score_2022_recomputed_inverse
2022,2022-12,12,11,15,How It’s Made,3015.0,2022 top 25 shows chart data.xls,Sheet2,27,16,descending_score_2022_recomputed_inverse
2022,2022-12,12,12,14,Healin’ Good PreCure,2887.0,2022 top 25 shows chart data.xls,Sheet2,24,16,descending_score_2022_recomputed_inverse
2022,2022-12,12,13,13,Tropical-Rouge! PreCure,2774.0,2022 top 25 shows chart data.xls,Sheet2,65,16,descending_score_2022_recomputed_inverse
2022,2022-12,12,14,12,Heidi,2673.0,2022 top 25 shows chart data.xls,Sheet2,26,16,descending_score_2022_recomputed_inverse
2022,2022-12,12,15,11,takt op.Destiny,2582.0,2022 top 25 shows chart data.xls,Sheet2,57,16,descending_score_2022_recomputed_inverse
2022,2022-12,12,16,10,Uma Musume: Pretty Derby,2500.0,2022 top 25 shows chart data.xls,Sheet2,66,16,descending_score_2022_recomputed_inverse
2022,2022-12,12,17,9,Star Twinkle PreCure,2425.0,2022 top 25 shows chart data.xls,Sheet2,54,16,descending_score_2022_recomputed_inverse
2022,2022-12,12,18,8,Vampire in the Garden,2357.0,2022 top 25 shows chart data.xls,Sheet2,67,16,descending_score_2022_recomputed_inverse
2022,2022-12,12,19,7,Komi Can’t Communicate,2294.0,2022 top 25 shows chart data.xls,Sheet2,37,16,descending_score_2022_recomputed_inverse
2022,2022-12,12,20,6,Another,2236.0,2022 top 25 shows chart data.xls,Sheet2,8,16,descending_score_2022_recomputed_inverse
2022,2022-12,12,21,5,Yashahime: Princess Half-Demon,2182.0,2022 top 25 shows chart data.xls,Sheet2,69,16,descending_score_2022_recomputed_inverse
2022,2022-12,12,22,4,Miss Kobayashi’s Dragon Maid,2132.0,2022 top 25 shows chart data.xls,Sheet2,42,16,descending_score_2022_recomputed_inverse
2022,2022-12,12,23,3,Kemono Friends,2085.0,2022 top 25 shows chart data.xls,Sheet2,35,16,descending_score_2022_recomputed_inverse
2022,2022-12,12,24,2,Bee & PuppyCat,2041.0,2022 top 25 shows chart data.xls,Sheet2,11,16,descending_score_2022_recomputed_inverse
2022,2022-12,12,25,1,HeartCatch PreCure!,2000.0,2022 top 25 shows chart data.xls,Sheet2,25,16,descending_score_2022_recomputed_inverse
2023,2023-01,1,1,25,Strike Witches,25.0,yearend2023-chartcalcs.xls,Sheet1,61,6,inverse_points_preserve_position
2023,2023-01,1,2,24,The Bold and the Beautiful,24.0,yearend2023-chartcalcs.xls,Sheet1,65,6,inverse_points_preserve_position
2023,2023-01,1,3,23,My Little Pony: Tell Your Tale,23.0,yearend2023-chartcalcs.xls,Sheet1,42,6,inverse_points_preserve_position
2023,2023-01,1,4,22,Delicious Party PreCure,22.0,yearend2023-chartcalcs.xls,Sheet1,16,6,inverse_points_preserve_position
2023,2023-01,1,5,21,RWBY,21.0,yearend2023-chartcalcs.xls,Sheet1,50,6,inverse_points_preserve_position
2023,2023-01,1,6,20,The David Pakman Show,20.0,yearend2023-chartcalcs.xls,Sheet1,66,6,inverse_points_preserve_position
2023,2023-01,1,7,19,Sonic Prime,19.0,yearend2023-chartcalcs.xls,Sheet1,55,6,inverse_points_preserve_position
2023,2023-01,1,8,18,Beast Tamer,18.0,yearend2023-chartcalcs.xls,Sheet1,11,6,inverse_points_preserve_position
2023,2023-01,1,9,17,Healin’ Good PreCure,17.0,yearend2023-chartcalcs.xls,Sheet1,25,6,inverse_points_preserve_position
2023,2023-01,1,10,16,Prima Doll,16.0,yearend2023-chartcalcs.xls,Sheet1,47,6,inverse_points_preserve_position
2023,2023-01,1,11,15,Call of the Night,15.0,yearend2023-chartcalcs.xls,Sheet1,14,6,inverse_points_preserve_position
2023,2023-01,1,12,14,Space Pirate Mito,14.0,yearend2023-chartcalcs.xls,Sheet1,57,6,inverse_points_preserve_position
2023,2023-01,1,13,13,Komi Can’t Communicate,13.0,yearend2023-chartcalcs.xls,Sheet1,31,6,inverse_points_preserve_position
2023,2023-01,1,14,12,A Place Further Than the Universe,12.0,yearend2023-chartcalcs.xls,Sheet1,9,6,inverse_points_preserve_position
2023,2023-01,1,15,11,Miss Kobayashi’s Dragon Maid,11.0,yearend2023-chartcalcs.xls,Sheet1,38,6,inverse_points_preserve_position
2023,2023-01,1,16,10,God Mazinger,10.0,yearend2023-chartcalcs.xls,Sheet1,24,6,inverse_points_preserve_position
2023,2023-01,1,17,9,Tropical-Rouge! PreCure,9.0,yearend2023-chartcalcs.xls,Sheet1,71,6,inverse_points_preserve_position
2023,2023-01,1,18,8,I’ve Been Killing Slimes For 300 Years And Maxed Out My Level,8.0,yearend2023-chartcalcs.xls,Sheet1,28,6,inverse_points_preserve_position
2023,2023-01,1,19,7,How It’s Made,7.0,yearend2023-chartcalcs.xls,Sheet1,27,6,inverse_points_preserve_position
2023,2023-01,1,20,6,takt.op Destiny,6.0,yearend2023-chartcalcs.xls,Sheet1,63,6,inverse_points_preserve_position
2023,2023-01,1,21,5,Star Twinkle PreCure,5.0,yearend2023-chartcalcs.xls,Sheet1,60,6,inverse_points_preserve_position
2023,2023-01,1,22,4,Heidi,4.0,yearend2023-chartcalcs.xls,Sheet1,26,6,inverse_points_preserve_position
2023,2023-01,1,23,3,Uma Musume: Pretty Derby,3.0,yearend2023-chartcalcs.xls,Sheet1,72,6,inverse_points_preserve_position
2023,2023-01,1,24,2,Vampire In the Garden,2.0,yearend2023-chartcalcs.xls,Sheet1,73,6,inverse_points_preserve_position
2023,2023-01,1,25,1,Yashahime: Princess Half-Demon,1.0,yearend2023-chartcalcs.xls,Sheet1,74,6,inverse_points_preserve_position
2023,2023-02,2,1,25,RWBY,25.0,yearend2023-chartcalcs.xls,Sheet1,50,7,inverse_points_preserve_position
2023,2023-02,2,2,24,Strike Witches,24.0,yearend2023-chartcalcs.xls,Sheet1,61,7,inverse_points_preserve_position
2023,2023-02,2,3,23,BEASTARS,23.0,yearend2023-chartcalcs.xls,Sheet1,12,7,inverse_points_preserve_position
2023,2023-02,2,4,22,Delicious Party PreCure,22.0,yearend2023-chartcalcs.xls,Sheet1,16,7,inverse_points_preserve_position
2023,2023-02,2,5,21,Monster High,21.0,yearend2023-chartcalcs.xls,Sheet1,40,7,inverse_points_preserve_position
2023,2023-02,2,6,20,JoJo’s Bizarre Adventure: Stone Ocean,20.0,yearend2023-chartcalcs.xls,Sheet1,29,7,inverse_points_preserve_position
2023,2023-02,2,7,19,Star Twinkle PreCure,19.0,yearend2023-chartcalcs.xls,Sheet1,60,7,inverse_points_preserve_position
2023,2023-02,2,8,18,God Mazinger,18.0,yearend2023-chartcalcs.xls,Sheet1,24,7,inverse_points_preserve_position
2023,2023-02,2,9,17,My Little Pony: Tell Your Tale,17.0,yearend2023-chartcalcs.xls,Sheet1,42,7,inverse_points_preserve_position
2023,2023-02,2,10,16,Beast Tamer,16.0,yearend2023-chartcalcs.xls,Sheet1,11,7,inverse_points_preserve_position
2023,2023-02,2,11,15,Sonic Prime,15.0,yearend2023-chartcalcs.xls,Sheet1,55,7,inverse_points_preserve_position
2023,2023-02,2,12,14,Angel Tales,14.0,yearend2023-chartcalcs.xls,Sheet1,10,7,inverse_points_preserve_position
2023,2023-02,2,13,13,Prima Doll,13.0,yearend2023-chartcalcs.xls,Sheet1,47,7,inverse_points_preserve_position
2023,2023-02,2,14,12,The David Pakman Show,12.0,yearend2023-chartcalcs.xls,Sheet1,66,7,inverse_points_preserve_position
2023,2023-02,2,15,11,Vampire In the Garden,11.0,yearend2023-chartcalcs.xls,Sheet1,73,7,inverse_points_preserve_position
2023,2023-02,2,16,10,Call of the Night,10.0,yearend2023-chartcalcs.xls,Sheet1,14,7,inverse_points_preserve_position
2023,2023-02,2,17,9,The Bold and the Beautiful,9.0,yearend2023-chartcalcs.xls,Sheet1,65,7,inverse_points_preserve_position
2023,2023-02,2,18,8,Komi Can’t Communicate,8.0,yearend2023-chartcalcs.xls,Sheet1,31,7,inverse_points_preserve_position
2023,2023-02,2,19,7,Heidi,7.0,yearend2023-chartcalcs.xls,Sheet1,26,7,inverse_points_preserve_position
2023,2023-02,2,20,6,Healin’ Good PreCure,6.0,yearend2023-chartcalcs.xls,Sheet1,25,7,inverse_points_preserve_position
2023,2023-02,2,21,5,A Place Further Than the Universe,5.0,yearend2023-chartcalcs.xls,Sheet1,9,7,inverse_points_preserve_position
2023,2023-02,2,22,4,Tropical-Rouge! PreCure,4.0,yearend2023-chartcalcs.xls,Sheet1,71,7,inverse_points_preserve_position
2023,2023-02,2,23,3,Princess Nine,3.0,yearend2023-chartcalcs.xls,Sheet1,48,7,inverse_points_preserve_position
2023,2023-02,2,24,2,takt.op Destiny,2.0,yearend2023-chartcalcs.xls,Sheet1,63,7,inverse_points_preserve_position
2023,2023-02,2,25,1,I’ve Been Killing Slimes For 300 Years And Maxed Out My Level,1.0,yearend2023-chartcalcs.xls,Sheet1,28,7,inverse_points_preserve_position
2023,2023-03,3,1,25,Monster High,25.0,yearend2023-chartcalcs.xls,Sheet1,40,8,inverse_points_preserve_position
2023,2023-03,3,2,24,BEASTARS,24.0,yearend2023-chartcalcs.xls,Sheet1,12,8,inverse_points_preserve_position
2023,2023-03,3,3,23,God Mazinger,23.0,yearend2023-chartcalcs.xls,Sheet1,24,8,inverse_points_preserve_position
2023,2023-03,3,4,22,Angel Tales,22.0,yearend2023-chartcalcs.xls,Sheet1,10,8,inverse_points_preserve_position
2023,2023-03,3,5,21,Ga-Rei-Zero,21.0,yearend2023-chartcalcs.xls,Sheet1,22,8,inverse_points_preserve_position
2023,2023-03,3,6,20,BNA: Brand New Animal,20.0,yearend2023-chartcalcs.xls,Sheet1,13,8,inverse_points_preserve_position
2023,2023-03,3,7,19,Strike Witches,19.0,yearend2023-chartcalcs.xls,Sheet1,61,8,inverse_points_preserve_position
2023,2023-03,3,8,18,JoJo’s Bizarre Adventure: Stone Ocean,18.0,yearend2023-chartcalcs.xls,Sheet1,29,8,inverse_points_preserve_position
2023,2023-03,3,9,17,Miraculous: Tales of Ladybug and Cat Noir,17.0,yearend2023-chartcalcs.xls,Sheet1,37,8,inverse_points_preserve_position
2023,2023-03,3,10,16,Yes! PreCure 5/GoGo!,16.0,yearend2023-chartcalcs.xls,Sheet1,75,8,inverse_points_preserve_position
2023,2023-03,3,11,15,Prima Doll,15.0,yearend2023-chartcalcs.xls,Sheet1,47,8,inverse_points_preserve_position
2023,2023-03,3,12,14,RWBY,14.0,yearend2023-chartcalcs.xls,Sheet1,50,8,inverse_points_preserve_position
2023,2023-03,3,13,13,Digimon Ghost Game,13.0,yearend2023-chartcalcs.xls,Sheet1,17,8,inverse_points_preserve_position
2023,2023-03,3,14,12,I’ve Been Killing Slimes For 300 Years And Maxed Out My Level,12.0,yearend2023-chartcalcs.xls,Sheet1,28,8,inverse_points_preserve_position
2023,2023-03,3,15,11,Princess Nine,11.0,yearend2023-chartcalcs.xls,Sheet1,48,8,inverse_points_preserve_position
2023,2023-03,3,16,10,Star Twinkle PreCure,10.0,yearend2023-chartcalcs.xls,Sheet1,60,8,inverse_points_preserve_position
2023,2023-03,3,17,9,My Little Pony: Tell Your Tale,9.0,yearend2023-chartcalcs.xls,Sheet1,42,8,inverse_points_preserve_position
2023,2023-03,3,18,8,Beast Tamer,8.0,yearend2023-chartcalcs.xls,Sheet1,11,8,inverse_points_preserve_position
2023,2023-03,3,19,7,The David Pakman Show,7.0,yearend2023-chartcalcs.xls,Sheet1,66,8,inverse_points_preserve_position
2023,2023-03,3,20,6,Sonic Prime,6.0,yearend2023-chartcalcs.xls,Sheet1,55,8,inverse_points_preserve_position
2023,2023-03,3,21,5,Komi Can’t Communicate,5.0,yearend2023-chartcalcs.xls,Sheet1,31,8,inverse_points_preserve_position
2023,2023-03,3,22,4,Delicious Party PreCure,4.0,yearend2023-chartcalcs.xls,Sheet1,16,8,inverse_points_preserve_position
2023,2023-03,3,23,3,Call of the Night,3.0,yearend2023-chartcalcs.xls,Sheet1,14,8,inverse_points_preserve_position
2023,2023-03,3,24,2,Tropical-Rouge! PreCure,2.0,yearend2023-chartcalcs.xls,Sheet1,71,8,inverse_points_preserve_position
2023,2023-03,3,25,1,The Bold and the Beautiful,1.0,yearend2023-chartcalcs.xls,Sheet1,65,8,inverse_points_preserve_position
2023,2023-04,4,1,25,Miraculous: Tales of Ladybug and Cat Noir,25.0,yearend2023-chartcalcs.xls,Sheet1,37,9,inverse_points_preserve_position
2023,2023-04,4,2,24,Monster High,24.0,yearend2023-chartcalcs.xls,Sheet1,40,9,inverse_points_preserve_position
2023,2023-04,4,3,23,BEASTARS,23.0,yearend2023-chartcalcs.xls,Sheet1,12,9,inverse_points_preserve_position
2023,2023-04,4,4,22,PERSONA5 the Animation,22.0,yearend2023-chartcalcs.xls,Sheet1,45,9,inverse_points_preserve_position
2023,2023-04,4,5,21,Strike Witches,21.0,yearend2023-chartcalcs.xls,Sheet1,61,9,inverse_points_preserve_position
2023,2023-04,4,6,20,Do It Yourself!!,20.0,yearend2023-chartcalcs.xls,Sheet1,18,9,inverse_points_preserve_position
2023,2023-04,4,7,19,God Mazinger,19.0,yearend2023-chartcalcs.xls,Sheet1,24,9,inverse_points_preserve_position
2023,2023-04,4,8,18,Digimon Ghost Game,18.0,yearend2023-chartcalcs.xls,Sheet1,17,9,inverse_points_preserve_position
2023,2023-04,4,9,17,RWBY,17.0,yearend2023-chartcalcs.xls,Sheet1,50,9,inverse_points_preserve_position
2023,2023-04,4,10,16,Trigun Stampede,16.0,yearend2023-chartcalcs.xls,Sheet1,70,9,inverse_points_preserve_position
2023,2023-04,4,11,15,Princess Nine,15.0,yearend2023-chartcalcs.xls,Sheet1,48,9,inverse_points_preserve_position
2023,2023-04,4,12,14,The Helpful Fox Senko-san,14.0,yearend2023-chartcalcs.xls,Sheet1,68,9,inverse_points_preserve_position
2023,2023-04,4,13,13,Yes! PreCure 5/GoGo!,13.0,yearend2023-chartcalcs.xls,Sheet1,75,9,inverse_points_preserve_position
2023,2023-04,4,14,12,The David Pakman Show,12.0,yearend2023-chartcalcs.xls,Sheet1,66,9,inverse_points_preserve_position
2023,2023-04,4,15,11,JoJo’s Bizarre Adventure: Stone Ocean,11.0,yearend2023-chartcalcs.xls,Sheet1,29,9,inverse_points_preserve_position
2023,2023-04,4,16,10,Angel Tales,10.0,yearend2023-chartcalcs.xls,Sheet1,10,9,inverse_points_preserve_position
2023,2023-04,4,17,9,Delicious Party PreCure,9.0,yearend2023-chartcalcs.xls,Sheet1,16,9,inverse_points_preserve_position
2023,2023-04,4,18,8,The Bold and the Beautiful,8.0,yearend2023-chartcalcs.xls,Sheet1,65,9,inverse_points_preserve_position
2023,2023-04,4,19,7,Tropical-Rouge! PreCure,7.0,yearend2023-chartcalcs.xls,Sheet1,71,9,inverse_points_preserve_position
2023,2023-04,4,20,6,Star Twinkle PreCure,6.0,yearend2023-chartcalcs.xls,Sheet1,60,9,inverse_points_preserve_position
2023,2023-04,4,21,5,Prima Doll,5.0,yearend2023-chartcalcs.xls,Sheet1,47,9,inverse_points_preserve_position
2023,2023-04,4,22,4,Ga-Rei-Zero,4.0,yearend2023-chartcalcs.xls,Sheet1,22,9,inverse_points_preserve_position
2023,2023-04,4,23,3,My Little Pony: Tell Your Tale,3.0,yearend2023-chartcalcs.xls,Sheet1,42,9,inverse_points_preserve_position
2023,2023-04,4,24,2,BNA: Brand New Animal,2.0,yearend2023-chartcalcs.xls,Sheet1,13,9,inverse_points_preserve_position
2023,2023-04,4,25,1,Beast Tamer,1.0,yearend2023-chartcalcs.xls,Sheet1,11,9,inverse_points_preserve_position
2023,2023-05,5,1,25,Murder Drones,25.0,yearend2023-chartcalcs.xls,Sheet1,41,10,inverse_points_preserve_position
2023,2023-05,5,2,24,Soaring Sky! PreCure,24.0,yearend2023-chartcalcs.xls,Sheet1,54,10,inverse_points_preserve_position
2023,2023-05,5,3,23,BEASTARS,23.0,yearend2023-chartcalcs.xls,Sheet1,12,10,inverse_points_preserve_position
2023,2023-05,5,4,22,God Mazinger,22.0,yearend2023-chartcalcs.xls,Sheet1,24,10,inverse_points_preserve_position
2023,2023-05,5,5,21,Miraculous: Tales of Ladybug and Cat Noir,21.0,yearend2023-chartcalcs.xls,Sheet1,37,10,inverse_points_preserve_position
2023,2023-05,5,6,20,Tropical-Rouge! PreCure,20.0,yearend2023-chartcalcs.xls,Sheet1,71,10,inverse_points_preserve_position
2023,2023-05,5,7,19,Trigun Stampede,19.0,yearend2023-chartcalcs.xls,Sheet1,70,10,inverse_points_preserve_position
2023,2023-05,5,8,18,RWBY,18.0,yearend2023-chartcalcs.xls,Sheet1,50,10,inverse_points_preserve_position
2023,2023-05,5,9,17,Monster High,17.0,yearend2023-chartcalcs.xls,Sheet1,40,10,inverse_points_preserve_position
2023,2023-05,5,10,16,The David Pakman Show,16.0,yearend2023-chartcalcs.xls,Sheet1,66,10,inverse_points_preserve_position
2023,2023-05,5,11,15,Angel Tales,15.0,yearend2023-chartcalcs.xls,Sheet1,10,10,inverse_points_preserve_position
2023,2023-05,5,12,14,The Barbarian and the Troll,14.0,yearend2023-chartcalcs.xls,Sheet1,64,10,inverse_points_preserve_position
2023,2023-05,5,13,13,PERSONA5 the Animation,13.0,yearend2023-chartcalcs.xls,Sheet1,45,10,inverse_points_preserve_position
2023,2023-05,5,14,12,Strike Witches,12.0,yearend2023-chartcalcs.xls,Sheet1,61,10,inverse_points_preserve_position
2023,2023-05,5,15,11,Mobile Suit Gundam: The Witch from Mercury,11.0,yearend2023-chartcalcs.xls,Sheet1,39,10,inverse_points_preserve_position
2023,2023-05,5,16,10,The Bold and the Beautiful,10.0,yearend2023-chartcalcs.xls,Sheet1,65,10,inverse_points_preserve_position
2023,2023-05,5,17,9,BNA: Brand New Animal,9.0,yearend2023-chartcalcs.xls,Sheet1,13,10,inverse_points_preserve_position
2023,2023-05,5,18,8,Do It Yourself!!,8.0,yearend2023-chartcalcs.xls,Sheet1,18,10,inverse_points_preserve_position
2023,2023-05,5,19,7,Princess Nine,7.0,yearend2023-chartcalcs.xls,Sheet1,48,10,inverse_points_preserve_position
2023,2023-05,5,20,6,Kino’s Journey – The Beautiful World: The Animated Series,6.0,yearend2023-chartcalcs.xls,Sheet1,30,10,inverse_points_preserve_position
2023,2023-05,5,21,5,Yes! PreCure 5/GoGo!,5.0,yearend2023-chartcalcs.xls,Sheet1,75,10,inverse_points_preserve_position
2023,2023-05,5,22,4,JoJo’s Bizarre Adventure: Stone Ocean,4.0,yearend2023-chartcalcs.xls,Sheet1,29,10,inverse_points_preserve_position
2023,2023-05,5,23,3,Digimon Ghost Game,3.0,yearend2023-chartcalcs.xls,Sheet1,17,10,inverse_points_preserve_position
2023,2023-05,5,24,2,Delicious Party PreCure,2.0,yearend2023-chartcalcs.xls,Sheet1,16,10,inverse_points_preserve_position
2023,2023-05,5,25,1,Star Twinkle PreCure,1.0,yearend2023-chartcalcs.xls,Sheet1,60,10,inverse_points_preserve_position
2023,2023-06,6,1,25,RWBY,25.0,yearend2023-chartcalcs.xls,Sheet1,50,11,inverse_points_preserve_position
2023,2023-06,6,2,24,Soaring Sky! PreCure,24.0,yearend2023-chartcalcs.xls,Sheet1,54,11,inverse_points_preserve_position
2023,2023-06,6,3,23,Konosuba: An Explosion on This Wonderful World!,23.0,yearend2023-chartcalcs.xls,Sheet1,32,11,inverse_points_preserve_position
2023,2023-06,6,4,22,Sacrificial Princess and the King of Beasts,22.0,yearend2023-chartcalcs.xls,Sheet1,51,11,inverse_points_preserve_position
2023,2023-06,6,5,21,Murder Drones,21.0,yearend2023-chartcalcs.xls,Sheet1,41,11,inverse_points_preserve_position
2023,2023-06,6,6,20,Trigun Stampede,20.0,yearend2023-chartcalcs.xls,Sheet1,70,11,inverse_points_preserve_position
2023,2023-06,6,7,19,BEASTARS,19.0,yearend2023-chartcalcs.xls,Sheet1,12,11,inverse_points_preserve_position
2023,2023-06,6,8,18,My Little Pony: Tell Your Tale,18.0,yearend2023-chartcalcs.xls,Sheet1,42,11,inverse_points_preserve_position
2023,2023-06,6,9,17,Kuma Kuma Kuma Bear,17.0,yearend2023-chartcalcs.xls,Sheet1,33,11,inverse_points_preserve_position
2023,2023-06,6,10,16,Snoopy In Space,16.0,yearend2023-chartcalcs.xls,Sheet1,53,11,inverse_points_preserve_position
2023,2023-06,6,11,15,Fruits Basket,15.0,yearend2023-chartcalcs.xls,Sheet1,21,11,inverse_points_preserve_position
2023,2023-06,6,12,14,The David Pakman Show,14.0,yearend2023-chartcalcs.xls,Sheet1,66,11,inverse_points_preserve_position
2023,2023-06,6,13,13,Monster High,13.0,yearend2023-chartcalcs.xls,Sheet1,40,11,inverse_points_preserve_position
2023,2023-06,6,14,12,Miraculous: Tales of Ladybug and Cat Noir,12.0,yearend2023-chartcalcs.xls,Sheet1,37,11,inverse_points_preserve_position
2023,2023-06,6,15,11,God Mazinger,11.0,yearend2023-chartcalcs.xls,Sheet1,24,11,inverse_points_preserve_position
2023,2023-06,6,16,10,The Barbarian and the Troll,10.0,yearend2023-chartcalcs.xls,Sheet1,64,11,inverse_points_preserve_position
2023,2023-06,6,17,9,Tropical-Rouge! PreCure,9.0,yearend2023-chartcalcs.xls,Sheet1,71,11,inverse_points_preserve_position
2023,2023-06,6,18,8,Angel Tales,8.0,yearend2023-chartcalcs.xls,Sheet1,10,11,inverse_points_preserve_position
2023,2023-06,6,19,7,Strike Witches,7.0,yearend2023-chartcalcs.xls,Sheet1,61,11,inverse_points_preserve_position
2023,2023-06,6,20,6,PERSONA5 the Animation,6.0,yearend2023-chartcalcs.xls,Sheet1,45,11,inverse_points_preserve_position
2023,2023-06,6,21,5,Star Twinkle PreCure,5.0,yearend2023-chartcalcs.xls,Sheet1,60,11,inverse_points_preserve_position
2023,2023-06,6,22,4,Do It Yourself!!,4.0,yearend2023-chartcalcs.xls,Sheet1,18,11,inverse_points_preserve_position
2023,2023-06,6,23,3,Mobile Suit Gundam: The Witch from Mercury,3.0,yearend2023-chartcalcs.xls,Sheet1,39,11,inverse_points_preserve_position
2023,2023-06,6,24,2,BNA: Brand New Animal,2.0,yearend2023-chartcalcs.xls,Sheet1,13,11,inverse_points_preserve_position
2023,2023-06,6,25,1,JoJo’s Bizarre Adventure: Stone Ocean,1.0,yearend2023-chartcalcs.xls,Sheet1,29,11,inverse_points_preserve_position
2023,2023-07,7,1,25,RWBY,25.0,yearend2023-chartcalcs.xls,Sheet1,50,12,inverse_points_preserve_position
2023,2023-07,7,2,24,The Stephanie Miller Show,24.0,yearend2023-chartcalcs.xls,Sheet1,69,12,inverse_points_preserve_position
2023,2023-07,7,3,23,Soaring Sky! PreCure,23.0,yearend2023-chartcalcs.xls,Sheet1,54,12,inverse_points_preserve_position
2023,2023-07,7,4,22,Dropkick on My Devil!,22.0,yearend2023-chartcalcs.xls,Sheet1,19,12,inverse_points_preserve_position
2023,2023-07,7,5,21,Kuma Kuma Kuma Bear,21.0,yearend2023-chartcalcs.xls,Sheet1,33,12,inverse_points_preserve_position
2023,2023-07,7,6,20,Miraculous: Tales of Ladybug and Cat Noir,20.0,yearend2023-chartcalcs.xls,Sheet1,37,12,inverse_points_preserve_position
2023,2023-07,7,7,19,Fruits Basket,19.0,yearend2023-chartcalcs.xls,Sheet1,21,12,inverse_points_preserve_position
2023,2023-07,7,8,18,Murder Drones,18.0,yearend2023-chartcalcs.xls,Sheet1,41,12,inverse_points_preserve_position
2023,2023-07,7,9,17,Konosuba: An Explosion on This Wonderful World!,17.0,yearend2023-chartcalcs.xls,Sheet1,32,12,inverse_points_preserve_position
2023,2023-07,7,10,16,Strike Witches,16.0,yearend2023-chartcalcs.xls,Sheet1,61,12,inverse_points_preserve_position
2023,2023-07,7,11,15,Trigun Stampede,15.0,yearend2023-chartcalcs.xls,Sheet1,70,12,inverse_points_preserve_position
2023,2023-07,7,12,14,Sacrificial Princess and the King of Beasts,14.0,yearend2023-chartcalcs.xls,Sheet1,51,12,inverse_points_preserve_position
2023,2023-07,7,13,13,BEASTARS,13.0,yearend2023-chartcalcs.xls,Sheet1,12,12,inverse_points_preserve_position
2023,2023-07,7,14,12,The David Pakman Show,12.0,yearend2023-chartcalcs.xls,Sheet1,66,12,inverse_points_preserve_position
2023,2023-07,7,15,11,God Mazinger,11.0,yearend2023-chartcalcs.xls,Sheet1,24,12,inverse_points_preserve_position
2023,2023-07,7,16,10,Komi Can’t Communicate,10.0,yearend2023-chartcalcs.xls,Sheet1,31,12,inverse_points_preserve_position
2023,2023-07,7,17,9,Law & Order: Special Victims Unit,9.0,yearend2023-chartcalcs.xls,Sheet1,34,12,inverse_points_preserve_position
2023,2023-07,7,18,8,Star Twinkle PreCure,8.0,yearend2023-chartcalcs.xls,Sheet1,60,12,inverse_points_preserve_position
2023,2023-07,7,19,7,Monster High,7.0,yearend2023-chartcalcs.xls,Sheet1,40,12,inverse_points_preserve_position
2023,2023-07,7,20,6,My Little Pony: Tell Your Tale,6.0,yearend2023-chartcalcs.xls,Sheet1,42,12,inverse_points_preserve_position
2023,2023-07,7,21,5,Snoopy In Space,5.0,yearend2023-chartcalcs.xls,Sheet1,53,12,inverse_points_preserve_position
2023,2023-07,7,22,4,Angel Tales,4.0,yearend2023-chartcalcs.xls,Sheet1,10,12,inverse_points_preserve_position
2023,2023-07,7,23,3,Tropical-Rouge! PreCure,3.0,yearend2023-chartcalcs.xls,Sheet1,71,12,inverse_points_preserve_position
2023,2023-07,7,24,2,Do It Yourself!!,2.0,yearend2023-chartcalcs.xls,Sheet1,18,12,inverse_points_preserve_position
2023,2023-07,7,25,1,JoJo’s Bizarre Adventure: Stone Ocean,1.0,yearend2023-chartcalcs.xls,Sheet1,29,12,inverse_points_preserve_position
2023,2023-08,8,1,25,Dropkick on My Devil!,25.0,yearend2023-chartcalcs.xls,Sheet1,19,13,inverse_points_preserve_position
2023,2023-08,8,2,24,Soaring Sky! PreCure,24.0,yearend2023-chartcalcs.xls,Sheet1,54,13,inverse_points_preserve_position
2023,2023-08,8,3,23,The Stephanie Miller Show,23.0,yearend2023-chartcalcs.xls,Sheet1,69,13,inverse_points_preserve_position
2023,2023-08,8,4,22,JoJo’s Bizarre Adventure: Stone Ocean,22.0,yearend2023-chartcalcs.xls,Sheet1,29,13,inverse_points_preserve_position
2023,2023-08,8,5,21,The David Pakman Show,21.0,yearend2023-chartcalcs.xls,Sheet1,66,13,inverse_points_preserve_position
2023,2023-08,8,6,20,Miraculous: Tales of Ladybug and Cat Noir,20.0,yearend2023-chartcalcs.xls,Sheet1,37,13,inverse_points_preserve_position
2023,2023-08,8,7,19,Delicious Party PreCure,19.0,yearend2023-chartcalcs.xls,Sheet1,16,13,inverse_points_preserve_position
2023,2023-08,8,8,18,Komi Can’t Communicate,18.0,yearend2023-chartcalcs.xls,Sheet1,31,13,inverse_points_preserve_position
2023,2023-08,8,9,17,RWBY,17.0,yearend2023-chartcalcs.xls,Sheet1,50,13,inverse_points_preserve_position
2023,2023-08,8,10,16,How It’s Made,16.0,yearend2023-chartcalcs.xls,Sheet1,27,13,inverse_points_preserve_position
2023,2023-08,8,11,15,Nura: Rise of the Yokai Clan,15.0,yearend2023-chartcalcs.xls,Sheet1,44,13,inverse_points_preserve_position
2023,2023-08,8,12,14,Strike Witches,14.0,yearend2023-chartcalcs.xls,Sheet1,61,13,inverse_points_preserve_position
2023,2023-08,8,13,13,Kuma Kuma Kuma Bear,13.0,yearend2023-chartcalcs.xls,Sheet1,33,13,inverse_points_preserve_position
2023,2023-08,8,14,12,Konosuba: An Explosion on This Wonderful World!,12.0,yearend2023-chartcalcs.xls,Sheet1,32,13,inverse_points_preserve_position
2023,2023-08,8,15,11,Sacrificial Princess and the King of Beasts,11.0,yearend2023-chartcalcs.xls,Sheet1,51,13,inverse_points_preserve_position
2023,2023-08,8,16,10,Murder Drones,10.0,yearend2023-chartcalcs.xls,Sheet1,41,13,inverse_points_preserve_position
2023,2023-08,8,17,9,Law & Order: Special Victims Unit,9.0,yearend2023-chartcalcs.xls,Sheet1,34,13,inverse_points_preserve_position
2023,2023-08,8,18,8,Trigun Stampede,8.0,yearend2023-chartcalcs.xls,Sheet1,70,13,inverse_points_preserve_position
2023,2023-08,8,19,7,Monster High,7.0,yearend2023-chartcalcs.xls,Sheet1,40,13,inverse_points_preserve_position
2023,2023-08,8,20,6,BEASTARS,6.0,yearend2023-chartcalcs.xls,Sheet1,12,13,inverse_points_preserve_position
2023,2023-08,8,21,5,My Little Pony: Tell Your Tale,5.0,yearend2023-chartcalcs.xls,Sheet1,42,13,inverse_points_preserve_position
2023,2023-08,8,22,4,God Mazinger,4.0,yearend2023-chartcalcs.xls,Sheet1,24,13,inverse_points_preserve_position
2023,2023-08,8,23,3,Angel Tales,3.0,yearend2023-chartcalcs.xls,Sheet1,10,13,inverse_points_preserve_position
2023,2023-08,8,24,2,Fruits Basket,2.0,yearend2023-chartcalcs.xls,Sheet1,21,13,inverse_points_preserve_position
2023,2023-08,8,25,1,Star Twinkle PreCure,1.0,yearend2023-chartcalcs.xls,Sheet1,60,13,inverse_points_preserve_position
2023,2023-09,9,1,25,The Stephanie Miller Show,25.0,yearend2023-chartcalcs.xls,Sheet1,69,14,inverse_points_preserve_position
2023,2023-09,9,2,24,RWBY,24.0,yearend2023-chartcalcs.xls,Sheet1,50,14,inverse_points_preserve_position
2023,2023-09,9,3,23,Murder Drones,23.0,yearend2023-chartcalcs.xls,Sheet1,41,14,inverse_points_preserve_position
2023,2023-09,9,4,22,Dropkick on My Devil!,22.0,yearend2023-chartcalcs.xls,Sheet1,19,14,inverse_points_preserve_position
2023,2023-09,9,5,21,How It’s Made,21.0,yearend2023-chartcalcs.xls,Sheet1,27,14,inverse_points_preserve_position
2023,2023-09,9,6,20,Soaring Sky! PreCure,20.0,yearend2023-chartcalcs.xls,Sheet1,54,14,inverse_points_preserve_position
2023,2023-09,9,7,19,Chainsaw Man,19.0,yearend2023-chartcalcs.xls,Sheet1,15,14,inverse_points_preserve_position
2023,2023-09,9,8,18,Strike Witches,18.0,yearend2023-chartcalcs.xls,Sheet1,61,14,inverse_points_preserve_position
2023,2023-09,9,9,17,Kuma Kuma Kuma Bear,17.0,yearend2023-chartcalcs.xls,Sheet1,33,14,inverse_points_preserve_position
2023,2023-09,9,10,16,GeGeGe no Kitaro,16.0,yearend2023-chartcalcs.xls,Sheet1,23,14,inverse_points_preserve_position
2023,2023-09,9,11,15,Delicious Party PreCure,15.0,yearend2023-chartcalcs.xls,Sheet1,16,14,inverse_points_preserve_position
2023,2023-09,9,12,14,Konosuba: An Explosion on This Wonderful World!,14.0,yearend2023-chartcalcs.xls,Sheet1,32,14,inverse_points_preserve_position
2023,2023-09,9,13,13,Komi Can’t Communicate,13.0,yearend2023-chartcalcs.xls,Sheet1,31,14,inverse_points_preserve_position
2023,2023-09,9,14,12,JoJo’s Bizarre Adventure: Stone Ocean,12.0,yearend2023-chartcalcs.xls,Sheet1,29,14,inverse_points_preserve_position
2023,2023-09,9,15,11,Miraculous: Tales of Ladybug and Cat Noir,11.0,yearend2023-chartcalcs.xls,Sheet1,37,14,inverse_points_preserve_position
2023,2023-09,9,16,10,Nura: Rise of the Yokai Clan,10.0,yearend2023-chartcalcs.xls,Sheet1,44,14,inverse_points_preserve_position
2023,2023-09,9,17,9,The David Pakman Show,9.0,yearend2023-chartcalcs.xls,Sheet1,66,14,inverse_points_preserve_position
2023,2023-09,9,18,8,Sacrificial Princess and the King of Beasts,8.0,yearend2023-chartcalcs.xls,Sheet1,51,14,inverse_points_preserve_position
2023,2023-09,9,19,7,Law & Order: Special Victims Unit,7.0,yearend2023-chartcalcs.xls,Sheet1,34,14,inverse_points_preserve_position
2023,2023-09,9,20,6,My Little Pony: Tell Your Tale,6.0,yearend2023-chartcalcs.xls,Sheet1,42,14,inverse_points_preserve_position
2023,2023-09,9,21,5,Monster High,5.0,yearend2023-chartcalcs.xls,Sheet1,40,14,inverse_points_preserve_position
2023,2023-09,9,22,4,Angel Tales,4.0,yearend2023-chartcalcs.xls,Sheet1,10,14,inverse_points_preserve_position
2023,2023-09,9,23,3,God Mazinger,3.0,yearend2023-chartcalcs.xls,Sheet1,24,14,inverse_points_preserve_position
2023,2023-09,9,24,2,BEASTARS,2.0,yearend2023-chartcalcs.xls,Sheet1,12,14,inverse_points_preserve_position
2023,2023-09,9,25,1,Star Twinkle PreCure,1.0,yearend2023-chartcalcs.xls,Sheet1,60,14,inverse_points_preserve_position
2023,2023-10,10,1,25,Soaring Sky! PreCure,25.0,yearend2023-chartcalcs.xls,Sheet1,54,15,inverse_points_preserve_position
2023,2023-10,10,2,24,The Stephanie Miller Show,24.0,yearend2023-chartcalcs.xls,Sheet1,69,15,inverse_points_preserve_position
2023,2023-10,10,3,23,NieR: Automata,23.0,yearend2023-chartcalcs.xls,Sheet1,43,15,inverse_points_preserve_position
2023,2023-10,10,4,22,Murder Drones,22.0,yearend2023-chartcalcs.xls,Sheet1,41,15,inverse_points_preserve_position
2023,2023-10,10,5,21,Konosuba: An Explosion on This Wonderful World!,21.0,yearend2023-chartcalcs.xls,Sheet1,32,15,inverse_points_preserve_position
2023,2023-10,10,6,20,Monster High,20.0,yearend2023-chartcalcs.xls,Sheet1,40,15,inverse_points_preserve_position
2023,2023-10,10,7,19,Dropkick on My Devil!,19.0,yearend2023-chartcalcs.xls,Sheet1,19,15,inverse_points_preserve_position
2023,2023-10,10,8,18,The Detective Is Already Dead,18.0,yearend2023-chartcalcs.xls,Sheet1,67,15,inverse_points_preserve_position
2023,2023-10,10,9,17,Spiral,17.0,yearend2023-chartcalcs.xls,Sheet1,58,15,inverse_points_preserve_position
2023,2023-10,10,10,16,How It’s Made,16.0,yearend2023-chartcalcs.xls,Sheet1,27,15,inverse_points_preserve_position
2023,2023-10,10,11,15,GeGeGe no Kitaro,15.0,yearend2023-chartcalcs.xls,Sheet1,23,15,inverse_points_preserve_position
2023,2023-10,10,12,14,Saint Cecilia and Pastor Lawrence,14.0,yearend2023-chartcalcs.xls,Sheet1,52,15,inverse_points_preserve_position
2023,2023-10,10,13,13,Strike Witches,13.0,yearend2023-chartcalcs.xls,Sheet1,61,15,inverse_points_preserve_position
2023,2023-10,10,14,12,Komi Can’t Communicate,12.0,yearend2023-chartcalcs.xls,Sheet1,31,15,inverse_points_preserve_position
2023,2023-10,10,15,11,Sugar Apple Fairy Tale,11.0,yearend2023-chartcalcs.xls,Sheet1,62,15,inverse_points_preserve_position
2023,2023-10,10,16,10,RWBY,10.0,yearend2023-chartcalcs.xls,Sheet1,50,15,inverse_points_preserve_position
2023,2023-10,10,17,9,JoJo’s Bizarre Adventure: Stone Ocean,9.0,yearend2023-chartcalcs.xls,Sheet1,29,15,inverse_points_preserve_position
2023,2023-10,10,18,8,Miraculous: Tales of Ladybug and Cat Noir,8.0,yearend2023-chartcalcs.xls,Sheet1,37,15,inverse_points_preserve_position
2023,2023-10,10,19,7,My Little Pony: Tell Your Tale,7.0,yearend2023-chartcalcs.xls,Sheet1,42,15,inverse_points_preserve_position
2023,2023-10,10,20,6,Kuma Kuma Kuma Bear,6.0,yearend2023-chartcalcs.xls,Sheet1,33,15,inverse_points_preserve_position
2023,2023-10,10,21,5,Chainsaw Man,5.0,yearend2023-chartcalcs.xls,Sheet1,15,15,inverse_points_preserve_position
2023,2023-10,10,22,4,Delicious Party PreCure,4.0,yearend2023-chartcalcs.xls,Sheet1,16,15,inverse_points_preserve_position
2023,2023-10,10,23,3,The David Pakman Show,3.0,yearend2023-chartcalcs.xls,Sheet1,66,15,inverse_points_preserve_position
2023,2023-10,10,24,2,Sacrificial Princess and the King of Beasts,2.0,yearend2023-chartcalcs.xls,Sheet1,51,15,inverse_points_preserve_position
2023,2023-10,10,25,1,Law & Order: Special Victims Unit,1.0,yearend2023-chartcalcs.xls,Sheet1,34,15,inverse_points_preserve_position
2023,2023-11,11,1,25,Soaring Sky! PreCure,25.0,yearend2023-chartcalcs.xls,Sheet1,54,16,inverse_points_preserve_position
2023,2023-11,11,2,24,The Stephanie Miller Show,24.0,yearend2023-chartcalcs.xls,Sheet1,69,16,inverse_points_preserve_position
2023,2023-11,11,3,23,Saint Cecilia and Pastor Lawrence,23.0,yearend2023-chartcalcs.xls,Sheet1,52,16,inverse_points_preserve_position
2023,2023-11,11,4,22,How It’s Made,22.0,yearend2023-chartcalcs.xls,Sheet1,27,16,inverse_points_preserve_position
2023,2023-11,11,5,21,Spiral,21.0,yearend2023-chartcalcs.xls,Sheet1,58,16,inverse_points_preserve_position
2023,2023-11,11,6,20,The Detective Is Already Dead,20.0,yearend2023-chartcalcs.xls,Sheet1,67,16,inverse_points_preserve_position
2023,2023-11,11,7,19,Murder Drones,19.0,yearend2023-chartcalcs.xls,Sheet1,41,16,inverse_points_preserve_position
2023,2023-11,11,8,18,Monster High,18.0,yearend2023-chartcalcs.xls,Sheet1,40,16,inverse_points_preserve_position
2023,2023-11,11,9,17,NieR: Automata,17.0,yearend2023-chartcalcs.xls,Sheet1,43,16,inverse_points_preserve_position
2023,2023-11,11,10,16,The David Pakman Show,16.0,yearend2023-chartcalcs.xls,Sheet1,66,16,inverse_points_preserve_position
2023,2023-11,11,11,15,GeGeGe no Kitaro,15.0,yearend2023-chartcalcs.xls,Sheet1,23,16,inverse_points_preserve_position
2023,2023-11,11,12,14,Dropkick on My Devil!,14.0,yearend2023-chartcalcs.xls,Sheet1,19,16,inverse_points_preserve_position
2023,2023-11,11,13,13,Soul Eater,13.0,yearend2023-chartcalcs.xls,Sheet1,56,16,inverse_points_preserve_position
2023,2023-11,11,14,12,JoJo’s Bizarre Adventure: Stone Ocean,12.0,yearend2023-chartcalcs.xls,Sheet1,29,16,inverse_points_preserve_position
2023,2023-11,11,15,11,Konosuba: An Explosion on This Wonderful World!,11.0,yearend2023-chartcalcs.xls,Sheet1,32,16,inverse_points_preserve_position
2023,2023-11,11,16,10,Strike Witches,10.0,yearend2023-chartcalcs.xls,Sheet1,61,16,inverse_points_preserve_position
2023,2023-11,11,17,9,RWBY,9.0,yearend2023-chartcalcs.xls,Sheet1,50,16,inverse_points_preserve_position
2023,2023-11,11,18,8,Miraculous: Tales of Ladybug and Cat Noir,8.0,yearend2023-chartcalcs.xls,Sheet1,37,16,inverse_points_preserve_position
2023,2023-11,11,19,7,My Little Pony: Tell Your Tale,7.0,yearend2023-chartcalcs.xls,Sheet1,42,16,inverse_points_preserve_position
2023,2023-11,11,20,6,Star Trek: The Next Generation,6.0,yearend2023-chartcalcs.xls,Sheet1,59,16,inverse_points_preserve_position
2023,2023-11,11,21,5,Komi Can’t Communicate,5.0,yearend2023-chartcalcs.xls,Sheet1,31,16,inverse_points_preserve_position
2023,2023-11,11,22,4,Magi-Nation,4.0,yearend2023-chartcalcs.xls,Sheet1,35,16,inverse_points_preserve_position
2023,2023-11,11,23,3,Chainsaw Man,3.0,yearend2023-chartcalcs.xls,Sheet1,15,16,inverse_points_preserve_position
2023,2023-11,11,24,2,Sugar Apple Fairy Tale,2.0,yearend2023-chartcalcs.xls,Sheet1,62,16,inverse_points_preserve_position
2023,2023-11,11,25,1,Kuma Kuma Kuma Bear,1.0,yearend2023-chartcalcs.xls,Sheet1,33,16,inverse_points_preserve_position
2023,2023-12,12,1,25,Power of Hope: PreCure Full Bloom,25.0,yearend2023-chartcalcs.xls,Sheet1,46,17,inverse_points_preserve_position
2023,2023-12,12,2,24,Soaring Sky! PreCure,24.0,yearend2023-chartcalcs.xls,Sheet1,54,17,inverse_points_preserve_position
2023,2023-12,12,3,23,The Stephanie Miller Show,23.0,yearend2023-chartcalcs.xls,Sheet1,69,17,inverse_points_preserve_position
2023,2023-12,12,4,22,Spiral,22.0,yearend2023-chartcalcs.xls,Sheet1,58,17,inverse_points_preserve_position
2023,2023-12,12,5,21,Saint Cecilia and Pastor Lawrence,21.0,yearend2023-chartcalcs.xls,Sheet1,52,17,inverse_points_preserve_position
2023,2023-12,12,6,20,Soul Eater,20.0,yearend2023-chartcalcs.xls,Sheet1,56,17,inverse_points_preserve_position
2023,2023-12,12,7,19,My Little Pony: Tell Your Tale,19.0,yearend2023-chartcalcs.xls,Sheet1,42,17,inverse_points_preserve_position
2023,2023-12,12,8,18,The David Pakman Show,18.0,yearend2023-chartcalcs.xls,Sheet1,66,17,inverse_points_preserve_position
2023,2023-12,12,9,17,Dropkick on My Devil!,17.0,yearend2023-chartcalcs.xls,Sheet1,19,17,inverse_points_preserve_position
2023,2023-12,12,10,16,Frieren: Beyond Journey’s End,16.0,yearend2023-chartcalcs.xls,Sheet1,20,17,inverse_points_preserve_position
2023,2023-12,12,11,15,The Detective Is Already Dead,15.0,yearend2023-chartcalcs.xls,Sheet1,67,17,inverse_points_preserve_position
2023,2023-12,12,12,14,How It’s Made,14.0,yearend2023-chartcalcs.xls,Sheet1,27,17,inverse_points_preserve_position
2023,2023-12,12,13,13,Murder Drones,13.0,yearend2023-chartcalcs.xls,Sheet1,41,17,inverse_points_preserve_position
2023,2023-12,12,14,12,Konosuba: An Explosion on This Wonderful World!,12.0,yearend2023-chartcalcs.xls,Sheet1,32,17,inverse_points_preserve_position
2023,2023-12,12,15,11,GeGeGe no Kitaro,11.0,yearend2023-chartcalcs.xls,Sheet1,23,17,inverse_points_preserve_position
2023,2023-12,12,16,10,Maho Girls PreCure!,10.0,yearend2023-chartcalcs.xls,Sheet1,36,17,inverse_points_preserve_position
2023,2023-12,12,17,9,Magi-Nation,9.0,yearend2023-chartcalcs.xls,Sheet1,35,17,inverse_points_preserve_position
2023,2023-12,12,18,8,Puella Magi Madoka Magica,8.0,yearend2023-chartcalcs.xls,Sheet1,49,17,inverse_points_preserve_position
2023,2023-12,12,19,7,JoJo’s Bizarre Adventure: Stone Ocean,7.0,yearend2023-chartcalcs.xls,Sheet1,29,17,inverse_points_preserve_position
2023,2023-12,12,20,6,NieR: Automata,6.0,yearend2023-chartcalcs.xls,Sheet1,43,17,inverse_points_preserve_position
2023,2023-12,12,21,5,Strike Witches,5.0,yearend2023-chartcalcs.xls,Sheet1,61,17,inverse_points_preserve_position
2023,2023-12,12,22,4,Monster High,4.0,yearend2023-chartcalcs.xls,Sheet1,40,17,inverse_points_preserve_position
2023,2023-12,12,23,3,Miraculous: Tales of Ladybug and Cat Noir,3.0,yearend2023-chartcalcs.xls,Sheet1,37,17,inverse_points_preserve_position
2023,2023-12,12,24,2,RWBY,2.0,yearend2023-chartcalcs.xls,Sheet1,50,17,inverse_points_preserve_position
2023,2023-12,12,25,1,Chainsaw Man,1.0,yearend2023-chartcalcs.xls,Sheet1,15,17,inverse_points_preserve_position
2024,2024-01,1,1,25,The Stephanie Miller Show,25.0,yearend2024-chartcalcs.ods,Sheet1,13,6,inverse_points_preserve_position
2024,2024-01,1,2,24,Soaring Sky! PreCure,24.0,yearend2024-chartcalcs.ods,Sheet1,15,6,inverse_points_preserve_position
2024,2024-01,1,3,23,Tsukimichi: Moonlit Fantasy,23.0,yearend2024-chartcalcs.ods,Sheet1,21,6,inverse_points_preserve_position
2024,2024-01,1,4,22,Spiral,22.0,yearend2024-chartcalcs.ods,Sheet1,45,6,inverse_points_preserve_position
2024,2024-01,1,5,21,How It’s Made,21.0,yearend2024-chartcalcs.ods,Sheet1,12,6,inverse_points_preserve_position
2024,2024-01,1,6,20,Magi-Nation,20.0,yearend2024-chartcalcs.ods,Sheet1,30,6,inverse_points_preserve_position
2024,2024-01,1,7,19,Frieren: Beyond Journey’s End,19.0,yearend2024-chartcalcs.ods,Sheet1,9,6,inverse_points_preserve_position
2024,2024-01,1,8,18,Power of Hope: PreCure Full Bloom,18.0,yearend2024-chartcalcs.ods,Sheet1,43,6,inverse_points_preserve_position
2024,2024-01,1,9,17,The David Pakman Show,17.0,yearend2024-chartcalcs.ods,Sheet1,19,6,inverse_points_preserve_position
2024,2024-01,1,10,16,Monster High,16.0,yearend2024-chartcalcs.ods,Sheet1,14,6,inverse_points_preserve_position
2024,2024-01,1,11,15,My Little Pony: Tell Your Tale,15.0,yearend2024-chartcalcs.ods,Sheet1,18,6,inverse_points_preserve_position
2024,2024-01,1,12,14,The Detective Is Already Dead,14.0,yearend2024-chartcalcs.ods,Sheet1,27,6,inverse_points_preserve_position
2024,2024-01,1,13,13,Soul Eater,13.0,yearend2024-chartcalcs.ods,Sheet1,51,6,inverse_points_preserve_position
2024,2024-01,1,14,12,Puella Magi Madoka Magica,12.0,yearend2024-chartcalcs.ods,Sheet1,54,6,inverse_points_preserve_position
2024,2024-01,1,15,11,Dropkick on My Devil!,11.0,yearend2024-chartcalcs.ods,Sheet1,16,6,inverse_points_preserve_position
2024,2024-01,1,16,10,Saint Cecilia and Pastor Lawrence,10.0,yearend2024-chartcalcs.ods,Sheet1,60,6,inverse_points_preserve_position
2024,2024-01,1,17,9,Murder Drones,9.0,yearend2024-chartcalcs.ods,Sheet1,59,6,inverse_points_preserve_position
2024,2024-01,1,18,8,Konosuba: An Explosion on This Wonderful World!,8.0,yearend2024-chartcalcs.ods,Sheet1,61,6,inverse_points_preserve_position
2024,2024-01,1,19,7,Lucky Star,7.0,yearend2024-chartcalcs.ods,Sheet1,53,6,inverse_points_preserve_position
2024,2024-01,1,20,6,The Helpful Fox Senko-san,6.0,yearend2024-chartcalcs.ods,Sheet1,40,6,inverse_points_preserve_position
2024,2024-01,1,21,5,GeGeGe no Kitaro,5.0,yearend2024-chartcalcs.ods,Sheet1,63,6,inverse_points_preserve_position
2024,2024-01,1,22,4,Maho Girls PreCure!,4.0,yearend2024-chartcalcs.ods,Sheet1,64,6,inverse_points_preserve_position
2024,2024-01,1,23,3,JoJo’s Bizarre Adventure: Stone Ocean,3.0,yearend2024-chartcalcs.ods,Sheet1,67,6,inverse_points_preserve_position
2024,2024-01,1,24,2,Strike Witches,2.0,yearend2024-chartcalcs.ods,Sheet1,68,6,inverse_points_preserve_position
2024,2024-01,1,25,1,Chainsaw Man,1.0,yearend2024-chartcalcs.ods,Sheet1,69,6,inverse_points_preserve_position
2024,2024-02,2,1,25,Soaring Sky! PreCure,25.0,yearend2024-chartcalcs.ods,Sheet1,15,7,inverse_points_preserve_position
2024,2024-02,2,2,24,Dropkick on My Devil!,24.0,yearend2024-chartcalcs.ods,Sheet1,16,7,inverse_points_preserve_position
2024,2024-02,2,3,23,Tsukimichi: Moonlit Fantasy,23.0,yearend2024-chartcalcs.ods,Sheet1,21,7,inverse_points_preserve_position
2024,2024-02,2,4,22,Kiddy Grade,22.0,yearend2024-chartcalcs.ods,Sheet1,35,7,inverse_points_preserve_position
2024,2024-02,2,5,21,"Don’t Toy with Me, Miss Nagatoro",21.0,yearend2024-chartcalcs.ods,Sheet1,29,7,inverse_points_preserve_position
2024,2024-02,2,6,20,Fire Force,20.0,yearend2024-chartcalcs.ods,Sheet1,44,7,inverse_points_preserve_position
2024,2024-02,2,7,19,The Detective Is Already Dead,19.0,yearend2024-chartcalcs.ods,Sheet1,27,7,inverse_points_preserve_position
2024,2024-02,2,8,18,Inugami-san to Nekoyama-san,18.0,yearend2024-chartcalcs.ods,Sheet1,24,7,inverse_points_preserve_position
2024,2024-02,2,9,17,El Cazador de la Bruja,17.0,yearend2024-chartcalcs.ods,Sheet1,41,7,inverse_points_preserve_position
2024,2024-02,2,10,16,The Helpful Fox Senko-san,16.0,yearend2024-chartcalcs.ods,Sheet1,40,7,inverse_points_preserve_position
2024,2024-02,2,11,15,Frieren: Beyond Journey’s End,15.0,yearend2024-chartcalcs.ods,Sheet1,9,7,inverse_points_preserve_position
2024,2024-02,2,12,14,Samurai Rabbit: The Usagi Chronicles,14.0,yearend2024-chartcalcs.ods,Sheet1,10,7,inverse_points_preserve_position
2024,2024-02,2,13,13,My Little Pony: Tell Your Tale,13.0,yearend2024-chartcalcs.ods,Sheet1,18,7,inverse_points_preserve_position
2024,2024-02,2,14,12,Magi-Nation,12.0,yearend2024-chartcalcs.ods,Sheet1,30,7,inverse_points_preserve_position
2024,2024-02,2,15,11,Power of Hope: PreCure Full Bloom,11.0,yearend2024-chartcalcs.ods,Sheet1,43,7,inverse_points_preserve_position
2024,2024-02,2,16,10,Lucky Star,10.0,yearend2024-chartcalcs.ods,Sheet1,53,7,inverse_points_preserve_position
2024,2024-02,2,17,9,Spiral,9.0,yearend2024-chartcalcs.ods,Sheet1,45,7,inverse_points_preserve_position
2024,2024-02,2,18,8,Star Trek: Prodigy,8.0,yearend2024-chartcalcs.ods,Sheet1,31,7,inverse_points_preserve_position
2024,2024-02,2,19,7,The Stephanie Miller Show,7.0,yearend2024-chartcalcs.ods,Sheet1,13,7,inverse_points_preserve_position
2024,2024-02,2,20,6,Soul Eater,6.0,yearend2024-chartcalcs.ods,Sheet1,51,7,inverse_points_preserve_position
2024,2024-02,2,21,5,Puella Magi Madoka Magica,5.0,yearend2024-chartcalcs.ods,Sheet1,54,7,inverse_points_preserve_position
2024,2024-02,2,22,4,Monster High,4.0,yearend2024-chartcalcs.ods,Sheet1,14,7,inverse_points_preserve_position
2024,2024-02,2,23,3,Delicious Party PreCure,3.0,yearend2024-chartcalcs.ods,Sheet1,62,7,inverse_points_preserve_position
2024,2024-02,2,24,2,How It’s Made,2.0,yearend2024-chartcalcs.ods,Sheet1,12,7,inverse_points_preserve_position
2024,2024-02,2,25,1,Murder Drones,1.0,yearend2024-chartcalcs.ods,Sheet1,59,7,inverse_points_preserve_position
2024,2024-03,3,1,25,Wonderful PreCure!,25.0,yearend2024-chartcalcs.ods,Sheet1,8,8,inverse_points_preserve_position
2024,2024-03,3,2,24,Soaring Sky! PreCure,24.0,yearend2024-chartcalcs.ods,Sheet1,15,8,inverse_points_preserve_position
2024,2024-03,3,3,23,Frieren: Beyond Journey’s End,23.0,yearend2024-chartcalcs.ods,Sheet1,9,8,inverse_points_preserve_position
2024,2024-03,3,4,22,Inugami-san to Nekoyama-san,22.0,yearend2024-chartcalcs.ods,Sheet1,24,8,inverse_points_preserve_position
2024,2024-03,3,5,21,Star Trek: Prodigy,21.0,yearend2024-chartcalcs.ods,Sheet1,31,8,inverse_points_preserve_position
2024,2024-03,3,6,20,My Little Pony: Tell Your Tale,20.0,yearend2024-chartcalcs.ods,Sheet1,18,8,inverse_points_preserve_position
2024,2024-03,3,7,19,Kiddy Grade,19.0,yearend2024-chartcalcs.ods,Sheet1,35,8,inverse_points_preserve_position
2024,2024-03,3,8,18,Toilet-Bound Hanako-kun,18.0,yearend2024-chartcalcs.ods,Sheet1,48,8,inverse_points_preserve_position
2024,2024-03,3,9,17,The Last Word with Lawrence O’Donnell,17.0,yearend2024-chartcalcs.ods,Sheet1,11,8,inverse_points_preserve_position
2024,2024-03,3,10,16,The Promised Neverland,16.0,yearend2024-chartcalcs.ods,Sheet1,23,8,inverse_points_preserve_position
2024,2024-03,3,11,15,The Helpful Fox Senko-san,15.0,yearend2024-chartcalcs.ods,Sheet1,40,8,inverse_points_preserve_position
2024,2024-03,3,12,14,The David Pakman Show,14.0,yearend2024-chartcalcs.ods,Sheet1,19,8,inverse_points_preserve_position
2024,2024-03,3,13,13,Etotama,13.0,yearend2024-chartcalcs.ods,Sheet1,56,8,inverse_points_preserve_position
2024,2024-03,3,14,12,Tsukimichi: Moonlit Fantasy,12.0,yearend2024-chartcalcs.ods,Sheet1,21,8,inverse_points_preserve_position
2024,2024-03,3,15,11,Samurai Rabbit: The Usagi Chronicles,11.0,yearend2024-chartcalcs.ods,Sheet1,10,8,inverse_points_preserve_position
2024,2024-03,3,16,10,Dropkick on My Devil!,10.0,yearend2024-chartcalcs.ods,Sheet1,16,8,inverse_points_preserve_position
2024,2024-03,3,17,9,The Detective Is Already Dead,9.0,yearend2024-chartcalcs.ods,Sheet1,27,8,inverse_points_preserve_position
2024,2024-03,3,18,8,El Cazador de la Bruja,8.0,yearend2024-chartcalcs.ods,Sheet1,41,8,inverse_points_preserve_position
2024,2024-03,3,19,7,Magi-Nation,7.0,yearend2024-chartcalcs.ods,Sheet1,30,8,inverse_points_preserve_position
2024,2024-03,3,20,6,Power of Hope: PreCure Full Bloom,6.0,yearend2024-chartcalcs.ods,Sheet1,43,8,inverse_points_preserve_position
2024,2024-03,3,21,5,"Don’t Toy with Me, Miss Nagatoro",5.0,yearend2024-chartcalcs.ods,Sheet1,29,8,inverse_points_preserve_position
2024,2024-03,3,22,4,Monster High,4.0,yearend2024-chartcalcs.ods,Sheet1,14,8,inverse_points_preserve_position
2024,2024-03,3,23,3,Delicious Party PreCure,3.0,yearend2024-chartcalcs.ods,Sheet1,62,8,inverse_points_preserve_position
2024,2024-03,3,24,2,The Stephanie Miller Show,2.0,yearend2024-chartcalcs.ods,Sheet1,13,8,inverse_points_preserve_position
2024,2024-03,3,25,1,Fire Force,1.0,yearend2024-chartcalcs.ods,Sheet1,44,8,inverse_points_preserve_position
2024,2024-04,4,1,25,Wonderful PreCure!,25.0,yearend2024-chartcalcs.ods,Sheet1,8,9,inverse_points_preserve_position
2024,2024-04,4,2,24,The Last Word with Lawrence O’Donnell,24.0,yearend2024-chartcalcs.ods,Sheet1,11,9,inverse_points_preserve_position
2024,2024-04,4,3,23,The Promised Neverland,23.0,yearend2024-chartcalcs.ods,Sheet1,23,9,inverse_points_preserve_position
2024,2024-04,4,4,22,Frieren: Beyond Journey’s End,22.0,yearend2024-chartcalcs.ods,Sheet1,9,9,inverse_points_preserve_position
2024,2024-04,4,5,21,Soaring Sky! PreCure,21.0,yearend2024-chartcalcs.ods,Sheet1,15,9,inverse_points_preserve_position
2024,2024-04,4,6,20,Inugami-san to Nekoyama-san,20.0,yearend2024-chartcalcs.ods,Sheet1,24,9,inverse_points_preserve_position
2024,2024-04,4,7,19,My Little Pony: Tell Your Tale,19.0,yearend2024-chartcalcs.ods,Sheet1,18,9,inverse_points_preserve_position
2024,2024-04,4,8,18,Mieruko-chan,18.0,yearend2024-chartcalcs.ods,Sheet1,20,9,inverse_points_preserve_position
2024,2024-04,4,9,17,The David Pakman Show,17.0,yearend2024-chartcalcs.ods,Sheet1,19,9,inverse_points_preserve_position
2024,2024-04,4,10,16,Firefighter Daigo: Rescuer in Orange,16.0,yearend2024-chartcalcs.ods,Sheet1,39,9,inverse_points_preserve_position
2024,2024-04,4,11,15,Metallic Rouge,15.0,yearend2024-chartcalcs.ods,Sheet1,17,9,inverse_points_preserve_position
2024,2024-04,4,12,14,Monster High,14.0,yearend2024-chartcalcs.ods,Sheet1,14,9,inverse_points_preserve_position
2024,2024-04,4,13,13,"Don’t Toy with Me, Miss Nagatoro",13.0,yearend2024-chartcalcs.ods,Sheet1,29,9,inverse_points_preserve_position
2024,2024-04,4,14,12,Tsukimichi: Moonlit Fantasy,12.0,yearend2024-chartcalcs.ods,Sheet1,21,9,inverse_points_preserve_position
2024,2024-04,4,15,11,The Detective Is Already Dead,11.0,yearend2024-chartcalcs.ods,Sheet1,27,9,inverse_points_preserve_position
2024,2024-04,4,16,10,Star Trek: Prodigy,10.0,yearend2024-chartcalcs.ods,Sheet1,31,9,inverse_points_preserve_position
2024,2024-04,4,17,9,El Cazador de la Bruja,9.0,yearend2024-chartcalcs.ods,Sheet1,41,9,inverse_points_preserve_position
2024,2024-04,4,18,8,Samurai Rabbit: The Usagi Chronicles,8.0,yearend2024-chartcalcs.ods,Sheet1,10,9,inverse_points_preserve_position
2024,2024-04,4,19,7,Dropkick on My Devil!,7.0,yearend2024-chartcalcs.ods,Sheet1,16,9,inverse_points_preserve_position
2024,2024-04,4,20,6,The Stephanie Miller Show,6.0,yearend2024-chartcalcs.ods,Sheet1,13,9,inverse_points_preserve_position
2024,2024-04,4,21,5,Toilet-Bound Hanako-kun,5.0,yearend2024-chartcalcs.ods,Sheet1,48,9,inverse_points_preserve_position
2024,2024-04,4,22,4,Kiddy Grade,4.0,yearend2024-chartcalcs.ods,Sheet1,35,9,inverse_points_preserve_position
2024,2024-04,4,23,3,Etotama,3.0,yearend2024-chartcalcs.ods,Sheet1,56,9,inverse_points_preserve_position
2024,2024-04,4,24,2,The Helpful Fox Senko-san,2.0,yearend2024-chartcalcs.ods,Sheet1,40,9,inverse_points_preserve_position
2024,2024-04,4,25,1,Fire Force,1.0,yearend2024-chartcalcs.ods,Sheet1,44,9,inverse_points_preserve_position
2024,2024-05,5,1,25,Wonderful PreCure!,25.0,yearend2024-chartcalcs.ods,Sheet1,8,10,inverse_points_preserve_position
2024,2024-05,5,2,24,The Last Word with Lawrence O’Donnell,24.0,yearend2024-chartcalcs.ods,Sheet1,11,10,inverse_points_preserve_position
2024,2024-05,5,3,23,Mieruko-chan,23.0,yearend2024-chartcalcs.ods,Sheet1,20,10,inverse_points_preserve_position
2024,2024-05,5,4,22,The Promised Neverland,22.0,yearend2024-chartcalcs.ods,Sheet1,23,10,inverse_points_preserve_position
2024,2024-05,5,5,21,Samurai Rabbit: The Usagi Chronicles,21.0,yearend2024-chartcalcs.ods,Sheet1,10,10,inverse_points_preserve_position
2024,2024-05,5,6,20,Metallic Rouge,20.0,yearend2024-chartcalcs.ods,Sheet1,17,10,inverse_points_preserve_position
2024,2024-05,5,7,19,The Witch and the Beast,19.0,yearend2024-chartcalcs.ods,Sheet1,25,10,inverse_points_preserve_position
2024,2024-05,5,8,18,Inugami-san to Nekoyama-san,18.0,yearend2024-chartcalcs.ods,Sheet1,24,10,inverse_points_preserve_position
2024,2024-05,5,9,17,The David Pakman Show,17.0,yearend2024-chartcalcs.ods,Sheet1,19,10,inverse_points_preserve_position
2024,2024-05,5,10,16,Frieren: Beyond Journey’s End,16.0,yearend2024-chartcalcs.ods,Sheet1,9,10,inverse_points_preserve_position
2024,2024-05,5,11,15,Soaring Sky! PreCure,15.0,yearend2024-chartcalcs.ods,Sheet1,15,10,inverse_points_preserve_position
2024,2024-05,5,12,14,"Don’t Toy with Me, Miss Nagatoro",14.0,yearend2024-chartcalcs.ods,Sheet1,29,10,inverse_points_preserve_position
2024,2024-05,5,13,13,Firefighter Daigo: Rescuer in Orange,13.0,yearend2024-chartcalcs.ods,Sheet1,39,10,inverse_points_preserve_position
2024,2024-05,5,14,12,Tsukimichi: Moonlit Fantasy,12.0,yearend2024-chartcalcs.ods,Sheet1,21,10,inverse_points_preserve_position
2024,2024-05,5,15,11,My Little Pony: Tell Your Tale,11.0,yearend2024-chartcalcs.ods,Sheet1,18,10,inverse_points_preserve_position
2024,2024-05,5,16,10,How It’s Made,10.0,yearend2024-chartcalcs.ods,Sheet1,12,10,inverse_points_preserve_position
2024,2024-05,5,17,9,The Stephanie Miller Show,9.0,yearend2024-chartcalcs.ods,Sheet1,13,10,inverse_points_preserve_position
2024,2024-05,5,18,8,The Detective Is Already Dead,8.0,yearend2024-chartcalcs.ods,Sheet1,27,10,inverse_points_preserve_position
2024,2024-05,5,19,7,Dropkick on My Devil!,7.0,yearend2024-chartcalcs.ods,Sheet1,16,10,inverse_points_preserve_position
2024,2024-05,5,20,6,Kaiju Girls,6.0,yearend2024-chartcalcs.ods,Sheet1,47,10,inverse_points_preserve_position
2024,2024-05,5,21,5,El Cazador de la Bruja,5.0,yearend2024-chartcalcs.ods,Sheet1,41,10,inverse_points_preserve_position
2024,2024-05,5,22,4,Monster High,4.0,yearend2024-chartcalcs.ods,Sheet1,14,10,inverse_points_preserve_position
2024,2024-05,5,23,3,Kiddy Grade,3.0,yearend2024-chartcalcs.ods,Sheet1,35,10,inverse_points_preserve_position
2024,2024-05,5,24,2,Toilet-Bound Hanako-kun,2.0,yearend2024-chartcalcs.ods,Sheet1,48,10,inverse_points_preserve_position
2024,2024-05,5,25,1,The Helpful Fox Senko-san,1.0,yearend2024-chartcalcs.ods,Sheet1,40,10,inverse_points_preserve_position
2024,2024-06,6,1,25,Wonderful PreCure!,25.0,yearend2024-chartcalcs.ods,Sheet1,8,11,inverse_points_preserve_position
2024,2024-06,6,2,24,The Last Word with Lawrence O’Donnell,24.0,yearend2024-chartcalcs.ods,Sheet1,11,11,inverse_points_preserve_position
2024,2024-06,6,3,23,Konohana Kitan,23.0,yearend2024-chartcalcs.ods,Sheet1,26,11,inverse_points_preserve_position
2024,2024-06,6,4,22,Samurai Rabbit: The Usagi Chronicles,22.0,yearend2024-chartcalcs.ods,Sheet1,10,11,inverse_points_preserve_position
2024,2024-06,6,5,21,Metallic Rouge,21.0,yearend2024-chartcalcs.ods,Sheet1,17,11,inverse_points_preserve_position
2024,2024-06,6,6,20,Fluffy Paradise,20.0,yearend2024-chartcalcs.ods,Sheet1,36,11,inverse_points_preserve_position
2024,2024-06,6,7,19,Nichijou: My Ordinary Life,19.0,yearend2024-chartcalcs.ods,Sheet1,37,11,inverse_points_preserve_position
2024,2024-06,6,8,18,How It’s Made,18.0,yearend2024-chartcalcs.ods,Sheet1,12,11,inverse_points_preserve_position
2024,2024-06,6,9,17,Mieruko-chan,17.0,yearend2024-chartcalcs.ods,Sheet1,20,11,inverse_points_preserve_position
2024,2024-06,6,10,16,Tsukimichi: Moonlit Fantasy,16.0,yearend2024-chartcalcs.ods,Sheet1,21,11,inverse_points_preserve_position
2024,2024-06,6,11,15,The Witch and the Beast,15.0,yearend2024-chartcalcs.ods,Sheet1,25,11,inverse_points_preserve_position
2024,2024-06,6,12,14,Frieren: Beyond Journey’s End,14.0,yearend2024-chartcalcs.ods,Sheet1,9,11,inverse_points_preserve_position
2024,2024-06,6,13,13,The Promised Neverland,13.0,yearend2024-chartcalcs.ods,Sheet1,23,11,inverse_points_preserve_position
2024,2024-06,6,14,12,The Stephanie Miller Show,12.0,yearend2024-chartcalcs.ods,Sheet1,13,11,inverse_points_preserve_position
2024,2024-06,6,15,11,My Little Pony: Tell Your Tale,11.0,yearend2024-chartcalcs.ods,Sheet1,18,11,inverse_points_preserve_position
2024,2024-06,6,16,10,Inugami-san to Nekoyama-san,10.0,yearend2024-chartcalcs.ods,Sheet1,24,11,inverse_points_preserve_position
2024,2024-06,6,17,9,Soaring Sky! PreCure,9.0,yearend2024-chartcalcs.ods,Sheet1,15,11,inverse_points_preserve_position
2024,2024-06,6,18,8,The David Pakman Show,8.0,yearend2024-chartcalcs.ods,Sheet1,19,11,inverse_points_preserve_position
2024,2024-06,6,19,7,Firefighter Daigo: Rescuer in Orange,7.0,yearend2024-chartcalcs.ods,Sheet1,39,11,inverse_points_preserve_position
2024,2024-06,6,20,6,"Don’t Toy with Me, Miss Nagatoro",6.0,yearend2024-chartcalcs.ods,Sheet1,29,11,inverse_points_preserve_position
2024,2024-06,6,21,5,Dropkick on My Devil!,5.0,yearend2024-chartcalcs.ods,Sheet1,16,11,inverse_points_preserve_position
2024,2024-06,6,22,4,Monster High,4.0,yearend2024-chartcalcs.ods,Sheet1,14,11,inverse_points_preserve_position
2024,2024-06,6,23,3,Aria the Animation,3.0,yearend2024-chartcalcs.ods,Sheet1,66,11,inverse_points_preserve_position
2024,2024-06,6,24,2,The Detective Is Already Dead,2.0,yearend2024-chartcalcs.ods,Sheet1,27,11,inverse_points_preserve_position
2024,2024-06,6,25,1,Kaiju Girls,1.0,yearend2024-chartcalcs.ods,Sheet1,47,11,inverse_points_preserve_position
2024,2024-07,7,1,25,Wonderful PreCure!,25.0,yearend2024-chartcalcs.ods,Sheet1,8,12,inverse_points_preserve_position
2024,2024-07,7,2,24,Frieren: Beyond Journey’s End,24.0,yearend2024-chartcalcs.ods,Sheet1,9,12,inverse_points_preserve_position
2024,2024-07,7,3,23,Metallic Rouge,23.0,yearend2024-chartcalcs.ods,Sheet1,17,12,inverse_points_preserve_position
2024,2024-07,7,4,22,The David Pakman Show,22.0,yearend2024-chartcalcs.ods,Sheet1,19,12,inverse_points_preserve_position
2024,2024-07,7,5,21,The Last Word with Lawrence O’Donnell,21.0,yearend2024-chartcalcs.ods,Sheet1,11,12,inverse_points_preserve_position
2024,2024-07,7,6,20,The Stephanie Miller Show,20.0,yearend2024-chartcalcs.ods,Sheet1,13,12,inverse_points_preserve_position
2024,2024-07,7,7,19,Mieruko-chan,19.0,yearend2024-chartcalcs.ods,Sheet1,20,12,inverse_points_preserve_position
2024,2024-07,7,8,18,Konohana Kitan,18.0,yearend2024-chartcalcs.ods,Sheet1,26,12,inverse_points_preserve_position
2024,2024-07,7,9,17,The Witch and the Beast,17.0,yearend2024-chartcalcs.ods,Sheet1,25,12,inverse_points_preserve_position
2024,2024-07,7,10,16,Samurai Rabbit: The Usagi Chronicles,16.0,yearend2024-chartcalcs.ods,Sheet1,10,12,inverse_points_preserve_position
2024,2024-07,7,11,15,How It’s Made,15.0,yearend2024-chartcalcs.ods,Sheet1,12,12,inverse_points_preserve_position
2024,2024-07,7,12,14,Nichijou: My Ordinary Life,14.0,yearend2024-chartcalcs.ods,Sheet1,37,12,inverse_points_preserve_position
2024,2024-07,7,13,13,Tsukimichi: Moonlit Fantasy,13.0,yearend2024-chartcalcs.ods,Sheet1,21,12,inverse_points_preserve_position
2024,2024-07,7,14,12,Record of Lodoss War,12.0,yearend2024-chartcalcs.ods,Sheet1,42,12,inverse_points_preserve_position
2024,2024-07,7,15,11,My Little Pony: Tell Your Tale,11.0,yearend2024-chartcalcs.ods,Sheet1,18,12,inverse_points_preserve_position
2024,2024-07,7,16,10,Inugami-san to Nekoyama-san,10.0,yearend2024-chartcalcs.ods,Sheet1,24,12,inverse_points_preserve_position
2024,2024-07,7,17,9,Soaring Sky! PreCure,9.0,yearend2024-chartcalcs.ods,Sheet1,15,12,inverse_points_preserve_position
2024,2024-07,7,18,8,Fluffy Paradise,8.0,yearend2024-chartcalcs.ods,Sheet1,36,12,inverse_points_preserve_position
2024,2024-07,7,19,7,Dropkick on My Devil!,7.0,yearend2024-chartcalcs.ods,Sheet1,16,12,inverse_points_preserve_position
2024,2024-07,7,20,6,Monster High,6.0,yearend2024-chartcalcs.ods,Sheet1,14,12,inverse_points_preserve_position
2024,2024-07,7,21,5,The Promised Neverland,5.0,yearend2024-chartcalcs.ods,Sheet1,23,12,inverse_points_preserve_position
2024,2024-07,7,22,4,"Don’t Toy with Me, Miss Nagatoro",4.0,yearend2024-chartcalcs.ods,Sheet1,29,12,inverse_points_preserve_position
2024,2024-07,7,23,3,The Detective Is Already Dead,3.0,yearend2024-chartcalcs.ods,Sheet1,27,12,inverse_points_preserve_position
2024,2024-07,7,24,2,Firefighter Daigo: Rescuer in Orange,2.0,yearend2024-chartcalcs.ods,Sheet1,39,12,inverse_points_preserve_position
2024,2024-07,7,25,1,Kaiju Girls,1.0,yearend2024-chartcalcs.ods,Sheet1,47,12,inverse_points_preserve_position
2024,2024-08,8,1,25,Wonderful PreCure!,25.0,yearend2024-chartcalcs.ods,Sheet1,8,13,inverse_points_preserve_position
2024,2024-08,8,2,24,How It’s Made,24.0,yearend2024-chartcalcs.ods,Sheet1,12,13,inverse_points_preserve_position
2024,2024-08,8,3,23,The Stephanie Miller Show,23.0,yearend2024-chartcalcs.ods,Sheet1,13,13,inverse_points_preserve_position
2024,2024-08,8,4,22,Frieren: Beyond Journey’s End,22.0,yearend2024-chartcalcs.ods,Sheet1,9,13,inverse_points_preserve_position
2024,2024-08,8,5,21,Metallic Rouge,21.0,yearend2024-chartcalcs.ods,Sheet1,17,13,inverse_points_preserve_position
2024,2024-08,8,6,20,My Little Pony: Tell Your Tale,20.0,yearend2024-chartcalcs.ods,Sheet1,18,13,inverse_points_preserve_position
2024,2024-08,8,7,19,The Last Word with Lawrence O’Donnell,19.0,yearend2024-chartcalcs.ods,Sheet1,11,13,inverse_points_preserve_position
2024,2024-08,8,8,18,Soaring Sky! PreCure,18.0,yearend2024-chartcalcs.ods,Sheet1,15,13,inverse_points_preserve_position
2024,2024-08,8,9,17,Mieruko-chan,17.0,yearend2024-chartcalcs.ods,Sheet1,20,13,inverse_points_preserve_position
2024,2024-08,8,10,16,Dropkick on My Devil!,16.0,yearend2024-chartcalcs.ods,Sheet1,16,13,inverse_points_preserve_position
2024,2024-08,8,11,15,The Witch and the Beast,15.0,yearend2024-chartcalcs.ods,Sheet1,25,13,inverse_points_preserve_position
2024,2024-08,8,12,14,Samurai Rabbit: The Usagi Chronicles,14.0,yearend2024-chartcalcs.ods,Sheet1,10,13,inverse_points_preserve_position
2024,2024-08,8,13,13,The David Pakman Show,13.0,yearend2024-chartcalcs.ods,Sheet1,19,13,inverse_points_preserve_position
2024,2024-08,8,14,12,Konohana Kitan,12.0,yearend2024-chartcalcs.ods,Sheet1,26,13,inverse_points_preserve_position
2024,2024-08,8,15,11,Record of Lodoss War,11.0,yearend2024-chartcalcs.ods,Sheet1,42,13,inverse_points_preserve_position
2024,2024-08,8,16,10,Nichijou: My Ordinary Life,10.0,yearend2024-chartcalcs.ods,Sheet1,37,13,inverse_points_preserve_position
2024,2024-08,8,17,9,Inugami-san to Nekoyama-san,9.0,yearend2024-chartcalcs.ods,Sheet1,24,13,inverse_points_preserve_position
2024,2024-08,8,18,8,Tsukimichi: Moonlit Fantasy,8.0,yearend2024-chartcalcs.ods,Sheet1,21,13,inverse_points_preserve_position
2024,2024-08,8,19,7,Monster High,7.0,yearend2024-chartcalcs.ods,Sheet1,14,13,inverse_points_preserve_position
2024,2024-08,8,20,6,The Detective Is Already Dead,6.0,yearend2024-chartcalcs.ods,Sheet1,27,13,inverse_points_preserve_position
2024,2024-08,8,21,5,Fluffy Paradise,5.0,yearend2024-chartcalcs.ods,Sheet1,36,13,inverse_points_preserve_position
2024,2024-08,8,22,4,The Promised Neverland,4.0,yearend2024-chartcalcs.ods,Sheet1,23,13,inverse_points_preserve_position
2024,2024-08,8,23,3,"Don’t Toy with Me, Miss Nagatoro",3.0,yearend2024-chartcalcs.ods,Sheet1,29,13,inverse_points_preserve_position
2024,2024-08,8,24,2,Firefighter Daigo: Rescuer in Orange,2.0,yearend2024-chartcalcs.ods,Sheet1,39,13,inverse_points_preserve_position
2024,2024-08,8,25,1,Kaiju Girls,1.0,yearend2024-chartcalcs.ods,Sheet1,47,13,inverse_points_preserve_position
2024,2024-09,9,1,25,The Stephanie Miller Show,25.0,yearend2024-chartcalcs.ods,Sheet1,13,14,inverse_points_preserve_position
2024,2024-09,9,2,24,Wonderful PreCure!,24.0,yearend2024-chartcalcs.ods,Sheet1,8,14,inverse_points_preserve_position
2024,2024-09,9,3,23,The Last Word with Lawrence O’Donnell,23.0,yearend2024-chartcalcs.ods,Sheet1,11,14,inverse_points_preserve_position
2024,2024-09,9,4,22,Monster High,22.0,yearend2024-chartcalcs.ods,Sheet1,14,14,inverse_points_preserve_position
2024,2024-09,9,5,21,How It’s Made,21.0,yearend2024-chartcalcs.ods,Sheet1,12,14,inverse_points_preserve_position
2024,2024-09,9,6,20,Akiba’s Trip the Animation,20.0,yearend2024-chartcalcs.ods,Sheet1,34,14,inverse_points_preserve_position
2024,2024-09,9,7,19,The David Pakman Show,19.0,yearend2024-chartcalcs.ods,Sheet1,19,14,inverse_points_preserve_position
2024,2024-09,9,8,18,Metallic Rouge,18.0,yearend2024-chartcalcs.ods,Sheet1,17,14,inverse_points_preserve_position
2024,2024-09,9,9,17,Frieren: Beyond Journey’s End,17.0,yearend2024-chartcalcs.ods,Sheet1,9,14,inverse_points_preserve_position
2024,2024-09,9,10,16,The Promised Neverland,16.0,yearend2024-chartcalcs.ods,Sheet1,23,14,inverse_points_preserve_position
2024,2024-09,9,11,15,Sword Art Online,15.0,yearend2024-chartcalcs.ods,Sheet1,28,14,inverse_points_preserve_position
2024,2024-09,9,12,14,My Little Pony: Tell Your Tale,14.0,yearend2024-chartcalcs.ods,Sheet1,18,14,inverse_points_preserve_position
2024,2024-09,9,13,13,Mieruko-chan,13.0,yearend2024-chartcalcs.ods,Sheet1,20,14,inverse_points_preserve_position
2024,2024-09,9,14,12,Samurai Rabbit: The Usagi Chronicles,12.0,yearend2024-chartcalcs.ods,Sheet1,10,14,inverse_points_preserve_position
2024,2024-09,9,15,11,Soaring Sky! PreCure,11.0,yearend2024-chartcalcs.ods,Sheet1,15,14,inverse_points_preserve_position
2024,2024-09,9,16,10,The Witch and the Beast,10.0,yearend2024-chartcalcs.ods,Sheet1,25,14,inverse_points_preserve_position
2024,2024-09,9,17,9,Dropkick on My Devil!,9.0,yearend2024-chartcalcs.ods,Sheet1,16,14,inverse_points_preserve_position
2024,2024-09,9,18,8,Fluffy Paradise,8.0,yearend2024-chartcalcs.ods,Sheet1,36,14,inverse_points_preserve_position
2024,2024-09,9,19,7,Tsukimichi: Moonlit Fantasy,7.0,yearend2024-chartcalcs.ods,Sheet1,21,14,inverse_points_preserve_position
2024,2024-09,9,20,6,Tower of God,6.0,yearend2024-chartcalcs.ods,Sheet1,57,14,inverse_points_preserve_position
2024,2024-09,9,21,5,Konohana Kitan,5.0,yearend2024-chartcalcs.ods,Sheet1,26,14,inverse_points_preserve_position
2024,2024-09,9,22,4,Record of Lodoss War,4.0,yearend2024-chartcalcs.ods,Sheet1,42,14,inverse_points_preserve_position
2024,2024-09,9,23,3,Inugami-san to Nekoyama-san,3.0,yearend2024-chartcalcs.ods,Sheet1,24,14,inverse_points_preserve_position
2024,2024-09,9,24,2,Nichijou: My Ordinary Life,2.0,yearend2024-chartcalcs.ods,Sheet1,37,14,inverse_points_preserve_position
2024,2024-09,9,25,1,The Detective Is Already Dead,1.0,yearend2024-chartcalcs.ods,Sheet1,27,14,inverse_points_preserve_position
2024,2024-10,10,1,25,Diary of Our Days At the Breakwater,25.0,yearend2024-chartcalcs.ods,Sheet1,22,15,inverse_points_preserve_position
2024,2024-10,10,2,24,The Stephanie Miller Show,24.0,yearend2024-chartcalcs.ods,Sheet1,13,15,inverse_points_preserve_position
2024,2024-10,10,3,23,The Last Word with Lawrence O’Donnell,23.0,yearend2024-chartcalcs.ods,Sheet1,11,15,inverse_points_preserve_position
2024,2024-10,10,4,22,Shadows House,22.0,yearend2024-chartcalcs.ods,Sheet1,32,15,inverse_points_preserve_position
2024,2024-10,10,5,21,How It’s Made,21.0,yearend2024-chartcalcs.ods,Sheet1,12,15,inverse_points_preserve_position
2024,2024-10,10,6,20,Sword Art Online,20.0,yearend2024-chartcalcs.ods,Sheet1,28,15,inverse_points_preserve_position
2024,2024-10,10,7,19,Metallic Rouge,19.0,yearend2024-chartcalcs.ods,Sheet1,17,15,inverse_points_preserve_position
2024,2024-10,10,8,18,Monster High,18.0,yearend2024-chartcalcs.ods,Sheet1,14,15,inverse_points_preserve_position
2024,2024-10,10,9,17,Wonderful PreCure!,17.0,yearend2024-chartcalcs.ods,Sheet1,8,15,inverse_points_preserve_position
2024,2024-10,10,10,16,Akiba’s Trip the Animation,16.0,yearend2024-chartcalcs.ods,Sheet1,34,15,inverse_points_preserve_position
2024,2024-10,10,11,15,Frieren: Beyond Journey’s End,15.0,yearend2024-chartcalcs.ods,Sheet1,9,15,inverse_points_preserve_position
2024,2024-10,10,12,14,Soaring Sky! PreCure,14.0,yearend2024-chartcalcs.ods,Sheet1,15,15,inverse_points_preserve_position
2024,2024-10,10,13,13,The Promised Neverland,13.0,yearend2024-chartcalcs.ods,Sheet1,23,15,inverse_points_preserve_position
2024,2024-10,10,14,12,My Little Pony: Tell Your Tale,12.0,yearend2024-chartcalcs.ods,Sheet1,18,15,inverse_points_preserve_position
2024,2024-10,10,15,11,Mieruko-chan,11.0,yearend2024-chartcalcs.ods,Sheet1,20,15,inverse_points_preserve_position
2024,2024-10,10,16,10,Samurai Rabbit: The Usagi Chronicles,10.0,yearend2024-chartcalcs.ods,Sheet1,10,15,inverse_points_preserve_position
2024,2024-10,10,17,9,Dropkick on My Devil!,9.0,yearend2024-chartcalcs.ods,Sheet1,16,15,inverse_points_preserve_position
2024,2024-10,10,18,8,The Witch and the Beast,8.0,yearend2024-chartcalcs.ods,Sheet1,25,15,inverse_points_preserve_position
2024,2024-10,10,19,7,Tsukimichi: Moonlit Fantasy,7.0,yearend2024-chartcalcs.ods,Sheet1,21,15,inverse_points_preserve_position
2024,2024-10,10,20,6,Tower of God,6.0,yearend2024-chartcalcs.ods,Sheet1,57,15,inverse_points_preserve_position
2024,2024-10,10,21,5,Konohana Kitan,5.0,yearend2024-chartcalcs.ods,Sheet1,26,15,inverse_points_preserve_position
2024,2024-10,10,22,4,The David Pakman Show,4.0,yearend2024-chartcalcs.ods,Sheet1,19,15,inverse_points_preserve_position
2024,2024-10,10,23,3,Fluffy Paradise,3.0,yearend2024-chartcalcs.ods,Sheet1,36,15,inverse_points_preserve_position
2024,2024-10,10,24,2,Prima Doll,2.0,yearend2024-chartcalcs.ods,Sheet1,65,15,inverse_points_preserve_position
2024,2024-10,10,25,1,Inugami-san to Nekoyama-san,1.0,yearend2024-chartcalcs.ods,Sheet1,24,15,inverse_points_preserve_position
2024,2024-11,11,1,25,Diary of Our Days At the Breakwater,25.0,yearend2024-chartcalcs.ods,Sheet1,22,16,inverse_points_preserve_position
2024,2024-11,11,2,24,The Stephanie Miller Show,24.0,yearend2024-chartcalcs.ods,Sheet1,13,16,inverse_points_preserve_position
2024,2024-11,11,3,23,Shangri-La Frontier,23.0,yearend2024-chartcalcs.ods,Sheet1,33,16,inverse_points_preserve_position
2024,2024-11,11,4,22,Monster High,22.0,yearend2024-chartcalcs.ods,Sheet1,14,16,inverse_points_preserve_position
2024,2024-11,11,5,21,How It’s Made,21.0,yearend2024-chartcalcs.ods,Sheet1,12,16,inverse_points_preserve_position
2024,2024-11,11,6,20,The Last Word with Lawrence O’Donnell,20.0,yearend2024-chartcalcs.ods,Sheet1,11,16,inverse_points_preserve_position
2024,2024-11,11,7,19,Wonderful PreCure!,19.0,yearend2024-chartcalcs.ods,Sheet1,8,16,inverse_points_preserve_position
2024,2024-11,11,8,18,Metallic Rouge,18.0,yearend2024-chartcalcs.ods,Sheet1,17,16,inverse_points_preserve_position
2024,2024-11,11,9,17,Samurai Rabbit: The Usagi Chronicles,17.0,yearend2024-chartcalcs.ods,Sheet1,10,16,inverse_points_preserve_position
2024,2024-11,11,10,16,The Amazing Digital Circus,16.0,yearend2024-chartcalcs.ods,Sheet1,50,16,inverse_points_preserve_position
2024,2024-11,11,11,15,Dropkick on My Devil!,15.0,yearend2024-chartcalcs.ods,Sheet1,16,16,inverse_points_preserve_position
2024,2024-11,11,12,14,Shadows House,14.0,yearend2024-chartcalcs.ods,Sheet1,32,16,inverse_points_preserve_position
2024,2024-11,11,13,13,Sword Art Online,13.0,yearend2024-chartcalcs.ods,Sheet1,28,16,inverse_points_preserve_position
2024,2024-11,11,14,12,Mieruko-chan,12.0,yearend2024-chartcalcs.ods,Sheet1,20,16,inverse_points_preserve_position
2024,2024-11,11,15,11,My Little Pony: Tell Your Tale,11.0,yearend2024-chartcalcs.ods,Sheet1,18,16,inverse_points_preserve_position
2024,2024-11,11,16,10,My Daemon,10.0,yearend2024-chartcalcs.ods,Sheet1,49,16,inverse_points_preserve_position
2024,2024-11,11,17,9,Frieren: Beyond Journey’s End,9.0,yearend2024-chartcalcs.ods,Sheet1,9,16,inverse_points_preserve_position
2024,2024-11,11,18,8,Akiba’s Trip the Animation,8.0,yearend2024-chartcalcs.ods,Sheet1,34,16,inverse_points_preserve_position
2024,2024-11,11,19,7,Soaring Sky! PreCure,7.0,yearend2024-chartcalcs.ods,Sheet1,15,16,inverse_points_preserve_position
2024,2024-11,11,20,6,The Witch and the Beast,6.0,yearend2024-chartcalcs.ods,Sheet1,25,16,inverse_points_preserve_position
2024,2024-11,11,21,5,Miraculous: Tales of Ladybug and Cat Noir,5.0,yearend2024-chartcalcs.ods,Sheet1,38,16,inverse_points_preserve_position
2024,2024-11,11,22,4,Konohana Kitan,4.0,yearend2024-chartcalcs.ods,Sheet1,26,16,inverse_points_preserve_position
2024,2024-11,11,23,3,Tsukimichi: Moonlit Fantasy,3.0,yearend2024-chartcalcs.ods,Sheet1,21,16,inverse_points_preserve_position
2024,2024-11,11,24,2,The Promised Neverland,2.0,yearend2024-chartcalcs.ods,Sheet1,23,16,inverse_points_preserve_position
2024,2024-11,11,25,1,Prima Doll,1.0,yearend2024-chartcalcs.ods,Sheet1,65,16,inverse_points_preserve_position
2024,2024-12,12,1,25,Diary of Our Days At the Breakwater,25.0,yearend2024-chartcalcs.ods,Sheet1,22,17,inverse_points_preserve_position
2024,2024-12,12,2,24,Shangri-La Frontier,24.0,yearend2024-chartcalcs.ods,Sheet1,33,17,inverse_points_preserve_position
2024,2024-12,12,3,23,Wonderful PreCure!,23.0,yearend2024-chartcalcs.ods,Sheet1,8,17,inverse_points_preserve_position
2024,2024-12,12,4,22,Shadows House,22.0,yearend2024-chartcalcs.ods,Sheet1,32,17,inverse_points_preserve_position
2024,2024-12,12,5,21,The Stephanie Miller Show,21.0,yearend2024-chartcalcs.ods,Sheet1,13,17,inverse_points_preserve_position
2024,2024-12,12,6,20,Miraculous: Tales of Ladybug and Cat Noir,20.0,yearend2024-chartcalcs.ods,Sheet1,38,17,inverse_points_preserve_position
2024,2024-12,12,7,19,"Bye, Bye Earth",19.0,yearend2024-chartcalcs.ods,Sheet1,46,17,inverse_points_preserve_position
2024,2024-12,12,8,18,Log Horizon,18.0,yearend2024-chartcalcs.ods,Sheet1,52,17,inverse_points_preserve_position
2024,2024-12,12,9,17,Atelier Ryza: Ever Darkness & The Secret Hideout The Animation,17.0,yearend2024-chartcalcs.ods,Sheet1,55,17,inverse_points_preserve_position
2024,2024-12,12,10,16,Kaiju Girls,16.0,yearend2024-chartcalcs.ods,Sheet1,47,17,inverse_points_preserve_position
2024,2024-12,12,11,15,My Daemon,15.0,yearend2024-chartcalcs.ods,Sheet1,49,17,inverse_points_preserve_position
2024,2024-12,12,12,14,Metallic Rouge,14.0,yearend2024-chartcalcs.ods,Sheet1,17,17,inverse_points_preserve_position
2024,2024-12,12,13,13,The Last Word with Lawrence O’Donnell,13.0,yearend2024-chartcalcs.ods,Sheet1,11,17,inverse_points_preserve_position
2024,2024-12,12,14,12,Gabriel DropOut,12.0,yearend2024-chartcalcs.ods,Sheet1,58,17,inverse_points_preserve_position
2024,2024-12,12,15,11,How It’s Made,11.0,yearend2024-chartcalcs.ods,Sheet1,12,17,inverse_points_preserve_position
2024,2024-12,12,16,10,Monster High,10.0,yearend2024-chartcalcs.ods,Sheet1,14,17,inverse_points_preserve_position
2024,2024-12,12,17,9,Sword Art Online,9.0,yearend2024-chartcalcs.ods,Sheet1,28,17,inverse_points_preserve_position
2024,2024-12,12,18,8,Mieruko-chan,8.0,yearend2024-chartcalcs.ods,Sheet1,20,17,inverse_points_preserve_position
2024,2024-12,12,19,7,The Amazing Digital Circus,7.0,yearend2024-chartcalcs.ods,Sheet1,50,17,inverse_points_preserve_position
2024,2024-12,12,20,6,Frieren: Beyond Journey’s End,6.0,yearend2024-chartcalcs.ods,Sheet1,9,17,inverse_points_preserve_position
2024,2024-12,12,21,5,Dropkick on My Devil!,5.0,yearend2024-chartcalcs.ods,Sheet1,16,17,inverse_points_preserve_position
2024,2024-12,12,22,4,Samurai Rabbit: The Usagi Chronicles,4.0,yearend2024-chartcalcs.ods,Sheet1,10,17,inverse_points_preserve_position
2024,2024-12,12,23,3,My Little Pony: Tell Your Tale,3.0,yearend2024-chartcalcs.ods,Sheet1,18,17,inverse_points_preserve_position
2024,2024-12,12,24,2,Soaring Sky! PreCure,2.0,yearend2024-chartcalcs.ods,Sheet1,15,17,inverse_points_preserve_position
2024,2024-12,12,25,1,The Witch and the Beast,1.0,yearend2024-chartcalcs.ods,Sheet1,25,17,inverse_points_preserve_position
2025,2025-01,1,1,25,Diary of Our Days At the Breakwater,1.0,Top 25 Shows 0125.xls,Sheet1,5,2,standalone_month_chart_position
2025,2025-01,1,2,24,Atelier Ryza: Ever Darkness & The Secret Hideout The Animation,2.0,Top 25 Shows 0125.xls,Sheet1,6,2,standalone_month_chart_position
2025,2025-01,1,3,23,Shadows House,3.0,Top 25 Shows 0125.xls,Sheet1,7,2,standalone_month_chart_position
2025,2025-01,1,4,22,Call of the Night,4.0,Top 25 Shows 0125.xls,Sheet1,8,2,standalone_month_chart_position
2025,2025-01,1,5,21,Metallic Rouge,5.0,Top 25 Shows 0125.xls,Sheet1,9,2,standalone_month_chart_position
2025,2025-01,1,6,20,The Amazing Digital Circus,6.0,Top 25 Shows 0125.xls,Sheet1,10,2,standalone_month_chart_position
2025,2025-01,1,7,19,After School Hanako-kun,7.0,Top 25 Shows 0125.xls,Sheet1,11,2,standalone_month_chart_position
2025,2025-01,1,8,18,Dragonball Daima,8.0,Top 25 Shows 0125.xls,Sheet1,12,2,standalone_month_chart_position
2025,2025-01,1,9,17,Wonderful PreCure!,9.0,Top 25 Shows 0125.xls,Sheet1,13,2,standalone_month_chart_position
2025,2025-01,1,10,16,Gabriel DropOut,10.0,Top 25 Shows 0125.xls,Sheet1,14,2,standalone_month_chart_position
2025,2025-01,1,11,15,Miraculous: Tales of Ladybug and Cat Noir,11.0,Top 25 Shows 0125.xls,Sheet1,15,2,standalone_month_chart_position
2025,2025-01,1,12,14,Shangri-La Frontier,12.0,Top 25 Shows 0125.xls,Sheet1,16,2,standalone_month_chart_position
2025,2025-01,1,13,13,Log Horizon,13.0,Top 25 Shows 0125.xls,Sheet1,17,2,standalone_month_chart_position
2025,2025-01,1,14,12,"Bye, Bye Earth",14.0,Top 25 Shows 0125.xls,Sheet1,18,2,standalone_month_chart_position
2025,2025-01,1,15,11,The Stephanie Miller Show,15.0,Top 25 Shows 0125.xls,Sheet1,19,2,standalone_month_chart_position
2025,2025-01,1,16,10,Kaiju Girls,16.0,Top 25 Shows 0125.xls,Sheet1,20,2,standalone_month_chart_position
2025,2025-01,1,17,9,How It’s Made,17.0,Top 25 Shows 0125.xls,Sheet1,21,2,standalone_month_chart_position
2025,2025-01,1,18,8,Monster High,18.0,Top 25 Shows 0125.xls,Sheet1,22,2,standalone_month_chart_position
2025,2025-01,1,19,7,The Last Word with Lawrence O’Donnell,19.0,Top 25 Shows 0125.xls,Sheet1,23,2,standalone_month_chart_position
2025,2025-01,1,20,6,My Daemon,20.0,Top 25 Shows 0125.xls,Sheet1,24,2,standalone_month_chart_position
2025,2025-01,1,21,5,Soaring Sky! PreCure,21.0,Top 25 Shows 0125.xls,Sheet1,25,2,standalone_month_chart_position
2025,2025-01,1,22,4,Mieruko-chan,22.0,Top 25 Shows 0125.xls,Sheet1,26,2,standalone_month_chart_position
2025,2025-01,1,23,3,Dropkick on My Devil!,23.0,Top 25 Shows 0125.xls,Sheet1,27,2,standalone_month_chart_position
2025,2025-01,1,24,2,Lucky Star,24.0,Top 25 Shows 0125.xls,Sheet1,28,2,standalone_month_chart_position
2025,2025-01,1,25,1,My Little Pony: Tell Your Tale,25.0,Top 25 Shows 0125.xls,Sheet1,29,2,standalone_month_chart_position
